  0
SECTION
  2
HEADER
  9
$ACADVER
  1
AC1032
  9
$ACADMAINTVER
 90
4
  9
$DWGCODEPAGE
  3
ANSI_1252
  9
$LASTSAVEDBY
  1
ezdxf
  9
$REQUIREDVERSIONS
160
0
  9
$INSBASE
 10
0.0
 20
0.0
 30
0.0
  9
$EXTMIN
 10
1e+20
 20
1e+20
 30
1e+20
  9
$EXTMAX
 10
-1e+20
 20
-1e+20
 30
-1e+20
  9
$LIMMIN
 10
0.0
 20
0.0
  9
$LIMMAX
 10
420.0
 20
297.0
  9
$ORTHOMODE
 70
0
  9
$REGENMODE
 70
1
  9
$FILLMODE
 70
1
  9
$QTEXTMODE
 70
0
  9
$MIRRTEXT
 70
1
  9
$LTSCALE
 40
0.25
  9
$ATTMODE
 70
1
  9
$TEXTSIZE
 40
2.5
  9
$TRACEWID
 40
1.0
  9
$TEXTSTYLE
  7
YAZI
  9
$CLAYER
  8
0
  9
$CELTYPE
  6
ByLayer
  9
$CECOLOR
 62
256
  9
$CELTSCALE
 40
1.0
  9
$DISPSILH
 70
0
  9
$DIMSCALE
 40
1.0
  9
$DIMASZ
 40
2.5
  9
$DIMEXO
 40
0.625
  9
$DIMDLI
 40
3.75
  9
$DIMRND
 40
0.0
  9
$DIMDLE
 40
0.0
  9
$DIMEXE
 40
1.25
  9
$DIMTP
 40
0.0
  9
$DIMTM
 40
0.0
  9
$DIMTXT
 40
2.5
  9
$DIMCEN
 40
2.5
  9
$DIMTSZ
 40
0.0
  9
$DIMTOL
 70
0
  9
$DIMLIM
 70
0
  9
$DIMTIH
 70
0
  9
$DIMTOH
 70
0
  9
$DIMSE1
 70
0
  9
$DIMSE2
 70
0
  9
$DIMTAD
 70
1
  9
$DIMZIN
 70
8
  9
$DIMBLK
  1

  9
$DIMASO
 70
1
  9
$DIMSHO
 70
1
  9
$DIMPOST
  1

  9
$DIMAPOST
  1

  9
$DIMALT
 70
0
  9
$DIMALTD
 70
3
  9
$DIMALTF
 40
0.03937007874
  9
$DIMLFAC
 40
1.0
  9
$DIMTOFL
 70
1
  9
$DIMTVP
 40
0.0
  9
$DIMTIX
 70
0
  9
$DIMSOXD
 70
0
  9
$DIMSAH
 70
0
  9
$DIMBLK1
  1

  9
$DIMBLK2
  1

  9
$DIMSTYLE
  2
ISO-25
  9
$DIMCLRD
 70
0
  9
$DIMCLRE
 70
0
  9
$DIMCLRT
 70
0
  9
$DIMTFAC
 40
1.0
  9
$DIMGAP
 40
0.625
  9
$DIMJUST
 70
0
  9
$DIMSD1
 70
0
  9
$DIMSD2
 70
0
  9
$DIMTOLJ
 70
0
  9
$DIMTZIN
 70
8
  9
$DIMALTZ
 70
0
  9
$DIMALTTZ
 70
0
  9
$DIMUPT
 70
0
  9
$DIMDEC
 70
2
  9
$DIMTDEC
 70
2
  9
$DIMALTU
 70
2
  9
$DIMALTTD
 70
3
  9
$DIMTXSTY
  7
Standard
  9
$DIMAUNIT
 70
0
  9
$DIMADEC
 70
0
  9
$DIMALTRND
 40
0.0
  9
$DIMAZIN
 70
0
  9
$DIMDSEP
 70
44
  9
$DIMATFIT
 70
3
  9
$DIMFRAC
 70
0
  9
$DIMLDRBLK
  1

  9
$DIMLUNIT
 70
2
  9
$DIMLWD
 70
-2
  9
$DIMLWE
 70
-2
  9
$DIMTMOVE
 70
0
  9
$DIMFXL
 40
1.0
  9
$DIMFXLON
 70
0
  9
$DIMJOGANG
 40
0.785398163397
  9
$DIMTFILL
 70
0
  9
$DIMTFILLCLR
 70
0
  9
$DIMARCSYM
 70
0
  9
$DIMLTYPE
  6

  9
$DIMLTEX1
  6

  9
$DIMLTEX2
  6

  9
$DIMTXTDIRECTION
 70
0
  9
$LUNITS
 70
2
  9
$LUPREC
 70
4
  9
$SKETCHINC
 40
1.0
  9
$FILLETRAD
 40
10.0
  9
$AUNITS
 70
0
  9
$AUPREC
 70
2
  9
$MENU
  1
.
  9
$ELEVATION
 40
0.0
  9
$PELEVATION
 40
0.0
  9
$THICKNESS
 40
0.0
  9
$LIMCHECK
 70
0
  9
$CHAMFERA
 40
0.0
  9
$CHAMFERB
 40
0.0
  9
$CHAMFERC
 40
0.0
  9
$CHAMFERD
 40
0.0
  9
$SKPOLY
 70
0
  9
$TDCREATE
 40
2461306.5229050927
  9
$TDUCREATE
 40
2458532.153996898
  9
$TDUPDATE
 40
2461306.5229050927
  9
$TDUUPDATE
 40
2458532.1544311
  9
$TDINDWG
 40
0.0
  9
$TDUSRTIMER
 40
0.0
  9
$USRTIMER
 70
1
  9
$ANGBASE
 50
0.0
  9
$ANGDIR
 70
0
  9
$PDMODE
 70
0
  9
$PDSIZE
 40
0.0
  9
$PLINEWID
 40
0.0
  9
$SPLFRAME
 70
0
  9
$SPLINETYPE
 70
6
  9
$SPLINESEGS
 70
8
  9
$HANDSEED
  5
726
  9
$SURFTAB1
 70
6
  9
$SURFTAB2
 70
6
  9
$SURFTYPE
 70
6
  9
$SURFU
 70
6
  9
$SURFV
 70
6
  9
$UCSBASE
  2

  9
$UCSNAME
  2

  9
$UCSORG
 10
0.0
 20
0.0
 30
0.0
  9
$UCSXDIR
 10
1.0
 20
0.0
 30
0.0
  9
$UCSYDIR
 10
0.0
 20
1.0
 30
0.0
  9
$UCSORTHOREF
  2

  9
$UCSORTHOVIEW
 70
0
  9
$UCSORGTOP
 10
0.0
 20
0.0
 30
0.0
  9
$UCSORGBOTTOM
 10
0.0
 20
0.0
 30
0.0
  9
$UCSORGLEFT
 10
0.0
 20
0.0
 30
0.0
  9
$UCSORGRIGHT
 10
0.0
 20
0.0
 30
0.0
  9
$UCSORGFRONT
 10
0.0
 20
0.0
 30
0.0
  9
$UCSORGBACK
 10
0.0
 20
0.0
 30
0.0
  9
$PUCSBASE
  2

  9
$PUCSNAME
  2

  9
$PUCSORG
 10
0.0
 20
0.0
 30
0.0
  9
$PUCSXDIR
 10
1.0
 20
0.0
 30
0.0
  9
$PUCSYDIR
 10
0.0
 20
1.0
 30
0.0
  9
$PUCSORTHOREF
  2

  9
$PUCSORTHOVIEW
 70
0
  9
$PUCSORGTOP
 10
0.0
 20
0.0
 30
0.0
  9
$PUCSORGBOTTOM
 10
0.0
 20
0.0
 30
0.0
  9
$PUCSORGLEFT
 10
0.0
 20
0.0
 30
0.0
  9
$PUCSORGRIGHT
 10
0.0
 20
0.0
 30
0.0
  9
$PUCSORGFRONT
 10
0.0
 20
0.0
 30
0.0
  9
$PUCSORGBACK
 10
0.0
 20
0.0
 30
0.0
  9
$USERI1
 70
0
  9
$USERI2
 70
0
  9
$USERI3
 70
0
  9
$USERI4
 70
0
  9
$USERI5
 70
0
  9
$USERR1
 40
0.0
  9
$USERR2
 40
0.0
  9
$USERR3
 40
0.0
  9
$USERR4
 40
0.0
  9
$USERR5
 40
0.0
  9
$WORLDVIEW
 70
1
  9
$SHADEDGE
 70
3
  9
$SHADEDIF
 70
70
  9
$TILEMODE
 70
1
  9
$MAXACTVP
 70
64
  9
$PINSBASE
 10
0.0
 20
0.0
 30
0.0
  9
$PLIMCHECK
 70
0
  9
$PEXTMIN
 10
1e+20
 20
1e+20
 30
1e+20
  9
$PEXTMAX
 10
-1e+20
 20
-1e+20
 30
-1e+20
  9
$PLIMMIN
 10
-0.0
 20
-0.0
  9
$PLIMMAX
 10
420.0
 20
297.0
  9
$UNITMODE
 70
0
  9
$VISRETAIN
 70
1
  9
$PLINEGEN
 70
0
  9
$PSLTSCALE
 70
1
  9
$TREEDEPTH
 70
3020
  9
$CMLSTYLE
  2
Standard
  9
$CMLJUST
 70
0
  9
$CMLSCALE
 40
20.0
  9
$PROXYGRAPHICS
 70
1
  9
$MEASUREMENT
 70
1
  9
$CELWEIGHT
370
-1
  9
$ENDCAPS
280
0
  9
$JOINSTYLE
280
0
  9
$LWDISPLAY
290
1
  9
$INSUNITS
 70
5
  9
$HYPERLINKBASE
  1

  9
$STYLESHEET
  1

  9
$XEDIT
290
1
  9
$CEPSNTYPE
380
0
  9
$PSTYLEMODE
290
1
  9
$FINGERPRINTGUID
  2
{EF273F21-EEA7-4A17-88B5-58B6C1FD1E70}
  9
$VERSIONGUID
  2
{34B185B8-B416-4B3E-8B61-C12989F9491B}
  9
$EXTNAMES
290
1
  9
$PSVPSCALE
 40
0.0
  9
$OLESTARTUP
290
0
  9
$SORTENTS
280
127
  9
$INDEXCTL
280
0
  9
$HIDETEXT
280
1
  9
$XCLIPFRAME
280
0
  9
$HALOGAP
280
0
  9
$OBSCOLOR
 70
257
  9
$OBSLTYPE
280
0
  9
$INTERSECTIONDISPLAY
280
0
  9
$INTERSECTIONCOLOR
 70
257
  9
$DIMASSOC
280
2
  9
$PROJECTNAME
  1

  9
$CAMERADISPLAY
290
0
  9
$LENSLENGTH
 40
50.0
  9
$CAMERAHEIGHT
 40
0.0
  9
$STEPSPERSEC
 40
24.0
  9
$STEPSIZE
 40
100.0
  9
$3DDWFPREC
 40
2.0
  9
$PSOLWIDTH
 40
0.005
  9
$PSOLHEIGHT
 40
0.08
  9
$LOFTANG1
 40
1.570796326795
  9
$LOFTANG2
 40
1.570796326795
  9
$LOFTMAG1
 40
0.0
  9
$LOFTMAG2
 40
0.0
  9
$LOFTPARAM
 70
7
  9
$LOFTNORMALS
280
1
  9
$LATITUDE
 40
37.795
  9
$LONGITUDE
 40
-122.394
  9
$NORTHDIRECTION
 40
0.0
  9
$TIMEZONE
 70
-8000
  9
$LIGHTGLYPHDISPLAY
280
1
  9
$TILEMODELIGHTSYNCH
280
1
  9
$CMATERIAL
347
20
  9
$SOLIDHIST
280
0
  9
$SHOWHIST
280
1
  9
$DWFFRAME
280
2
  9
$DGNFRAME
280
2
  9
$REALWORLDSCALE
290
1
  9
$INTERFERECOLOR
 62
256
  9
$CSHADOW
280
0
  9
$SHADOWPLANELOCATION
 40
0.0
  0
ENDSEC
  0
SECTION
  2
CLASSES
  0
CLASS
  1
ACDBDICTIONARYWDFLT
  2
AcDbDictionaryWithDefault
  3
ObjectDBX Classes
 90
0
 91
0
280
0
281
0
  0
CLASS
  1
SUN
  2
AcDbSun
  3
SCENEOE
 90
1153
 91
0
280
0
281
0
  0
CLASS
  1
VISUALSTYLE
  2
AcDbVisualStyle
  3
ObjectDBX Classes
 90
4095
 91
0
280
0
281
0
  0
CLASS
  1
MATERIAL
  2
AcDbMaterial
  3
ObjectDBX Classes
 90
1153
 91
0
280
0
281
0
  0
CLASS
  1
SCALE
  2
AcDbScale
  3
ObjectDBX Classes
 90
1153
 91
0
280
0
281
0
  0
CLASS
  1
TABLESTYLE
  2
AcDbTableStyle
  3
ObjectDBX Classes
 90
4095
 91
0
280
0
281
0
  0
CLASS
  1
MLEADERSTYLE
  2
AcDbMLeaderStyle
  3
ACDB_MLEADERSTYLE_CLASS
 90
4095
 91
0
280
0
281
0
  0
CLASS
  1
DICTIONARYVAR
  2
AcDbDictionaryVar
  3
ObjectDBX Classes
 90
0
 91
0
280
0
281
0
  0
CLASS
  1
CELLSTYLEMAP
  2
AcDbCellStyleMap
  3
ObjectDBX Classes
 90
1152
 91
0
280
0
281
0
  0
CLASS
  1
MENTALRAYRENDERSETTINGS
  2
AcDbMentalRayRenderSettings
  3
SCENEOE
 90
1024
 91
0
280
0
281
0
  0
CLASS
  1
ACDBDETAILVIEWSTYLE
  2
AcDbDetailViewStyle
  3
ObjectDBX Classes
 90
1025
 91
0
280
0
281
0
  0
CLASS
  1
ACDBSECTIONVIEWSTYLE
  2
AcDbSectionViewStyle
  3
ObjectDBX Classes
 90
1025
 91
0
280
0
281
0
  0
CLASS
  1
RASTERVARIABLES
  2
AcDbRasterVariables
  3
ISM
 90
0
 91
0
280
0
281
0
  0
CLASS
  1
LAYOUT
  2
AcDbLayout
  3
ObjectDBX Classes
 90
0
 91
0
280
0
281
0
  0
CLASS
  1
ACDBPLACEHOLDER
  2
AcDbPlaceHolder
  3
ObjectDBX Classes
 90
0
 91
0
280
0
281
0
  0
ENDSEC
  0
SECTION
  2
TABLES
  0
TABLE
  2
VPORT
  5
8
330
0
100
AcDbSymbolTable
 70
1
  0
VPORT
  5
23
330
8
100
AcDbSymbolTableRecord
100
AcDbViewportTableRecord
  2
*Active
 70
0
 10
0.0
 20
0.0
 11
1.0
 21
1.0
 12
0.0
 22
0.0
 13
0.0
 23
0.0
 14
0.5
 24
0.5
 15
0.5
 25
0.5
 16
0.0
 26
0.0
 36
1.0
 17
0.0
 27
0.0
 37
0.0
 40
1000.0
 41
1.34
 42
50.0
 43
0.0
 44
0.0
 50
0.0
 51
0.0
 71
0
 72
1000
 73
1
 74
3
 75
0
 76
0
 77
0
 78
0
281
0
 65
0
146
0.0
  0
ENDTAB
  0
TABLE
  2
LTYPE
  5
2
330
0
100
AcDbSymbolTable
 70
7
  0
LTYPE
  5
24
330
2
100
AcDbSymbolTableRecord
100
AcDbLinetypeTableRecord
  2
ByBlock
 70
0
  3

 72
65
 73
0
 40
0.0
  0
LTYPE
  5
25
330
2
100
AcDbSymbolTableRecord
100
AcDbLinetypeTableRecord
  2
ByLayer
 70
0
  3

 72
65
 73
0
 40
0.0
  0
LTYPE
  5
26
330
2
100
AcDbSymbolTableRecord
100
AcDbLinetypeTableRecord
  2
Continuous
 70
0
  3

 72
65
 73
0
 40
0.0
  0
LTYPE
  5
48
330
2
100
AcDbSymbolTableRecord
100
AcDbLinetypeTableRecord
  2
ACAD_ISO02W100
 70
0
  3
ISO kesik __ __ __
 72
65
 73
2
 40
15.0
 49
12.0
 74
0
 49
-3.0
 74
0
  0
LTYPE
  5
49
330
2
100
AcDbSymbolTableRecord
100
AcDbLinetypeTableRecord
  2
ACAD_ISO03W100
 70
0
  3
ISO kesik boşluk __    __
 72
65
 73
2
 40
30.0
 49
12.0
 74
0
 49
-18.0
 74
0
  0
LTYPE
  5
4A
330
2
100
AcDbSymbolTableRecord
100
AcDbLinetypeTableRecord
  2
ACAD_ISO04W100
 70
0
  3
ISO uzun kesik nokta ____ . ____
 72
65
 73
4
 40
30.0
 49
24.0
 74
0
 49
-3.0
 74
0
 49
0.0
 74
0
 49
-3.0
 74
0
  0
LTYPE
  5
4B
330
2
100
AcDbSymbolTableRecord
100
AcDbLinetypeTableRecord
  2
ACAD_ISO07W100
 70
0
  3
ISO nokta . . . .
 72
65
 73
2
 40
3.0
 49
0.0
 74
0
 49
-3.0
 74
0
  0
ENDTAB
  0
TABLE
  2
LAYER
  5
1
330
0
100
AcDbSymbolTable
 70
43
  0
LAYER
  5
27
330
1
100
AcDbSymbolTableRecord
100
AcDbLayerTableRecord
  2
0
 70
0
 62
7
  6
Continuous
370
-3
390
13
347
21
  0
LAYER
  5
28
330
1
100
AcDbSymbolTableRecord
100
AcDbLayerTableRecord
  2
Defpoints
 70
0
 62
7
  6
Continuous
290
0
370
-3
390
13
347
21
  0
LAYER
  5
50
330
1
100
AcDbSymbolTableRecord
100
AcDbLayerTableRecord
  2
M-KALD-TAS-T
 70
0
 62
8
  6
Continuous
370
5
390
13
347
21
1001
AcAecLayerStandard
1000

1000
Dış zemin: teras, giriş sahanlığı, basamaklar — tarama
  0
LAYER
  5
53
330
1
100
AcDbSymbolTableRecord
100
AcDbLayerTableRecord
  2
M-KALD-TAS
 70
0
 62
45
  6
Continuous
370
9
390
13
347
21
1001
AcAecLayerStandard
1000

1000
Dış zemin: teras, giriş sahanlığı, basamaklar
  0
LAYER
  5
55
330
1
100
AcDbSymbolTableRecord
100
AcDbLayerTableRecord
  2
M-GOST-IZDUSUM
 70
0
 62
80
  6
ACAD_ISO07W100
370
18
390
13
347
21
1001
AcAecLayerStandard
1000

1000
Üstte kalan / görünmeyen izdüşüm (saçak, pergola, üst kol)
  0
LAYER
  5
59
330
1
100
AcDbSymbolTableRecord
100
AcDbLayerTableRecord
  2
M-GOST-YAZI
 70
0
 62
2
  6
Continuous
370
9
390
13
347
21
1001
AcAecLayerStandard
1000

1000
Genel yazılar, başlıklar, malzeme notları
  0
LAYER
  5
69
330
1
100
AcDbSymbolTableRecord
100
AcDbLayerTableRecord
  2
M-ISIK-GALVANIZ-T
 70
0
 62
8
  6
Continuous
370
5
390
13
347
21
1001
AcAecLayerStandard
1000

1000
Bodrum ışıklıkları ve galvaniz ızgara — tarama
  0
LAYER
  5
6B
330
1
100
AcDbSymbolTableRecord
100
AcDbLayerTableRecord
  2
M-ISIK-GALVANIZ
 70
0
 62
150
  6
Continuous
370
9
390
13
347
21
1001
AcAecLayerStandard
1000

1000
Bodrum ışıklıkları ve galvaniz ızgara
  0
LAYER
  5
75
330
1
100
AcDbSymbolTableRecord
100
AcDbLayerTableRecord
  2
M-ZMNK-DOGALTAS-T
 70
0
 62
8
  6
Continuous
370
5
390
13
347
21
1001
AcAecLayerStandard
1000

1000
Zemin kaplama: traverten / doğal taş — tarama
  0
LAYER
  5
78
330
1
100
AcDbSymbolTableRecord
100
AcDbLayerTableRecord
  2
M-SAFT-TESISAT-T
 70
0
 62
8
  6
Continuous
370
5
390
13
347
21
1001
AcAecLayerStandard
1000

1000
Tesisat şaftı — tarama
  0
LAYER
  5
7A
330
1
100
AcDbSymbolTableRecord
100
AcDbLayerTableRecord
  2
M-ZMNK-SERAMIK-T
 70
0
 62
8
  6
Continuous
370
5
390
13
347
21
1001
AcAecLayerStandard
1000

1000
Zemin kaplama: porselen / seramik — tarama
  0
LAYER
  5
83
330
1
100
AcDbSymbolTableRecord
100
AcDbLayerTableRecord
  2
M-TEFR-MIMARI
 70
0
 62
29
  6
Continuous
370
9
390
13
347
21
1001
AcAecLayerStandard
1000

1000
Mobilya / tefriş
  0
LAYER
  5
98
330
1
100
AcDbSymbolTableRecord
100
AcDbLayerTableRecord
  2
M-TEFR-MEKANIK
 70
0
 62
238
  6
Continuous
370
9
390
13
347
21
1001
AcAecLayerStandard
1000

1000
Vitrifiye, mutfak ve mekanik ekipman, asansör
  0
LAYER
  5
110
330
1
100
AcDbSymbolTableRecord
100
AcDbLayerTableRecord
  2
M-MERD-BETONARME
 70
0
 62
6
  6
Continuous
370
18
390
13
347
21
1001
AcAecLayerStandard
1000

1000
Merdiven kolları, basamaklar, sahanlık
  0
LAYER
  5
121
330
1
100
AcDbSymbolTableRecord
100
AcDbLayerTableRecord
  2
M-MERD-BETONARME-T
 70
0
 62
8
  6
Continuous
370
5
390
13
347
21
1001
AcAecLayerStandard
1000

1000
Merdiven kolları, basamaklar, sahanlık — tarama
  0
LAYER
  5
123
330
1
100
AcDbSymbolTableRecord
100
AcDbLayerTableRecord
  2
M-GOST-MERDIVEPOZ
 70
0
 62
145
  6
Continuous
370
9
390
13
347
21
1001
AcAecLayerStandard
1000

1000
Merdiven çıkış oku, basamak numaraları
  0
LAYER
  5
13B
330
1
100
AcDbSymbolTableRecord
100
AcDbLayerTableRecord
  2
M-DUVA-GAZBETON
 70
0
 62
64
  6
Continuous
370
20
390
13
347
21
1001
AcAecLayerStandard
1000

1000
Gazbeton duvar (dış 25 cm, iç 13,5 cm)
  0
LAYER
  5
165
330
1
100
AcDbSymbolTableRecord
100
AcDbLayerTableRecord
  2
M-TASI-BETONARME
 70
0
 62
5
  6
Continuous
370
35
390
13
347
21
1001
AcAecLayerStandard
1000

1000
Betonarme kolon, perde, kiriş, döşeme, temel (kesilen)
  0
LAYER
  5
17B
330
1
100
AcDbSymbolTableRecord
100
AcDbLayerTableRecord
  2
M-DUVA-GAZBETON-T
 70
0
 62
8
  6
Continuous
370
5
390
13
347
21
1001
AcAecLayerStandard
1000

1000
Gazbeton duvar (dış 25 cm, iç 13,5 cm) — tarama
  0
LAYER
  5
1A5
330
1
100
AcDbSymbolTableRecord
100
AcDbLayerTableRecord
  2
M-TASI-BETONARME-T
 70
0
 62
250
  6
Continuous
370
5
390
13
347
21
1001
AcAecLayerStandard
1000

1000
Betonarme kolon, perde, kiriş, döşeme, temel (kesilen) — tarama
  0
LAYER
  5
1BB
330
1
100
AcDbSymbolTableRecord
100
AcDbLayerTableRecord
  2
M-ISYA-TASYUNU-T
 70
0
 62
8
  6
Continuous
370
5
390
13
347
21
1001
AcAecLayerStandard
1000

1000
Isı yalıtımı (taşyünü / XPS) ve su yalıtımı — tarama
  0
LAYER
  5
1BC
330
1
100
AcDbSymbolTableRecord
100
AcDbLayerTableRecord
  2
M-ISYA-TASYUNU
 70
0
 62
251
  6
Continuous
370
9
390
13
347
21
1001
AcAecLayerStandard
1000

1000
Isı yalıtımı (taşyünü / XPS) ve su yalıtımı
  0
LAYER
  5
1D0
330
1
100
AcDbSymbolTableRecord
100
AcDbLayerTableRecord
  2
M-KORK-CAM
 70
0
 62
100
  6
Continuous
370
9
390
13
347
21
1001
AcAecLayerStandard
1000

1000
Cam korkuluk ve küpeşte
  0
LAYER
  5
1D3
330
1
100
AcDbSymbolTableRecord
100
AcDbLayerTableRecord
  2
M-KPKN-AHSAP
 70
0
 62
93
  6
Continuous
370
9
390
13
347
21
1001
AcAecLayerStandard
1000

1000
Kapı kanadı
  0
LAYER
  5
1D5
330
1
100
AcDbSymbolTableRecord
100
AcDbLayerTableRecord
  2
M-GOST-ACYONU
 70
0
 62
248
  6
ACAD_ISO07W100
370
9
390
13
347
21
1001
AcAecLayerStandard
1000

1000
Kapı açılım yayı
  0
LAYER
  5
1D7
330
1
100
AcDbSymbolTableRecord
100
AcDbLayerTableRecord
  2
M-KPKS-AHSAP
 70
0
 62
160
  6
Continuous
370
9
390
13
347
21
1001
AcAecLayerStandard
1000

1000
Kapı kasası
  0
LAYER
  5
1FA
330
1
100
AcDbSymbolTableRecord
100
AcDbLayerTableRecord
  2
M-GOST-KAPIPOZ
 70
0
 62
95
  6
Continuous
370
9
390
13
347
21
1001
AcAecLayerStandard
1000

1000
Kapı poz etiketleri
  0
LAYER
  5
213
330
1
100
AcDbSymbolTableRecord
100
AcDbLayerTableRecord
  2
M-PNKS-ALUMINYUM
 70
0
 62
171
  6
Continuous
370
9
390
13
347
21
1001
AcAecLayerStandard
1000

1000
Pencere / doğrama kasası ve kanadı (alüminyum)
  0
LAYER
  5
263
330
1
100
AcDbSymbolTableRecord
100
AcDbLayerTableRecord
  2
M-GOST-PENCEREPOZ
 70
0
 62
62
  6
Continuous
370
9
390
13
347
21
1001
AcAecLayerStandard
1000

1000
Pencere poz etiketleri
  0
LAYER
  5
298
330
1
100
AcDbSymbolTableRecord
100
AcDbLayerTableRecord
  2
M-BACA-TUGLA-T
 70
0
 62
8
  6
Continuous
370
5
390
13
347
21
1001
AcAecLayerStandard
1000

1000
Baca ve şömine — tarama
  0
LAYER
  5
299
330
1
100
AcDbSymbolTableRecord
100
AcDbLayerTableRecord
  2
M-BACA-TUGLA
 70
0
 62
116
  6
Continuous
370
9
390
13
347
21
1001
AcAecLayerStandard
1000

1000
Baca ve şömine
  0
LAYER
  5
2A1
330
1
100
AcDbSymbolTableRecord
100
AcDbLayerTableRecord
  2
M-GOST-MAHALPOZ
 70
0
 62
7
  6
Continuous
370
9
390
13
347
21
1001
AcAecLayerStandard
1000

1000
Mahal adı, numarası, alanı, kaplaması
  0
LAYER
  5
2C9
330
1
100
AcDbSymbolTableRecord
100
AcDbLayerTableRecord
  2
M-GOST-PLANKOT
 70
0
 62
46
  6
Continuous
370
9
390
13
347
21
1001
AcAecLayerStandard
1000

1000
Plan kotları
  0
LAYER
  5
2D6
330
1
100
AcDbSymbolTableRecord
100
AcDbLayerTableRecord
  2
M-GOST-DISOLCU
 70
0
 62
40
  6
Continuous
370
9
390
13
347
21
1001
AcAecLayerStandard
1000

1000
Dış ölçüler (ölçü nesneleri)
  0
LAYER
  5
3BD
330
1
100
AcDbSymbolTableRecord
100
AcDbLayerTableRecord
  2
M-GOST-AKS
 70
0
 62
1
  6
ACAD_ISO04W100
370
9
390
13
347
21
1001
AcAecLayerStandard
1000

1000
Aks çizgileri
  0
LAYER
  5
3BF
330
1
100
AcDbSymbolTableRecord
100
AcDbLayerTableRecord
  2
M-GOST-AKSPOZ
 70
0
 62
1
  6
Continuous
370
9
390
13
347
21
1001
AcAecLayerStandard
1000

1000
Aks balonları
  0
LAYER
  5
5F4
330
1
100
AcDbSymbolTableRecord
100
AcDbLayerTableRecord
  2
M-GOST-ICOLCU
 70
0
 62
44
  6
Continuous
370
9
390
13
347
21
1001
AcAecLayerStandard
1000

1000
İç ölçüler (ölçü nesneleri)
  0
LAYER
  5
6A9
330
1
100
AcDbSymbolTableRecord
100
AcDbLayerTableRecord
  2
M-GOST-KESITHATTI
 70
0
 62
240
  6
ACAD_ISO04W100
370
18
390
13
347
21
1001
AcAecLayerStandard
1000

1000
Kesit hattı ve okları
  0
LAYER
  5
6B8
330
1
100
AcDbSymbolTableRecord
100
AcDbLayerTableRecord
  2
M-GOST-ANTETYAZI
 70
0
 62
177
  6
Continuous
370
9
390
13
347
21
1001
AcAecLayerStandard
1000

1000
Antet yazıları, notlar, pafta başlıkları (layout)
  0
LAYER
  5
6C9
330
1
100
AcDbSymbolTableRecord
100
AcDbLayerTableRecord
  2
M-GOST-ANTET
 70
0
 62
176
  6
Continuous
370
25
390
13
347
21
1001
AcAecLayerStandard
1000

1000
Pafta çerçevesi ve antet (layout)
  0
LAYER
  5
6D4
330
1
100
AcDbSymbolTableRecord
100
AcDbLayerTableRecord
  2
M-GOST-LEJANT
 70
0
 62
173
  6
Continuous
370
9
390
13
347
21
1001
AcAecLayerStandard
1000

1000
Lejant sembolleri
  0
LAYER
  5
6FC
330
1
100
AcDbSymbolTableRecord
100
AcDbLayerTableRecord
  2
M-GOST-KUZEYOKU
 70
0
 62
1
  6
Continuous
370
9
390
13
347
21
1001
AcAecLayerStandard
1000

1000
Kuzey oku
  0
LAYER
  5
721
330
1
100
AcDbSymbolTableRecord
100
AcDbLayerTableRecord
  2
M-GOST-VPORT
 70
0
 62
8
  6
Continuous
290
0
370
9
390
13
347
21
1001
AcAecLayerStandard
1000

1000
Viewport çerçeveleri — yazdırılmaz
  0
ENDTAB
  0
TABLE
  2
STYLE
  5
5
330
0
100
AcDbSymbolTable
 70
28
  0
STYLE
  5
29
330
5
100
AcDbSymbolTableRecord
100
AcDbTextStyleTableRecord
  2
Standard
 70
0
 40
0.0
 41
1.0
 50
0.0
 71
0
 42
2.5
  3
txt
  4

  0
STYLE
  5
2F
330
5
100
AcDbSymbolTableRecord
100
AcDbTextStyleTableRecord
  2
OpenSans-Light
 70
0
 40
0.0
 41
1.0
 50
0.0
 71
0
 42
2.5
  3
OpenSans-Light.ttf
  4

  0
STYLE
  5
30
330
5
100
AcDbSymbolTableRecord
100
AcDbTextStyleTableRecord
  2
OpenSans-Light-Italic
 70
0
 40
0.0
 41
1.0
 50
0.0
 71
0
 42
2.5
  3
OpenSans-LightItalic.ttf
  4

  0
STYLE
  5
31
330
5
100
AcDbSymbolTableRecord
100
AcDbTextStyleTableRecord
  2
OpenSans
 70
0
 40
0.0
 41
1.0
 50
0.0
 71
0
 42
2.5
  3
OpenSans-Regular.ttf
  4

  0
STYLE
  5
32
330
5
100
AcDbSymbolTableRecord
100
AcDbTextStyleTableRecord
  2
OpenSans-Italic
 70
0
 40
0.0
 41
1.0
 50
0.0
 71
0
 42
2.5
  3
OpenSans-Italic.ttf
  4

  0
STYLE
  5
33
330
5
100
AcDbSymbolTableRecord
100
AcDbTextStyleTableRecord
  2
OpenSans-SemiBold
 70
0
 40
0.0
 41
1.0
 50
0.0
 71
0
 42
2.5
  3
OpenSans-SemiBold.ttf
  4

  0
STYLE
  5
34
330
5
100
AcDbSymbolTableRecord
100
AcDbTextStyleTableRecord
  2
OpenSans-SemiBoldItalic
 70
0
 40
0.0
 41
1.0
 50
0.0
 71
0
 42
2.5
  3
OpenSans-SemiBoldItalic.ttf
  4

  0
STYLE
  5
35
330
5
100
AcDbSymbolTableRecord
100
AcDbTextStyleTableRecord
  2
OpenSans-Bold
 70
0
 40
0.0
 41
1.0
 50
0.0
 71
0
 42
2.5
  3
OpenSans-Bold.ttf
  4

  0
STYLE
  5
36
330
5
100
AcDbSymbolTableRecord
100
AcDbTextStyleTableRecord
  2
OpenSans-BoldItalic
 70
0
 40
0.0
 41
1.0
 50
0.0
 71
0
 42
2.5
  3
OpenSans-BoldItalic.ttf
  4

  0
STYLE
  5
37
330
5
100
AcDbSymbolTableRecord
100
AcDbTextStyleTableRecord
  2
OpenSans-ExtraBold
 70
0
 40
0.0
 41
1.0
 50
0.0
 71
0
 42
2.5
  3
OpenSans-ExtraBold.ttf
  4

  0
STYLE
  5
38
330
5
100
AcDbSymbolTableRecord
100
AcDbTextStyleTableRecord
  2
OpenSans-ExtraBoldItalic
 70
0
 40
0.0
 41
1.0
 50
0.0
 71
0
 42
2.5
  3
OpenSans-ExtraBoldItalic.ttf
  4

  0
STYLE
  5
39
330
5
100
AcDbSymbolTableRecord
100
AcDbTextStyleTableRecord
  2
OpenSansCondensed-Bold
 70
0
 40
0.0
 41
1.0
 50
0.0
 71
0
 42
2.5
  3
OpenSansCondensed-Bold.ttf
  4

  0
STYLE
  5
3A
330
5
100
AcDbSymbolTableRecord
100
AcDbTextStyleTableRecord
  2
OpenSansCondensed-Light
 70
0
 40
0.0
 41
1.0
 50
0.0
 71
0
 42
2.5
  3
OpenSansCondensed-Light.ttf
  4

  0
STYLE
  5
3B
330
5
100
AcDbSymbolTableRecord
100
AcDbTextStyleTableRecord
  2
OpenSansCondensed-Italic
 70
0
 40
0.0
 41
1.0
 50
0.0
 71
0
 42
2.5
  3
OpenSansCondensed-LightItalic.ttf
  4

  0
STYLE
  5
3C
330
5
100
AcDbSymbolTableRecord
100
AcDbTextStyleTableRecord
  2
LiberationSans
 70
0
 40
0.0
 41
1.0
 50
0.0
 71
0
 42
2.5
  3
LiberationSans-Regular.ttf
  4

  0
STYLE
  5
3D
330
5
100
AcDbSymbolTableRecord
100
AcDbTextStyleTableRecord
  2
LiberationSans-Bold
 70
0
 40
0.0
 41
1.0
 50
0.0
 71
0
 42
2.5
  3
LiberationSans-Bold.ttf
  4

  0
STYLE
  5
3E
330
5
100
AcDbSymbolTableRecord
100
AcDbTextStyleTableRecord
  2
LiberationSans-BoldItalic
 70
0
 40
0.0
 41
1.0
 50
0.0
 71
0
 42
2.5
  3
LiberationSans-BoldItalic.ttf
  4

  0
STYLE
  5
3F
330
5
100
AcDbSymbolTableRecord
100
AcDbTextStyleTableRecord
  2
LiberationSans-Italic
 70
0
 40
0.0
 41
1.0
 50
0.0
 71
0
 42
2.5
  3
LiberationSans-Italic.ttf
  4

  0
STYLE
  5
40
330
5
100
AcDbSymbolTableRecord
100
AcDbTextStyleTableRecord
  2
LiberationSerif
 70
0
 40
0.0
 41
1.0
 50
0.0
 71
0
 42
2.5
  3
LiberationSerif-Regular.ttf
  4

  0
STYLE
  5
41
330
5
100
AcDbSymbolTableRecord
100
AcDbTextStyleTableRecord
  2
LiberationSerif-Bold
 70
0
 40
0.0
 41
1.0
 50
0.0
 71
0
 42
2.5
  3
LiberationSerif-Bold.ttf
  4

  0
STYLE
  5
42
330
5
100
AcDbSymbolTableRecord
100
AcDbTextStyleTableRecord
  2
LiberationSerif-BoldItalic
 70
0
 40
0.0
 41
1.0
 50
0.0
 71
0
 42
2.5
  3
LiberationSerif-BoldItalic.ttf
  4

  0
STYLE
  5
43
330
5
100
AcDbSymbolTableRecord
100
AcDbTextStyleTableRecord
  2
LiberationSerif-Italic
 70
0
 40
0.0
 41
1.0
 50
0.0
 71
0
 42
2.5
  3
LiberationSerif-Italic.ttf
  4

  0
STYLE
  5
44
330
5
100
AcDbSymbolTableRecord
100
AcDbTextStyleTableRecord
  2
LiberationMono
 70
0
 40
0.0
 41
1.0
 50
0.0
 71
0
 42
2.5
  3
LiberationMono-Regular.ttf
  4

  0
STYLE
  5
45
330
5
100
AcDbSymbolTableRecord
100
AcDbTextStyleTableRecord
  2
LiberationMono-Bold
 70
0
 40
0.0
 41
1.0
 50
0.0
 71
0
 42
2.5
  3
LiberationMono-Bold.ttf
  4

  0
STYLE
  5
46
330
5
100
AcDbSymbolTableRecord
100
AcDbTextStyleTableRecord
  2
LiberationMono-BoldItalic
 70
0
 40
0.0
 41
1.0
 50
0.0
 71
0
 42
2.5
  3
LiberationMono-BoldItalic.ttf
  4

  0
STYLE
  5
47
330
5
100
AcDbSymbolTableRecord
100
AcDbTextStyleTableRecord
  2
LiberationMono-Italic
 70
0
 40
0.0
 41
1.0
 50
0.0
 71
0
 42
2.5
  3
LiberationMono-Italic.ttf
  4

  0
STYLE
  5
4C
330
5
100
AcDbSymbolTableRecord
100
AcDbTextStyleTableRecord
  2
YAZI
 70
0
 40
0.0
 41
1.0
 50
0.0
 71
0
 42
2.5
  3
arialn.ttf
  4

  0
STYLE
  5
4D
330
5
100
AcDbSymbolTableRecord
100
AcDbTextStyleTableRecord
  2
YAZI-KALIN
 70
0
 40
0.0
 41
1.0
 50
0.0
 71
0
 42
2.5
  3
arialnb.ttf
  4

  0
ENDTAB
  0
TABLE
  2
VIEW
  5
7
330
0
100
AcDbSymbolTable
 70
0
  0
ENDTAB
  0
TABLE
  2
UCS
  5
6
330
0
100
AcDbSymbolTable
 70
0
  0
ENDTAB
  0
TABLE
  2
APPID
  5
3
330
0
100
AcDbSymbolTable
 70
4
  0
APPID
  5
2A
330
3
100
AcDbSymbolTableRecord
100
AcDbRegAppTableRecord
  2
ACAD
 70
0
  0
APPID
  5
51
330
3
100
AcDbSymbolTableRecord
100
AcDbRegAppTableRecord
  2
AcAecLayerStandard
 70
0
  0
APPID
  5
723
330
3
100
AcDbSymbolTableRecord
100
AcDbRegAppTableRecord
  2
HATCHBACKGROUNDCOLOR
 70
0
  0
APPID
  5
724
330
3
100
AcDbSymbolTableRecord
100
AcDbRegAppTableRecord
  2
EZDXF
 70
0
  0
ENDTAB
  0
TABLE
  2
DIMSTYLE
  5
4
330
0
100
AcDbSymbolTable
 70
3
100
AcDbDimStyleTable
  0
DIMSTYLE
105
2B
330
4
100
AcDbSymbolTableRecord
100
AcDbDimStyleTableRecord
  2
Standard
 70
0
 40
1.0
 41
2.5
 42
0.625
 43
3.75
 44
1.25
 45
0.0
 46
0.0
 47
0.0
 48
0.0
 49
2.5
140
2.5
141
2.5
142
0.0
143
0.03937007874
144
1.0
145
0.0
146
1.0
147
0.625
148
0.0
 69
0
 70
0
 71
0
 72
0
 73
0
 74
0
 75
0
 76
0
 77
1
 78
8
 79
3
170
0
171
3
172
1
173
0
174
0
175
0
176
0
177
0
178
0
179
2
271
2
272
2
273
2
274
3
275
0
276
0
277
2
278
44
279
0
280
0
281
0
282
0
283
0
284
8
285
0
286
0
288
0
289
3
290
0
371
-2
372
-2
  0
DIMSTYLE
105
4E
330
4
100
AcDbSymbolTableRecord
100
AcDbDimStyleTableRecord
  2
MIMARI
 70
0
 40
1.0
 41
2.5
 42
0.0
 43
3.75
 44
1.2
 45
0.0
 46
0.0
 47
0.0
 48
0.0
 49
2.5
140
1.296
141
2.5
142
0.8
143
0.03937007874
144
1.0
145
0.0
146
1.0
147
0.5
148
0.0
 69
0
 70
0
 71
0
 72
0
 73
0
 74
0
 75
0
 76
0
 77
1
 78
8
 79
3
170
0
171
3
172
1
173
0
174
0
175
0
176
256
177
256
178
256
179
2
271
0
272
2
273
2
274
3
275
0
276
0
277
2
278
44
279
0
280
0
281
0
282
0
283
0
284
8
285
0
286
0
288
0
289
3
290
0
340
4C
371
-2
372
-2
  0
DIMSTYLE
105
2D7
330
4
100
AcDbSymbolTableRecord
100
AcDbDimStyleTableRecord
  2
MIMARI-1-100
 70
0
 40
10.0
 41
2.5
 42
0.0
 43
3.75
 44
1.2
 45
0.0
 46
0.0
 47
0.0
 48
0.0
 49
2.5
140
1.296
141
2.5
142
0.8
143
0.03937007874
144
1.0
145
0.0
146
1.0
147
0.5
148
0.0
 69
0
 70
0
 71
0
 72
0
 73
0
 74
0
 75
0
 76
0
 77
1
 78
8
 79
3
170
0
171
3
172
1
173
0
174
0
175
0
176
256
177
256
178
256
179
2
271
0
272
2
273
2
274
3
275
0
276
0
277
2
278
44
279
0
280
0
281
0
282
0
283
0
284
8
285
0
286
0
288
0
289
3
290
0
340
4C
371
-2
372
-2
  0
ENDTAB
  0
TABLE
  2
BLOCK_RECORD
  5
9
330
0
100
AcDbSymbolTable
 70
65
  0
BLOCK_RECORD
  5
17
330
9
100
AcDbSymbolTableRecord
100
AcDbBlockTableRecord
  2
*Model_Space
340
1A
 70
0
280
1
281
0
  0
BLOCK_RECORD
  5
1B
330
9
100
AcDbSymbolTableRecord
100
AcDbBlockTableRecord
  2
*Paper_Space
340
1E
 70
0
280
1
281
0
  0
BLOCK_RECORD
  5
2D9
330
9
100
AcDbSymbolTableRecord
100
AcDbBlockTableRecord
  2
*D1
340
0
 70
0
280
1
281
0
  0
BLOCK_RECORD
  5
2DE
330
9
100
AcDbSymbolTableRecord
100
AcDbBlockTableRecord
  2
_OBLIQUE
340
0
 70
0
280
1
281
0
  0
BLOCK_RECORD
  5
2EC
330
9
100
AcDbSymbolTableRecord
100
AcDbBlockTableRecord
  2
*D2
340
0
 70
0
280
1
281
0
  0
BLOCK_RECORD
  5
2FB
330
9
100
AcDbSymbolTableRecord
100
AcDbBlockTableRecord
  2
*D3
340
0
 70
0
280
1
281
0
  0
BLOCK_RECORD
  5
30A
330
9
100
AcDbSymbolTableRecord
100
AcDbBlockTableRecord
  2
*D4
340
0
 70
0
280
1
281
0
  0
BLOCK_RECORD
  5
319
330
9
100
AcDbSymbolTableRecord
100
AcDbBlockTableRecord
  2
*D5
340
0
 70
0
280
1
281
0
  0
BLOCK_RECORD
  5
328
330
9
100
AcDbSymbolTableRecord
100
AcDbBlockTableRecord
  2
*D6
340
0
 70
0
280
1
281
0
  0
BLOCK_RECORD
  5
337
330
9
100
AcDbSymbolTableRecord
100
AcDbBlockTableRecord
  2
*D7
340
0
 70
0
280
1
281
0
  0
BLOCK_RECORD
  5
346
330
9
100
AcDbSymbolTableRecord
100
AcDbBlockTableRecord
  2
*D8
340
0
 70
0
280
1
281
0
  0
BLOCK_RECORD
  5
355
330
9
100
AcDbSymbolTableRecord
100
AcDbBlockTableRecord
  2
*D9
340
0
 70
0
280
1
281
0
  0
BLOCK_RECORD
  5
364
330
9
100
AcDbSymbolTableRecord
100
AcDbBlockTableRecord
  2
*D10
340
0
 70
0
280
1
281
0
  0
BLOCK_RECORD
  5
373
330
9
100
AcDbSymbolTableRecord
100
AcDbBlockTableRecord
  2
*D11
340
0
 70
0
280
1
281
0
  0
BLOCK_RECORD
  5
382
330
9
100
AcDbSymbolTableRecord
100
AcDbBlockTableRecord
  2
*D12
340
0
 70
0
280
1
281
0
  0
BLOCK_RECORD
  5
391
330
9
100
AcDbSymbolTableRecord
100
AcDbBlockTableRecord
  2
*D13
340
0
 70
0
280
1
281
0
  0
BLOCK_RECORD
  5
3A0
330
9
100
AcDbSymbolTableRecord
100
AcDbBlockTableRecord
  2
*D14
340
0
 70
0
280
1
281
0
  0
BLOCK_RECORD
  5
3AF
330
9
100
AcDbSymbolTableRecord
100
AcDbBlockTableRecord
  2
*D15
340
0
 70
0
280
1
281
0
  0
BLOCK_RECORD
  5
3CC
330
9
100
AcDbSymbolTableRecord
100
AcDbBlockTableRecord
  2
*D16
340
0
 70
0
280
1
281
0
  0
BLOCK_RECORD
  5
3DB
330
9
100
AcDbSymbolTableRecord
100
AcDbBlockTableRecord
  2
*D17
340
0
 70
0
280
1
281
0
  0
BLOCK_RECORD
  5
3EA
330
9
100
AcDbSymbolTableRecord
100
AcDbBlockTableRecord
  2
*D18
340
0
 70
0
280
1
281
0
  0
BLOCK_RECORD
  5
3F9
330
9
100
AcDbSymbolTableRecord
100
AcDbBlockTableRecord
  2
*D19
340
0
 70
0
280
1
281
0
  0
BLOCK_RECORD
  5
408
330
9
100
AcDbSymbolTableRecord
100
AcDbBlockTableRecord
  2
*D20
340
0
 70
0
280
1
281
0
  0
BLOCK_RECORD
  5
417
330
9
100
AcDbSymbolTableRecord
100
AcDbBlockTableRecord
  2
*D21
340
0
 70
0
280
1
281
0
  0
BLOCK_RECORD
  5
426
330
9
100
AcDbSymbolTableRecord
100
AcDbBlockTableRecord
  2
*D22
340
0
 70
0
280
1
281
0
  0
BLOCK_RECORD
  5
435
330
9
100
AcDbSymbolTableRecord
100
AcDbBlockTableRecord
  2
*D23
340
0
 70
0
280
1
281
0
  0
BLOCK_RECORD
  5
444
330
9
100
AcDbSymbolTableRecord
100
AcDbBlockTableRecord
  2
*D24
340
0
 70
0
280
1
281
0
  0
BLOCK_RECORD
  5
453
330
9
100
AcDbSymbolTableRecord
100
AcDbBlockTableRecord
  2
*D25
340
0
 70
0
280
1
281
0
  0
BLOCK_RECORD
  5
462
330
9
100
AcDbSymbolTableRecord
100
AcDbBlockTableRecord
  2
*D26
340
0
 70
0
280
1
281
0
  0
BLOCK_RECORD
  5
479
330
9
100
AcDbSymbolTableRecord
100
AcDbBlockTableRecord
  2
*D27
340
0
 70
0
280
1
281
0
  0
BLOCK_RECORD
  5
488
330
9
100
AcDbSymbolTableRecord
100
AcDbBlockTableRecord
  2
*D28
340
0
 70
0
280
1
281
0
  0
BLOCK_RECORD
  5
497
330
9
100
AcDbSymbolTableRecord
100
AcDbBlockTableRecord
  2
*D29
340
0
 70
0
280
1
281
0
  0
BLOCK_RECORD
  5
4A6
330
9
100
AcDbSymbolTableRecord
100
AcDbBlockTableRecord
  2
*D30
340
0
 70
0
280
1
281
0
  0
BLOCK_RECORD
  5
4B5
330
9
100
AcDbSymbolTableRecord
100
AcDbBlockTableRecord
  2
*D31
340
0
 70
0
280
1
281
0
  0
BLOCK_RECORD
  5
4C4
330
9
100
AcDbSymbolTableRecord
100
AcDbBlockTableRecord
  2
*D32
340
0
 70
0
280
1
281
0
  0
BLOCK_RECORD
  5
4D3
330
9
100
AcDbSymbolTableRecord
100
AcDbBlockTableRecord
  2
*D33
340
0
 70
0
280
1
281
0
  0
BLOCK_RECORD
  5
4E2
330
9
100
AcDbSymbolTableRecord
100
AcDbBlockTableRecord
  2
*D34
340
0
 70
0
280
1
281
0
  0
BLOCK_RECORD
  5
4F1
330
9
100
AcDbSymbolTableRecord
100
AcDbBlockTableRecord
  2
*D35
340
0
 70
0
280
1
281
0
  0
BLOCK_RECORD
  5
500
330
9
100
AcDbSymbolTableRecord
100
AcDbBlockTableRecord
  2
*D36
340
0
 70
0
280
1
281
0
  0
BLOCK_RECORD
  5
50F
330
9
100
AcDbSymbolTableRecord
100
AcDbBlockTableRecord
  2
*D37
340
0
 70
0
280
1
281
0
  0
BLOCK_RECORD
  5
52A
330
9
100
AcDbSymbolTableRecord
100
AcDbBlockTableRecord
  2
*D38
340
0
 70
0
280
1
281
0
  0
BLOCK_RECORD
  5
539
330
9
100
AcDbSymbolTableRecord
100
AcDbBlockTableRecord
  2
*D39
340
0
 70
0
280
1
281
0
  0
BLOCK_RECORD
  5
548
330
9
100
AcDbSymbolTableRecord
100
AcDbBlockTableRecord
  2
*D40
340
0
 70
0
280
1
281
0
  0
BLOCK_RECORD
  5
557
330
9
100
AcDbSymbolTableRecord
100
AcDbBlockTableRecord
  2
*D41
340
0
 70
0
280
1
281
0
  0
BLOCK_RECORD
  5
566
330
9
100
AcDbSymbolTableRecord
100
AcDbBlockTableRecord
  2
*D42
340
0
 70
0
280
1
281
0
  0
BLOCK_RECORD
  5
575
330
9
100
AcDbSymbolTableRecord
100
AcDbBlockTableRecord
  2
*D43
340
0
 70
0
280
1
281
0
  0
BLOCK_RECORD
  5
584
330
9
100
AcDbSymbolTableRecord
100
AcDbBlockTableRecord
  2
*D44
340
0
 70
0
280
1
281
0
  0
BLOCK_RECORD
  5
593
330
9
100
AcDbSymbolTableRecord
100
AcDbBlockTableRecord
  2
*D45
340
0
 70
0
280
1
281
0
  0
BLOCK_RECORD
  5
5A2
330
9
100
AcDbSymbolTableRecord
100
AcDbBlockTableRecord
  2
*D46
340
0
 70
0
280
1
281
0
  0
BLOCK_RECORD
  5
5B1
330
9
100
AcDbSymbolTableRecord
100
AcDbBlockTableRecord
  2
*D47
340
0
 70
0
280
1
281
0
  0
BLOCK_RECORD
  5
5C0
330
9
100
AcDbSymbolTableRecord
100
AcDbBlockTableRecord
  2
*D48
340
0
 70
0
280
1
281
0
  0
BLOCK_RECORD
  5
5CF
330
9
100
AcDbSymbolTableRecord
100
AcDbBlockTableRecord
  2
*D49
340
0
 70
0
280
1
281
0
  0
BLOCK_RECORD
  5
5DE
330
9
100
AcDbSymbolTableRecord
100
AcDbBlockTableRecord
  2
*D50
340
0
 70
0
280
1
281
0
  0
BLOCK_RECORD
  5
5F6
330
9
100
AcDbSymbolTableRecord
100
AcDbBlockTableRecord
  2
*D51
340
0
 70
0
280
1
281
0
  0
BLOCK_RECORD
  5
605
330
9
100
AcDbSymbolTableRecord
100
AcDbBlockTableRecord
  2
*D52
340
0
 70
0
280
1
281
0
  0
BLOCK_RECORD
  5
614
330
9
100
AcDbSymbolTableRecord
100
AcDbBlockTableRecord
  2
*D53
340
0
 70
0
280
1
281
0
  0
BLOCK_RECORD
  5
623
330
9
100
AcDbSymbolTableRecord
100
AcDbBlockTableRecord
  2
*D54
340
0
 70
0
280
1
281
0
  0
BLOCK_RECORD
  5
632
330
9
100
AcDbSymbolTableRecord
100
AcDbBlockTableRecord
  2
*D55
340
0
 70
0
280
1
281
0
  0
BLOCK_RECORD
  5
641
330
9
100
AcDbSymbolTableRecord
100
AcDbBlockTableRecord
  2
*D56
340
0
 70
0
280
1
281
0
  0
BLOCK_RECORD
  5
650
330
9
100
AcDbSymbolTableRecord
100
AcDbBlockTableRecord
  2
*D57
340
0
 70
0
280
1
281
0
  0
BLOCK_RECORD
  5
65F
330
9
100
AcDbSymbolTableRecord
100
AcDbBlockTableRecord
  2
*D58
340
0
 70
0
280
1
281
0
  0
BLOCK_RECORD
  5
66E
330
9
100
AcDbSymbolTableRecord
100
AcDbBlockTableRecord
  2
*D59
340
0
 70
0
280
1
281
0
  0
BLOCK_RECORD
  5
67D
330
9
100
AcDbSymbolTableRecord
100
AcDbBlockTableRecord
  2
*D60
340
0
 70
0
280
1
281
0
  0
BLOCK_RECORD
  5
68C
330
9
100
AcDbSymbolTableRecord
100
AcDbBlockTableRecord
  2
*D61
340
0
 70
0
280
1
281
0
  0
BLOCK_RECORD
  5
69B
330
9
100
AcDbSymbolTableRecord
100
AcDbBlockTableRecord
  2
*D62
340
0
 70
0
280
1
281
0
  0
ENDTAB
  0
ENDSEC
  0
SECTION
  2
BLOCKS
  0
BLOCK
  5
18
330
17
100
AcDbEntity
  8
0
100
AcDbBlockBegin
  2
*Model_Space
 70
0
 10
0.0
 20
0.0
 30
0.0
  3
*Model_Space
  1

  0
ENDBLK
  5
19
330
17
100
AcDbEntity
  8
0
100
AcDbBlockEnd
  0
BLOCK
  5
1C
330
1B
100
AcDbEntity
  8
0
100
AcDbBlockBegin
  2
*Paper_Space
 70
0
 10
0.0
 20
0.0
 30
0.0
  3
*Paper_Space
  1

  0
ENDBLK
  5
1D
330
1B
100
AcDbEntity
  8
0
100
AcDbBlockEnd
  0
BLOCK
  5
2DA
330
2D9
100
AcDbEntity
  8
0
100
AcDbBlockBegin
  2
*D1
 70
1
 10
0.0
 20
0.0
 30
0.0
  3
*D1
  1

  0
LINE
  5
2DC
330
2D9
100
AcDbEntity
  8
0
100
AcDbLine
 10
0.0
 20
1510.0
 30
0.0
 11
0.0
 21
1822.0
 31
0.0
  0
LINE
  5
2DD
330
2D9
100
AcDbEntity
  8
0
100
AcDbLine
 10
160.0
 20
1510.0
 30
0.0
 11
160.0
 21
1822.0
 31
0.0
  0
INSERT
  5
2E2
330
2D9
100
AcDbEntity
  8
M-GOST-DISOLCU
100
AcDbBlockReference
  2
_OBLIQUE
 10
0.0
 20
1810.0
 30
0.0
 41
16.0
 42
16.0
  0
INSERT
  5
2E4
330
2D9
100
AcDbEntity
  8
M-GOST-DISOLCU
100
AcDbBlockReference
  2
_OBLIQUE
 10
160.0
 20
1810.0
 30
0.0
 41
16.0
 42
16.0
  0
LINE
  5
2E6
330
2D9
100
AcDbEntity
  8
0
100
AcDbLine
 10
0.0
 20
1810.0
 30
0.0
 11
160.0
 21
1810.0
 31
0.0
  0
MTEXT
  5
2E7
330
2D9
100
AcDbEntity
  8
M-GOST-DISOLCU
100
AcDbMText
 10
80.0
 20
1821.48
 30
0.0
 40
12.96
 71
5
  1
160
  7
YAZI
  0
POINT
  5
2E8
330
2D9
100
AcDbEntity
  8
Defpoints
100
AcDbPoint
 10
0.0
 20
1810.0
 30
0.0
  0
POINT
  5
2E9
330
2D9
100
AcDbEntity
  8
Defpoints
100
AcDbPoint
 10
0.0
 20
1510.0
 30
0.0
  0
POINT
  5
2EA
330
2D9
100
AcDbEntity
  8
Defpoints
100
AcDbPoint
 10
160.0
 20
1510.0
 30
0.0
  0
ENDBLK
  5
2DB
330
2D9
100
AcDbEntity
  8
0
100
AcDbBlockEnd
  0
BLOCK
  5
2DF
330
2DE
100
AcDbEntity
  8
0
100
AcDbBlockBegin
  2
_OBLIQUE
 70
0
 10
0.0
 20
0.0
 30
0.0
  3
_OBLIQUE
  1

  0
LINE
  5
2E1
330
2DE
100
AcDbEntity
  8
0
  6
BYBLOCK
 62
0
100
AcDbLine
 10
-0.5
 20
-0.5000000000000001
 30
0.0
 11
0.5000000000000001
 21
0.5
 31
0.0
  0
ENDBLK
  5
2E0
330
2DE
100
AcDbEntity
  8
0
100
AcDbBlockEnd
  0
BLOCK
  5
2ED
330
2EC
100
AcDbEntity
  8
0
100
AcDbBlockBegin
  2
*D2
 70
1
 10
0.0
 20
0.0
 30
0.0
  3
*D2
  1

  0
LINE
  5
2EF
330
2EC
100
AcDbEntity
  8
0
100
AcDbLine
 10
160.0
 20
1510.0
 30
0.0
 11
160.0
 21
1822.0
 31
0.0
  0
LINE
  5
2F0
330
2EC
100
AcDbEntity
  8
0
100
AcDbLine
 10
420.0
 20
1510.0
 30
0.0
 11
420.0
 21
1822.0
 31
0.0
  0
INSERT
  5
2F1
330
2EC
100
AcDbEntity
  8
M-GOST-DISOLCU
100
AcDbBlockReference
  2
_OBLIQUE
 10
160.0
 20
1810.0
 30
0.0
 41
16.0
 42
16.0
  0
INSERT
  5
2F3
330
2EC
100
AcDbEntity
  8
M-GOST-DISOLCU
100
AcDbBlockReference
  2
_OBLIQUE
 10
420.0
 20
1810.0
 30
0.0
 41
16.0
 42
16.0
  0
LINE
  5
2F5
330
2EC
100
AcDbEntity
  8
0
100
AcDbLine
 10
160.0
 20
1810.0
 30
0.0
 11
420.0
 21
1810.0
 31
0.0
  0
MTEXT
  5
2F6
330
2EC
100
AcDbEntity
  8
M-GOST-DISOLCU
100
AcDbMText
 10
290.0
 20
1821.48
 30
0.0
 40
12.96
 71
5
  1
260
  7
YAZI
  0
POINT
  5
2F7
330
2EC
100
AcDbEntity
  8
Defpoints
100
AcDbPoint
 10
160.0
 20
1810.0
 30
0.0
  0
POINT
  5
2F8
330
2EC
100
AcDbEntity
  8
Defpoints
100
AcDbPoint
 10
160.0
 20
1510.0
 30
0.0
  0
POINT
  5
2F9
330
2EC
100
AcDbEntity
  8
Defpoints
100
AcDbPoint
 10
420.0
 20
1510.0
 30
0.0
  0
ENDBLK
  5
2EE
330
2EC
100
AcDbEntity
  8
0
100
AcDbBlockEnd
  0
BLOCK
  5
2FC
330
2FB
100
AcDbEntity
  8
0
100
AcDbBlockBegin
  2
*D3
 70
1
 10
0.0
 20
0.0
 30
0.0
  3
*D3
  1

  0
LINE
  5
2FE
330
2FB
100
AcDbEntity
  8
0
100
AcDbLine
 10
420.0
 20
1510.0
 30
0.0
 11
420.0
 21
1822.0
 31
0.0
  0
LINE
  5
2FF
330
2FB
100
AcDbEntity
  8
0
100
AcDbLine
 10
630.0
 20
1510.0
 30
0.0
 11
630.0
 21
1822.0
 31
0.0
  0
INSERT
  5
300
330
2FB
100
AcDbEntity
  8
M-GOST-DISOLCU
100
AcDbBlockReference
  2
_OBLIQUE
 10
420.0
 20
1810.0
 30
0.0
 41
16.0
 42
16.0
  0
INSERT
  5
302
330
2FB
100
AcDbEntity
  8
M-GOST-DISOLCU
100
AcDbBlockReference
  2
_OBLIQUE
 10
630.0
 20
1810.0
 30
0.0
 41
16.0
 42
16.0
  0
LINE
  5
304
330
2FB
100
AcDbEntity
  8
0
100
AcDbLine
 10
420.0
 20
1810.0
 30
0.0
 11
630.0
 21
1810.0
 31
0.0
  0
MTEXT
  5
305
330
2FB
100
AcDbEntity
  8
M-GOST-DISOLCU
100
AcDbMText
 10
525.0
 20
1821.48
 30
0.0
 40
12.96
 71
5
  1
210
  7
YAZI
  0
POINT
  5
306
330
2FB
100
AcDbEntity
  8
Defpoints
100
AcDbPoint
 10
420.0
 20
1810.0
 30
0.0
  0
POINT
  5
307
330
2FB
100
AcDbEntity
  8
Defpoints
100
AcDbPoint
 10
420.0
 20
1510.0
 30
0.0
  0
POINT
  5
308
330
2FB
100
AcDbEntity
  8
Defpoints
100
AcDbPoint
 10
630.0
 20
1510.0
 30
0.0
  0
ENDBLK
  5
2FD
330
2FB
100
AcDbEntity
  8
0
100
AcDbBlockEnd
  0
BLOCK
  5
30B
330
30A
100
AcDbEntity
  8
0
100
AcDbBlockBegin
  2
*D4
 70
1
 10
0.0
 20
0.0
 30
0.0
  3
*D4
  1

  0
LINE
  5
30D
330
30A
100
AcDbEntity
  8
0
100
AcDbLine
 10
630.0
 20
1510.0
 30
0.0
 11
630.0
 21
1822.0
 31
0.0
  0
LINE
  5
30E
330
30A
100
AcDbEntity
  8
0
100
AcDbLine
 10
730.0
 20
1510.0
 30
0.0
 11
730.0
 21
1822.0
 31
0.0
  0
INSERT
  5
30F
330
30A
100
AcDbEntity
  8
M-GOST-DISOLCU
100
AcDbBlockReference
  2
_OBLIQUE
 10
630.0
 20
1810.0
 30
0.0
 41
16.0
 42
16.0
  0
INSERT
  5
311
330
30A
100
AcDbEntity
  8
M-GOST-DISOLCU
100
AcDbBlockReference
  2
_OBLIQUE
 10
730.0
 20
1810.0
 30
0.0
 41
16.0
 42
16.0
  0
LINE
  5
313
330
30A
100
AcDbEntity
  8
0
100
AcDbLine
 10
630.0
 20
1810.0
 30
0.0
 11
730.0
 21
1810.0
 31
0.0
  0
MTEXT
  5
314
330
30A
100
AcDbEntity
  8
M-GOST-DISOLCU
100
AcDbMText
 10
680.0
 20
1821.48
 30
0.0
 40
12.96
 71
5
  1
100
  7
YAZI
  0
POINT
  5
315
330
30A
100
AcDbEntity
  8
Defpoints
100
AcDbPoint
 10
630.0
 20
1810.0
 30
0.0
  0
POINT
  5
316
330
30A
100
AcDbEntity
  8
Defpoints
100
AcDbPoint
 10
630.0
 20
1510.0
 30
0.0
  0
POINT
  5
317
330
30A
100
AcDbEntity
  8
Defpoints
100
AcDbPoint
 10
730.0
 20
1510.0
 30
0.0
  0
ENDBLK
  5
30C
330
30A
100
AcDbEntity
  8
0
100
AcDbBlockEnd
  0
BLOCK
  5
31A
330
319
100
AcDbEntity
  8
0
100
AcDbBlockBegin
  2
*D5
 70
1
 10
0.0
 20
0.0
 30
0.0
  3
*D5
  1

  0
LINE
  5
31C
330
319
100
AcDbEntity
  8
0
100
AcDbLine
 10
730.0
 20
1510.0
 30
0.0
 11
730.0
 21
1822.0
 31
0.0
  0
LINE
  5
31D
330
319
100
AcDbEntity
  8
0
100
AcDbLine
 10
855.0
 20
1510.0
 30
0.0
 11
855.0
 21
1822.0
 31
0.0
  0
INSERT
  5
31E
330
319
100
AcDbEntity
  8
M-GOST-DISOLCU
100
AcDbBlockReference
  2
_OBLIQUE
 10
730.0
 20
1810.0
 30
0.0
 41
16.0
 42
16.0
  0
INSERT
  5
320
330
319
100
AcDbEntity
  8
M-GOST-DISOLCU
100
AcDbBlockReference
  2
_OBLIQUE
 10
855.0
 20
1810.0
 30
0.0
 41
16.0
 42
16.0
  0
LINE
  5
322
330
319
100
AcDbEntity
  8
0
100
AcDbLine
 10
730.0
 20
1810.0
 30
0.0
 11
855.0
 21
1810.0
 31
0.0
  0
MTEXT
  5
323
330
319
100
AcDbEntity
  8
M-GOST-DISOLCU
100
AcDbMText
 10
792.5
 20
1821.48
 30
0.0
 40
12.96
 71
5
  1
125
  7
YAZI
  0
POINT
  5
324
330
319
100
AcDbEntity
  8
Defpoints
100
AcDbPoint
 10
730.0
 20
1810.0
 30
0.0
  0
POINT
  5
325
330
319
100
AcDbEntity
  8
Defpoints
100
AcDbPoint
 10
730.0
 20
1510.0
 30
0.0
  0
POINT
  5
326
330
319
100
AcDbEntity
  8
Defpoints
100
AcDbPoint
 10
855.0
 20
1510.0
 30
0.0
  0
ENDBLK
  5
31B
330
319
100
AcDbEntity
  8
0
100
AcDbBlockEnd
  0
BLOCK
  5
329
330
328
100
AcDbEntity
  8
0
100
AcDbBlockBegin
  2
*D6
 70
1
 10
0.0
 20
0.0
 30
0.0
  3
*D6
  1

  0
LINE
  5
32B
330
328
100
AcDbEntity
  8
0
100
AcDbLine
 10
855.0
 20
1510.0
 30
0.0
 11
855.0
 21
1822.0
 31
0.0
  0
LINE
  5
32C
330
328
100
AcDbEntity
  8
0
100
AcDbLine
 10
965.0
 20
1510.0
 30
0.0
 11
965.0
 21
1822.0
 31
0.0
  0
INSERT
  5
32D
330
328
100
AcDbEntity
  8
M-GOST-DISOLCU
100
AcDbBlockReference
  2
_OBLIQUE
 10
855.0
 20
1810.0
 30
0.0
 41
16.0
 42
16.0
  0
INSERT
  5
32F
330
328
100
AcDbEntity
  8
M-GOST-DISOLCU
100
AcDbBlockReference
  2
_OBLIQUE
 10
965.0
 20
1810.0
 30
0.0
 41
16.0
 42
16.0
  0
LINE
  5
331
330
328
100
AcDbEntity
  8
0
100
AcDbLine
 10
855.0
 20
1810.0
 30
0.0
 11
965.0
 21
1810.0
 31
0.0
  0
MTEXT
  5
332
330
328
100
AcDbEntity
  8
M-GOST-DISOLCU
100
AcDbMText
 10
910.0
 20
1821.48
 30
0.0
 40
12.96
 71
5
  1
110
  7
YAZI
  0
POINT
  5
333
330
328
100
AcDbEntity
  8
Defpoints
100
AcDbPoint
 10
855.0
 20
1810.0
 30
0.0
  0
POINT
  5
334
330
328
100
AcDbEntity
  8
Defpoints
100
AcDbPoint
 10
855.0
 20
1510.0
 30
0.0
  0
POINT
  5
335
330
328
100
AcDbEntity
  8
Defpoints
100
AcDbPoint
 10
965.0
 20
1510.0
 30
0.0
  0
ENDBLK
  5
32A
330
328
100
AcDbEntity
  8
0
100
AcDbBlockEnd
  0
BLOCK
  5
338
330
337
100
AcDbEntity
  8
0
100
AcDbBlockBegin
  2
*D7
 70
1
 10
0.0
 20
0.0
 30
0.0
  3
*D7
  1

  0
LINE
  5
33A
330
337
100
AcDbEntity
  8
0
100
AcDbLine
 10
965.0
 20
1510.0
 30
0.0
 11
965.0
 21
1822.0
 31
0.0
  0
LINE
  5
33B
330
337
100
AcDbEntity
  8
0
100
AcDbLine
 10
1020.0
 20
1510.0
 30
0.0
 11
1020.0
 21
1822.0
 31
0.0
  0
INSERT
  5
33C
330
337
100
AcDbEntity
  8
M-GOST-DISOLCU
100
AcDbBlockReference
  2
_OBLIQUE
 10
965.0
 20
1810.0
 30
0.0
 41
16.0
 42
16.0
  0
INSERT
  5
33E
330
337
100
AcDbEntity
  8
M-GOST-DISOLCU
100
AcDbBlockReference
  2
_OBLIQUE
 10
1020.0
 20
1810.0
 30
0.0
 41
16.0
 42
16.0
  0
LINE
  5
340
330
337
100
AcDbEntity
  8
0
100
AcDbLine
 10
965.0
 20
1810.0
 30
0.0
 11
1020.0
 21
1810.0
 31
0.0
  0
MTEXT
  5
341
330
337
100
AcDbEntity
  8
M-GOST-DISOLCU
100
AcDbMText
 10
992.5
 20
1821.48
 30
0.0
 40
12.96
 71
5
  1
55
  7
YAZI
  0
POINT
  5
342
330
337
100
AcDbEntity
  8
Defpoints
100
AcDbPoint
 10
965.0
 20
1810.0
 30
0.0
  0
POINT
  5
343
330
337
100
AcDbEntity
  8
Defpoints
100
AcDbPoint
 10
965.0
 20
1510.0
 30
0.0
  0
POINT
  5
344
330
337
100
AcDbEntity
  8
Defpoints
100
AcDbPoint
 10
1020.0
 20
1510.0
 30
0.0
  0
ENDBLK
  5
339
330
337
100
AcDbEntity
  8
0
100
AcDbBlockEnd
  0
BLOCK
  5
347
330
346
100
AcDbEntity
  8
0
100
AcDbBlockBegin
  2
*D8
 70
1
 10
0.0
 20
0.0
 30
0.0
  3
*D8
  1

  0
LINE
  5
349
330
346
100
AcDbEntity
  8
0
100
AcDbLine
 10
1020.0
 20
1510.0
 30
0.0
 11
1020.0
 21
1822.0
 31
0.0
  0
LINE
  5
34A
330
346
100
AcDbEntity
  8
0
100
AcDbLine
 10
1200.0
 20
1510.0
 30
0.0
 11
1200.0
 21
1822.0
 31
0.0
  0
INSERT
  5
34B
330
346
100
AcDbEntity
  8
M-GOST-DISOLCU
100
AcDbBlockReference
  2
_OBLIQUE
 10
1020.0
 20
1810.0
 30
0.0
 41
16.0
 42
16.0
  0
INSERT
  5
34D
330
346
100
AcDbEntity
  8
M-GOST-DISOLCU
100
AcDbBlockReference
  2
_OBLIQUE
 10
1200.0
 20
1810.0
 30
0.0
 41
16.0
 42
16.0
  0
LINE
  5
34F
330
346
100
AcDbEntity
  8
0
100
AcDbLine
 10
1020.0
 20
1810.0
 30
0.0
 11
1200.0
 21
1810.0
 31
0.0
  0
MTEXT
  5
350
330
346
100
AcDbEntity
  8
M-GOST-DISOLCU
100
AcDbMText
 10
1110.0
 20
1821.48
 30
0.0
 40
12.96
 71
5
  1
180
  7
YAZI
  0
POINT
  5
351
330
346
100
AcDbEntity
  8
Defpoints
100
AcDbPoint
 10
1020.0
 20
1810.0
 30
0.0
  0
POINT
  5
352
330
346
100
AcDbEntity
  8
Defpoints
100
AcDbPoint
 10
1020.0
 20
1510.0
 30
0.0
  0
POINT
  5
353
330
346
100
AcDbEntity
  8
Defpoints
100
AcDbPoint
 10
1200.0
 20
1510.0
 30
0.0
  0
ENDBLK
  5
348
330
346
100
AcDbEntity
  8
0
100
AcDbBlockEnd
  0
BLOCK
  5
356
330
355
100
AcDbEntity
  8
0
100
AcDbBlockBegin
  2
*D9
 70
1
 10
0.0
 20
0.0
 30
0.0
  3
*D9
  1

  0
LINE
  5
358
330
355
100
AcDbEntity
  8
0
100
AcDbLine
 10
1200.0
 20
1510.0
 30
0.0
 11
1200.0
 21
1822.0
 31
0.0
  0
LINE
  5
359
330
355
100
AcDbEntity
  8
0
100
AcDbLine
 10
1460.0
 20
1510.0
 30
0.0
 11
1460.0
 21
1822.0
 31
0.0
  0
INSERT
  5
35A
330
355
100
AcDbEntity
  8
M-GOST-DISOLCU
100
AcDbBlockReference
  2
_OBLIQUE
 10
1200.0
 20
1810.0
 30
0.0
 41
16.0
 42
16.0
  0
INSERT
  5
35C
330
355
100
AcDbEntity
  8
M-GOST-DISOLCU
100
AcDbBlockReference
  2
_OBLIQUE
 10
1460.0
 20
1810.0
 30
0.0
 41
16.0
 42
16.0
  0
LINE
  5
35E
330
355
100
AcDbEntity
  8
0
100
AcDbLine
 10
1200.0
 20
1810.0
 30
0.0
 11
1460.0
 21
1810.0
 31
0.0
  0
MTEXT
  5
35F
330
355
100
AcDbEntity
  8
M-GOST-DISOLCU
100
AcDbMText
 10
1330.0
 20
1821.48
 30
0.0
 40
12.96
 71
5
  1
260
  7
YAZI
  0
POINT
  5
360
330
355
100
AcDbEntity
  8
Defpoints
100
AcDbPoint
 10
1200.0
 20
1810.0
 30
0.0
  0
POINT
  5
361
330
355
100
AcDbEntity
  8
Defpoints
100
AcDbPoint
 10
1200.0
 20
1510.0
 30
0.0
  0
POINT
  5
362
330
355
100
AcDbEntity
  8
Defpoints
100
AcDbPoint
 10
1460.0
 20
1510.0
 30
0.0
  0
ENDBLK
  5
357
330
355
100
AcDbEntity
  8
0
100
AcDbBlockEnd
  0
BLOCK
  5
365
330
364
100
AcDbEntity
  8
0
100
AcDbBlockBegin
  2
*D10
 70
1
 10
0.0
 20
0.0
 30
0.0
  3
*D10
  1

  0
LINE
  5
367
330
364
100
AcDbEntity
  8
0
100
AcDbLine
 10
1460.0
 20
1510.0
 30
0.0
 11
1460.0
 21
1822.0
 31
0.0
  0
LINE
  5
368
330
364
100
AcDbEntity
  8
0
100
AcDbLine
 10
1940.0
 20
1510.0
 30
0.0
 11
1940.0
 21
1822.0
 31
0.0
  0
INSERT
  5
369
330
364
100
AcDbEntity
  8
M-GOST-DISOLCU
100
AcDbBlockReference
  2
_OBLIQUE
 10
1460.0
 20
1810.0
 30
0.0
 41
16.0
 42
16.0
  0
INSERT
  5
36B
330
364
100
AcDbEntity
  8
M-GOST-DISOLCU
100
AcDbBlockReference
  2
_OBLIQUE
 10
1940.0
 20
1810.0
 30
0.0
 41
16.0
 42
16.0
  0
LINE
  5
36D
330
364
100
AcDbEntity
  8
0
100
AcDbLine
 10
1460.0
 20
1810.0
 30
0.0
 11
1940.0
 21
1810.0
 31
0.0
  0
MTEXT
  5
36E
330
364
100
AcDbEntity
  8
M-GOST-DISOLCU
100
AcDbMText
 10
1700.0
 20
1821.48
 30
0.0
 40
12.96
 71
5
  1
480
  7
YAZI
  0
POINT
  5
36F
330
364
100
AcDbEntity
  8
Defpoints
100
AcDbPoint
 10
1460.0
 20
1810.0
 30
0.0
  0
POINT
  5
370
330
364
100
AcDbEntity
  8
Defpoints
100
AcDbPoint
 10
1460.0
 20
1510.0
 30
0.0
  0
POINT
  5
371
330
364
100
AcDbEntity
  8
Defpoints
100
AcDbPoint
 10
1940.0
 20
1510.0
 30
0.0
  0
ENDBLK
  5
366
330
364
100
AcDbEntity
  8
0
100
AcDbBlockEnd
  0
BLOCK
  5
374
330
373
100
AcDbEntity
  8
0
100
AcDbBlockBegin
  2
*D11
 70
1
 10
0.0
 20
0.0
 30
0.0
  3
*D11
  1

  0
LINE
  5
376
330
373
100
AcDbEntity
  8
0
100
AcDbLine
 10
1940.0
 20
1510.0
 30
0.0
 11
1940.0
 21
1822.0
 31
0.0
  0
LINE
  5
377
330
373
100
AcDbEntity
  8
0
100
AcDbLine
 10
2000.0
 20
1510.0
 30
0.0
 11
2000.0
 21
1822.0
 31
0.0
  0
INSERT
  5
378
330
373
100
AcDbEntity
  8
M-GOST-DISOLCU
100
AcDbBlockReference
  2
_OBLIQUE
 10
1940.0
 20
1810.0
 30
0.0
 41
16.0
 42
16.0
  0
INSERT
  5
37A
330
373
100
AcDbEntity
  8
M-GOST-DISOLCU
100
AcDbBlockReference
  2
_OBLIQUE
 10
2000.0
 20
1810.0
 30
0.0
 41
16.0
 42
16.0
  0
LINE
  5
37C
330
373
100
AcDbEntity
  8
0
100
AcDbLine
 10
1940.0
 20
1810.0
 30
0.0
 11
2000.0
 21
1810.0
 31
0.0
  0
MTEXT
  5
37D
330
373
100
AcDbEntity
  8
M-GOST-DISOLCU
100
AcDbMText
 10
1970.0
 20
1821.48
 30
0.0
 40
12.96
 71
5
  1
60
  7
YAZI
  0
POINT
  5
37E
330
373
100
AcDbEntity
  8
Defpoints
100
AcDbPoint
 10
1940.0
 20
1810.0
 30
0.0
  0
POINT
  5
37F
330
373
100
AcDbEntity
  8
Defpoints
100
AcDbPoint
 10
1940.0
 20
1510.0
 30
0.0
  0
POINT
  5
380
330
373
100
AcDbEntity
  8
Defpoints
100
AcDbPoint
 10
2000.0
 20
1510.0
 30
0.0
  0
ENDBLK
  5
375
330
373
100
AcDbEntity
  8
0
100
AcDbBlockEnd
  0
BLOCK
  5
383
330
382
100
AcDbEntity
  8
0
100
AcDbBlockBegin
  2
*D12
 70
1
 10
0.0
 20
0.0
 30
0.0
  3
*D12
  1

  0
LINE
  5
385
330
382
100
AcDbEntity
  8
0
100
AcDbLine
 10
0.0
 20
1870.0
 30
0.0
 11
7.347880794884119e-16
 21
1882.0
 31
0.0
  0
LINE
  5
386
330
382
100
AcDbEntity
  8
0
100
AcDbLine
 10
780.0
 20
1870.0
 30
0.0
 11
780.0
 21
1882.0
 31
0.0
  0
INSERT
  5
387
330
382
100
AcDbEntity
  8
M-GOST-DISOLCU
100
AcDbBlockReference
  2
_OBLIQUE
 10
0.0
 20
1870.0
 30
0.0
 41
16.0
 42
16.0
  0
INSERT
  5
389
330
382
100
AcDbEntity
  8
M-GOST-DISOLCU
100
AcDbBlockReference
  2
_OBLIQUE
 10
780.0
 20
1870.0
 30
0.0
 41
16.0
 42
16.0
  0
LINE
  5
38B
330
382
100
AcDbEntity
  8
0
100
AcDbLine
 10
0.0
 20
1870.0
 30
0.0
 11
780.0
 21
1870.0
 31
0.0
  0
MTEXT
  5
38C
330
382
100
AcDbEntity
  8
M-GOST-DISOLCU
100
AcDbMText
 10
390.0
 20
1881.48
 30
0.0
 40
12.96
 71
5
  1
780
  7
YAZI
  0
POINT
  5
38D
330
382
100
AcDbEntity
  8
Defpoints
100
AcDbPoint
 10
0.0
 20
1870.0
 30
0.0
  0
POINT
  5
38E
330
382
100
AcDbEntity
  8
Defpoints
100
AcDbPoint
 10
0.0
 20
1870.0
 30
0.0
  0
POINT
  5
38F
330
382
100
AcDbEntity
  8
Defpoints
100
AcDbPoint
 10
780.0
 20
1870.0
 30
0.0
  0
ENDBLK
  5
384
330
382
100
AcDbEntity
  8
0
100
AcDbBlockEnd
  0
BLOCK
  5
392
330
391
100
AcDbEntity
  8
0
100
AcDbBlockBegin
  2
*D13
 70
1
 10
0.0
 20
0.0
 30
0.0
  3
*D13
  1

  0
LINE
  5
394
330
391
100
AcDbEntity
  8
0
100
AcDbLine
 10
780.0
 20
1870.0
 30
0.0
 11
780.0
 21
1882.0
 31
0.0
  0
LINE
  5
395
330
391
100
AcDbEntity
  8
0
100
AcDbLine
 10
1260.0
 20
1870.0
 30
0.0
 11
1260.0
 21
1882.0
 31
0.0
  0
INSERT
  5
396
330
391
100
AcDbEntity
  8
M-GOST-DISOLCU
100
AcDbBlockReference
  2
_OBLIQUE
 10
780.0
 20
1870.0
 30
0.0
 41
16.0
 42
16.0
  0
INSERT
  5
398
330
391
100
AcDbEntity
  8
M-GOST-DISOLCU
100
AcDbBlockReference
  2
_OBLIQUE
 10
1260.0
 20
1870.0
 30
0.0
 41
16.0
 42
16.0
  0
LINE
  5
39A
330
391
100
AcDbEntity
  8
0
100
AcDbLine
 10
780.0
 20
1870.0
 30
0.0
 11
1260.0
 21
1870.0
 31
0.0
  0
MTEXT
  5
39B
330
391
100
AcDbEntity
  8
M-GOST-DISOLCU
100
AcDbMText
 10
1020.0
 20
1881.48
 30
0.0
 40
12.96
 71
5
  1
480
  7
YAZI
  0
POINT
  5
39C
330
391
100
AcDbEntity
  8
Defpoints
100
AcDbPoint
 10
780.0
 20
1870.0
 30
0.0
  0
POINT
  5
39D
330
391
100
AcDbEntity
  8
Defpoints
100
AcDbPoint
 10
780.0
 20
1870.0
 30
0.0
  0
POINT
  5
39E
330
391
100
AcDbEntity
  8
Defpoints
100
AcDbPoint
 10
1260.0
 20
1870.0
 30
0.0
  0
ENDBLK
  5
393
330
391
100
AcDbEntity
  8
0
100
AcDbBlockEnd
  0
BLOCK
  5
3A1
330
3A0
100
AcDbEntity
  8
0
100
AcDbBlockBegin
  2
*D14
 70
1
 10
0.0
 20
0.0
 30
0.0
  3
*D14
  1

  0
LINE
  5
3A3
330
3A0
100
AcDbEntity
  8
0
100
AcDbLine
 10
1260.0
 20
1870.0
 30
0.0
 11
1260.0
 21
1882.0
 31
0.0
  0
LINE
  5
3A4
330
3A0
100
AcDbEntity
  8
0
100
AcDbLine
 10
2000.0
 20
1870.0
 30
0.0
 11
2000.0
 21
1882.0
 31
0.0
  0
INSERT
  5
3A5
330
3A0
100
AcDbEntity
  8
M-GOST-DISOLCU
100
AcDbBlockReference
  2
_OBLIQUE
 10
1260.0
 20
1870.0
 30
0.0
 41
16.0
 42
16.0
  0
INSERT
  5
3A7
330
3A0
100
AcDbEntity
  8
M-GOST-DISOLCU
100
AcDbBlockReference
  2
_OBLIQUE
 10
2000.0
 20
1870.0
 30
0.0
 41
16.0
 42
16.0
  0
LINE
  5
3A9
330
3A0
100
AcDbEntity
  8
0
100
AcDbLine
 10
1260.0
 20
1870.0
 30
0.0
 11
2000.0
 21
1870.0
 31
0.0
  0
MTEXT
  5
3AA
330
3A0
100
AcDbEntity
  8
M-GOST-DISOLCU
100
AcDbMText
 10
1630.0
 20
1881.48
 30
0.0
 40
12.96
 71
5
  1
740
  7
YAZI
  0
POINT
  5
3AB
330
3A0
100
AcDbEntity
  8
Defpoints
100
AcDbPoint
 10
1260.0
 20
1870.0
 30
0.0
  0
POINT
  5
3AC
330
3A0
100
AcDbEntity
  8
Defpoints
100
AcDbPoint
 10
1260.0
 20
1870.0
 30
0.0
  0
POINT
  5
3AD
330
3A0
100
AcDbEntity
  8
Defpoints
100
AcDbPoint
 10
2000.0
 20
1870.0
 30
0.0
  0
ENDBLK
  5
3A2
330
3A0
100
AcDbEntity
  8
0
100
AcDbBlockEnd
  0
BLOCK
  5
3B0
330
3AF
100
AcDbEntity
  8
0
100
AcDbBlockBegin
  2
*D15
 70
1
 10
0.0
 20
0.0
 30
0.0
  3
*D15
  1

  0
LINE
  5
3B2
330
3AF
100
AcDbEntity
  8
0
100
AcDbLine
 10
0.0
 20
1930.0
 30
0.0
 11
7.347880794884119e-16
 21
1942.0
 31
0.0
  0
LINE
  5
3B3
330
3AF
100
AcDbEntity
  8
0
100
AcDbLine
 10
2000.0
 20
1930.0
 30
0.0
 11
2000.0
 21
1942.0
 31
0.0
  0
INSERT
  5
3B4
330
3AF
100
AcDbEntity
  8
M-GOST-DISOLCU
100
AcDbBlockReference
  2
_OBLIQUE
 10
0.0
 20
1930.0
 30
0.0
 41
16.0
 42
16.0
  0
INSERT
  5
3B6
330
3AF
100
AcDbEntity
  8
M-GOST-DISOLCU
100
AcDbBlockReference
  2
_OBLIQUE
 10
2000.0
 20
1930.0
 30
0.0
 41
16.0
 42
16.0
  0
LINE
  5
3B8
330
3AF
100
AcDbEntity
  8
0
100
AcDbLine
 10
0.0
 20
1930.0
 30
0.0
 11
2000.0
 21
1930.0
 31
0.0
  0
MTEXT
  5
3B9
330
3AF
100
AcDbEntity
  8
M-GOST-DISOLCU
100
AcDbMText
 10
1000.0
 20
1941.48
 30
0.0
 40
12.96
 71
5
  1
2000
  7
YAZI
  0
POINT
  5
3BA
330
3AF
100
AcDbEntity
  8
Defpoints
100
AcDbPoint
 10
0.0
 20
1930.0
 30
0.0
  0
POINT
  5
3BB
330
3AF
100
AcDbEntity
  8
Defpoints
100
AcDbPoint
 10
0.0
 20
1930.0
 30
0.0
  0
POINT
  5
3BC
330
3AF
100
AcDbEntity
  8
Defpoints
100
AcDbPoint
 10
2000.0
 20
1930.0
 30
0.0
  0
ENDBLK
  5
3B1
330
3AF
100
AcDbEntity
  8
0
100
AcDbBlockEnd
  0
BLOCK
  5
3CD
330
3CC
100
AcDbEntity
  8
0
100
AcDbBlockBegin
  2
*D16
 70
1
 10
0.0
 20
0.0
 30
0.0
  3
*D16
  1

  0
LINE
  5
3CF
330
3CC
100
AcDbEntity
  8
0
100
AcDbLine
 10
0.0
 20
-70.0
 30
0.0
 11
7.347880794884119e-16
 21
-58.0
 31
0.0
  0
LINE
  5
3D0
330
3CC
100
AcDbEntity
  8
0
100
AcDbLine
 10
120.0
 20
-70.0
 30
0.0
 11
120.0
 21
-58.0
 31
0.0
  0
INSERT
  5
3D1
330
3CC
100
AcDbEntity
  8
M-GOST-DISOLCU
100
AcDbBlockReference
  2
_OBLIQUE
 10
0.0
 20
-70.0
 30
0.0
 41
16.0
 42
16.0
  0
INSERT
  5
3D3
330
3CC
100
AcDbEntity
  8
M-GOST-DISOLCU
100
AcDbBlockReference
  2
_OBLIQUE
 10
120.0
 20
-70.0
 30
0.0
 41
16.0
 42
16.0
  0
LINE
  5
3D5
330
3CC
100
AcDbEntity
  8
0
100
AcDbLine
 10
0.0
 20
-70.0
 30
0.0
 11
120.0
 21
-70.0
 31
0.0
  0
MTEXT
  5
3D6
330
3CC
100
AcDbEntity
  8
M-GOST-DISOLCU
100
AcDbMText
 10
60.0
 20
-58.519999999999996
 30
0.0
 40
12.96
 71
5
  1
120
  7
YAZI
  0
POINT
  5
3D7
330
3CC
100
AcDbEntity
  8
Defpoints
100
AcDbPoint
 10
0.0
 20
-70.0
 30
0.0
  0
POINT
  5
3D8
330
3CC
100
AcDbEntity
  8
Defpoints
100
AcDbPoint
 10
0.0
 20
-70.0
 30
0.0
  0
POINT
  5
3D9
330
3CC
100
AcDbEntity
  8
Defpoints
100
AcDbPoint
 10
120.0
 20
-70.0
 30
0.0
  0
ENDBLK
  5
3CE
330
3CC
100
AcDbEntity
  8
0
100
AcDbBlockEnd
  0
BLOCK
  5
3DC
330
3DB
100
AcDbEntity
  8
0
100
AcDbBlockBegin
  2
*D17
 70
1
 10
0.0
 20
0.0
 30
0.0
  3
*D17
  1

  0
LINE
  5
3DE
330
3DB
100
AcDbEntity
  8
0
100
AcDbLine
 10
120.0
 20
-70.0
 30
0.0
 11
120.0
 21
-58.0
 31
0.0
  0
LINE
  5
3DF
330
3DB
100
AcDbEntity
  8
0
100
AcDbLine
 10
660.0
 20
-70.0
 30
0.0
 11
660.0
 21
-58.0
 31
0.0
  0
INSERT
  5
3E0
330
3DB
100
AcDbEntity
  8
M-GOST-DISOLCU
100
AcDbBlockReference
  2
_OBLIQUE
 10
120.0
 20
-70.0
 30
0.0
 41
16.0
 42
16.0
  0
INSERT
  5
3E2
330
3DB
100
AcDbEntity
  8
M-GOST-DISOLCU
100
AcDbBlockReference
  2
_OBLIQUE
 10
660.0
 20
-70.0
 30
0.0
 41
16.0
 42
16.0
  0
LINE
  5
3E4
330
3DB
100
AcDbEntity
  8
0
100
AcDbLine
 10
120.0
 20
-70.0
 30
0.0
 11
660.0
 21
-70.0
 31
0.0
  0
MTEXT
  5
3E5
330
3DB
100
AcDbEntity
  8
M-GOST-DISOLCU
100
AcDbMText
 10
390.0
 20
-58.519999999999996
 30
0.0
 40
12.96
 71
5
  1
540
  7
YAZI
  0
POINT
  5
3E6
330
3DB
100
AcDbEntity
  8
Defpoints
100
AcDbPoint
 10
120.0
 20
-70.0
 30
0.0
  0
POINT
  5
3E7
330
3DB
100
AcDbEntity
  8
Defpoints
100
AcDbPoint
 10
120.0
 20
-70.0
 30
0.0
  0
POINT
  5
3E8
330
3DB
100
AcDbEntity
  8
Defpoints
100
AcDbPoint
 10
660.0
 20
-70.0
 30
0.0
  0
ENDBLK
  5
3DD
330
3DB
100
AcDbEntity
  8
0
100
AcDbBlockEnd
  0
BLOCK
  5
3EB
330
3EA
100
AcDbEntity
  8
0
100
AcDbBlockBegin
  2
*D18
 70
1
 10
0.0
 20
0.0
 30
0.0
  3
*D18
  1

  0
LINE
  5
3ED
330
3EA
100
AcDbEntity
  8
0
100
AcDbLine
 10
660.0
 20
-70.0
 30
0.0
 11
660.0
 21
-58.0
 31
0.0
  0
LINE
  5
3EE
330
3EA
100
AcDbEntity
  8
0
100
AcDbLine
 10
840.0
 20
-70.0
 30
0.0
 11
840.0
 21
-58.0
 31
0.0
  0
INSERT
  5
3EF
330
3EA
100
AcDbEntity
  8
M-GOST-DISOLCU
100
AcDbBlockReference
  2
_OBLIQUE
 10
660.0
 20
-70.0
 30
0.0
 41
16.0
 42
16.0
  0
INSERT
  5
3F1
330
3EA
100
AcDbEntity
  8
M-GOST-DISOLCU
100
AcDbBlockReference
  2
_OBLIQUE
 10
840.0
 20
-70.0
 30
0.0
 41
16.0
 42
16.0
  0
LINE
  5
3F3
330
3EA
100
AcDbEntity
  8
0
100
AcDbLine
 10
660.0
 20
-70.0
 30
0.0
 11
840.0
 21
-70.0
 31
0.0
  0
MTEXT
  5
3F4
330
3EA
100
AcDbEntity
  8
M-GOST-DISOLCU
100
AcDbMText
 10
750.0
 20
-58.519999999999996
 30
0.0
 40
12.96
 71
5
  1
180
  7
YAZI
  0
POINT
  5
3F5
330
3EA
100
AcDbEntity
  8
Defpoints
100
AcDbPoint
 10
660.0
 20
-70.0
 30
0.0
  0
POINT
  5
3F6
330
3EA
100
AcDbEntity
  8
Defpoints
100
AcDbPoint
 10
660.0
 20
-70.0
 30
0.0
  0
POINT
  5
3F7
330
3EA
100
AcDbEntity
  8
Defpoints
100
AcDbPoint
 10
840.0
 20
-70.0
 30
0.0
  0
ENDBLK
  5
3EC
330
3EA
100
AcDbEntity
  8
0
100
AcDbBlockEnd
  0
BLOCK
  5
3FA
330
3F9
100
AcDbEntity
  8
0
100
AcDbBlockBegin
  2
*D19
 70
1
 10
0.0
 20
0.0
 30
0.0
  3
*D19
  1

  0
LINE
  5
3FC
330
3F9
100
AcDbEntity
  8
0
100
AcDbLine
 10
840.0
 20
-70.0
 30
0.0
 11
840.0
 21
-58.0
 31
0.0
  0
LINE
  5
3FD
330
3F9
100
AcDbEntity
  8
0
100
AcDbLine
 10
1200.0
 20
-70.0
 30
0.0
 11
1200.0
 21
-58.0
 31
0.0
  0
INSERT
  5
3FE
330
3F9
100
AcDbEntity
  8
M-GOST-DISOLCU
100
AcDbBlockReference
  2
_OBLIQUE
 10
840.0
 20
-70.0
 30
0.0
 41
16.0
 42
16.0
  0
INSERT
  5
400
330
3F9
100
AcDbEntity
  8
M-GOST-DISOLCU
100
AcDbBlockReference
  2
_OBLIQUE
 10
1200.0
 20
-70.0
 30
0.0
 41
16.0
 42
16.0
  0
LINE
  5
402
330
3F9
100
AcDbEntity
  8
0
100
AcDbLine
 10
840.0
 20
-70.0
 30
0.0
 11
1200.0
 21
-70.0
 31
0.0
  0
MTEXT
  5
403
330
3F9
100
AcDbEntity
  8
M-GOST-DISOLCU
100
AcDbMText
 10
1020.0
 20
-58.519999999999996
 30
0.0
 40
12.96
 71
5
  1
360
  7
YAZI
  0
POINT
  5
404
330
3F9
100
AcDbEntity
  8
Defpoints
100
AcDbPoint
 10
840.0
 20
-70.0
 30
0.0
  0
POINT
  5
405
330
3F9
100
AcDbEntity
  8
Defpoints
100
AcDbPoint
 10
840.0
 20
-70.0
 30
0.0
  0
POINT
  5
406
330
3F9
100
AcDbEntity
  8
Defpoints
100
AcDbPoint
 10
1200.0
 20
-70.0
 30
0.0
  0
ENDBLK
  5
3FB
330
3F9
100
AcDbEntity
  8
0
100
AcDbBlockEnd
  0
BLOCK
  5
409
330
408
100
AcDbEntity
  8
0
100
AcDbBlockBegin
  2
*D20
 70
1
 10
0.0
 20
0.0
 30
0.0
  3
*D20
  1

  0
LINE
  5
40B
330
408
100
AcDbEntity
  8
0
100
AcDbLine
 10
1200.0
 20
-70.0
 30
0.0
 11
1200.0
 21
-58.0
 31
0.0
  0
LINE
  5
40C
330
408
100
AcDbEntity
  8
0
100
AcDbLine
 10
1340.0
 20
-70.0
 30
0.0
 11
1340.0
 21
-58.0
 31
0.0
  0
INSERT
  5
40D
330
408
100
AcDbEntity
  8
M-GOST-DISOLCU
100
AcDbBlockReference
  2
_OBLIQUE
 10
1200.0
 20
-70.0
 30
0.0
 41
16.0
 42
16.0
  0
INSERT
  5
40F
330
408
100
AcDbEntity
  8
M-GOST-DISOLCU
100
AcDbBlockReference
  2
_OBLIQUE
 10
1340.0
 20
-70.0
 30
0.0
 41
16.0
 42
16.0
  0
LINE
  5
411
330
408
100
AcDbEntity
  8
0
100
AcDbLine
 10
1200.0
 20
-70.0
 30
0.0
 11
1340.0
 21
-70.0
 31
0.0
  0
MTEXT
  5
412
330
408
100
AcDbEntity
  8
M-GOST-DISOLCU
100
AcDbMText
 10
1270.0
 20
-58.519999999999996
 30
0.0
 40
12.96
 71
5
  1
140
  7
YAZI
  0
POINT
  5
413
330
408
100
AcDbEntity
  8
Defpoints
100
AcDbPoint
 10
1200.0
 20
-70.0
 30
0.0
  0
POINT
  5
414
330
408
100
AcDbEntity
  8
Defpoints
100
AcDbPoint
 10
1200.0
 20
-70.0
 30
0.0
  0
POINT
  5
415
330
408
100
AcDbEntity
  8
Defpoints
100
AcDbPoint
 10
1340.0
 20
-70.0
 30
0.0
  0
ENDBLK
  5
40A
330
408
100
AcDbEntity
  8
0
100
AcDbBlockEnd
  0
BLOCK
  5
418
330
417
100
AcDbEntity
  8
0
100
AcDbBlockBegin
  2
*D21
 70
1
 10
0.0
 20
0.0
 30
0.0
  3
*D21
  1

  0
LINE
  5
41A
330
417
100
AcDbEntity
  8
0
100
AcDbLine
 10
1340.0
 20
-70.0
 30
0.0
 11
1340.0
 21
-58.0
 31
0.0
  0
LINE
  5
41B
330
417
100
AcDbEntity
  8
0
100
AcDbLine
 10
1880.0
 20
-70.0
 30
0.0
 11
1880.0
 21
-58.0
 31
0.0
  0
INSERT
  5
41C
330
417
100
AcDbEntity
  8
M-GOST-DISOLCU
100
AcDbBlockReference
  2
_OBLIQUE
 10
1340.0
 20
-70.0
 30
0.0
 41
16.0
 42
16.0
  0
INSERT
  5
41E
330
417
100
AcDbEntity
  8
M-GOST-DISOLCU
100
AcDbBlockReference
  2
_OBLIQUE
 10
1880.0
 20
-70.0
 30
0.0
 41
16.0
 42
16.0
  0
LINE
  5
420
330
417
100
AcDbEntity
  8
0
100
AcDbLine
 10
1340.0
 20
-70.0
 30
0.0
 11
1880.0
 21
-70.0
 31
0.0
  0
MTEXT
  5
421
330
417
100
AcDbEntity
  8
M-GOST-DISOLCU
100
AcDbMText
 10
1610.0
 20
-58.519999999999996
 30
0.0
 40
12.96
 71
5
  1
540
  7
YAZI
  0
POINT
  5
422
330
417
100
AcDbEntity
  8
Defpoints
100
AcDbPoint
 10
1340.0
 20
-70.0
 30
0.0
  0
POINT
  5
423
330
417
100
AcDbEntity
  8
Defpoints
100
AcDbPoint
 10
1340.0
 20
-70.0
 30
0.0
  0
POINT
  5
424
330
417
100
AcDbEntity
  8
Defpoints
100
AcDbPoint
 10
1880.0
 20
-70.0
 30
0.0
  0
ENDBLK
  5
419
330
417
100
AcDbEntity
  8
0
100
AcDbBlockEnd
  0
BLOCK
  5
427
330
426
100
AcDbEntity
  8
0
100
AcDbBlockBegin
  2
*D22
 70
1
 10
0.0
 20
0.0
 30
0.0
  3
*D22
  1

  0
LINE
  5
429
330
426
100
AcDbEntity
  8
0
100
AcDbLine
 10
1880.0
 20
-70.0
 30
0.0
 11
1880.0
 21
-58.0
 31
0.0
  0
LINE
  5
42A
330
426
100
AcDbEntity
  8
0
100
AcDbLine
 10
2000.0
 20
-70.0
 30
0.0
 11
2000.0
 21
-58.0
 31
0.0
  0
INSERT
  5
42B
330
426
100
AcDbEntity
  8
M-GOST-DISOLCU
100
AcDbBlockReference
  2
_OBLIQUE
 10
1880.0
 20
-70.0
 30
0.0
 41
16.0
 42
16.0
  0
INSERT
  5
42D
330
426
100
AcDbEntity
  8
M-GOST-DISOLCU
100
AcDbBlockReference
  2
_OBLIQUE
 10
2000.0
 20
-70.0
 30
0.0
 41
16.0
 42
16.0
  0
LINE
  5
42F
330
426
100
AcDbEntity
  8
0
100
AcDbLine
 10
1880.0
 20
-70.0
 30
0.0
 11
2000.0
 21
-70.0
 31
0.0
  0
MTEXT
  5
430
330
426
100
AcDbEntity
  8
M-GOST-DISOLCU
100
AcDbMText
 10
1940.0
 20
-58.519999999999996
 30
0.0
 40
12.96
 71
5
  1
120
  7
YAZI
  0
POINT
  5
431
330
426
100
AcDbEntity
  8
Defpoints
100
AcDbPoint
 10
1880.0
 20
-70.0
 30
0.0
  0
POINT
  5
432
330
426
100
AcDbEntity
  8
Defpoints
100
AcDbPoint
 10
1880.0
 20
-70.0
 30
0.0
  0
POINT
  5
433
330
426
100
AcDbEntity
  8
Defpoints
100
AcDbPoint
 10
2000.0
 20
-70.0
 30
0.0
  0
ENDBLK
  5
428
330
426
100
AcDbEntity
  8
0
100
AcDbBlockEnd
  0
BLOCK
  5
436
330
435
100
AcDbEntity
  8
0
100
AcDbBlockBegin
  2
*D23
 70
1
 10
0.0
 20
0.0
 30
0.0
  3
*D23
  1

  0
LINE
  5
438
330
435
100
AcDbEntity
  8
0
100
AcDbLine
 10
0.0
 20
-130.0
 30
0.0
 11
7.347880794884119e-16
 21
-118.0
 31
0.0
  0
LINE
  5
439
330
435
100
AcDbEntity
  8
0
100
AcDbLine
 10
780.0
 20
-130.0
 30
0.0
 11
780.0
 21
-118.0
 31
0.0
  0
INSERT
  5
43A
330
435
100
AcDbEntity
  8
M-GOST-DISOLCU
100
AcDbBlockReference
  2
_OBLIQUE
 10
0.0
 20
-130.0
 30
0.0
 41
16.0
 42
16.0
  0
INSERT
  5
43C
330
435
100
AcDbEntity
  8
M-GOST-DISOLCU
100
AcDbBlockReference
  2
_OBLIQUE
 10
780.0
 20
-130.0
 30
0.0
 41
16.0
 42
16.0
  0
LINE
  5
43E
330
435
100
AcDbEntity
  8
0
100
AcDbLine
 10
0.0
 20
-130.0
 30
0.0
 11
780.0
 21
-130.0
 31
0.0
  0
MTEXT
  5
43F
330
435
100
AcDbEntity
  8
M-GOST-DISOLCU
100
AcDbMText
 10
390.0
 20
-118.52
 30
0.0
 40
12.96
 71
5
  1
780
  7
YAZI
  0
POINT
  5
440
330
435
100
AcDbEntity
  8
Defpoints
100
AcDbPoint
 10
0.0
 20
-130.0
 30
0.0
  0
POINT
  5
441
330
435
100
AcDbEntity
  8
Defpoints
100
AcDbPoint
 10
0.0
 20
-130.0
 30
0.0
  0
POINT
  5
442
330
435
100
AcDbEntity
  8
Defpoints
100
AcDbPoint
 10
780.0
 20
-130.0
 30
0.0
  0
ENDBLK
  5
437
330
435
100
AcDbEntity
  8
0
100
AcDbBlockEnd
  0
BLOCK
  5
445
330
444
100
AcDbEntity
  8
0
100
AcDbBlockBegin
  2
*D24
 70
1
 10
0.0
 20
0.0
 30
0.0
  3
*D24
  1

  0
LINE
  5
447
330
444
100
AcDbEntity
  8
0
100
AcDbLine
 10
780.0
 20
-130.0
 30
0.0
 11
780.0
 21
-118.0
 31
0.0
  0
LINE
  5
448
330
444
100
AcDbEntity
  8
0
100
AcDbLine
 10
1260.0
 20
-130.0
 30
0.0
 11
1260.0
 21
-118.0
 31
0.0
  0
INSERT
  5
449
330
444
100
AcDbEntity
  8
M-GOST-DISOLCU
100
AcDbBlockReference
  2
_OBLIQUE
 10
780.0
 20
-130.0
 30
0.0
 41
16.0
 42
16.0
  0
INSERT
  5
44B
330
444
100
AcDbEntity
  8
M-GOST-DISOLCU
100
AcDbBlockReference
  2
_OBLIQUE
 10
1260.0
 20
-130.0
 30
0.0
 41
16.0
 42
16.0
  0
LINE
  5
44D
330
444
100
AcDbEntity
  8
0
100
AcDbLine
 10
780.0
 20
-130.0
 30
0.0
 11
1260.0
 21
-130.0
 31
0.0
  0
MTEXT
  5
44E
330
444
100
AcDbEntity
  8
M-GOST-DISOLCU
100
AcDbMText
 10
1020.0
 20
-118.52
 30
0.0
 40
12.96
 71
5
  1
480
  7
YAZI
  0
POINT
  5
44F
330
444
100
AcDbEntity
  8
Defpoints
100
AcDbPoint
 10
780.0
 20
-130.0
 30
0.0
  0
POINT
  5
450
330
444
100
AcDbEntity
  8
Defpoints
100
AcDbPoint
 10
780.0
 20
-130.0
 30
0.0
  0
POINT
  5
451
330
444
100
AcDbEntity
  8
Defpoints
100
AcDbPoint
 10
1260.0
 20
-130.0
 30
0.0
  0
ENDBLK
  5
446
330
444
100
AcDbEntity
  8
0
100
AcDbBlockEnd
  0
BLOCK
  5
454
330
453
100
AcDbEntity
  8
0
100
AcDbBlockBegin
  2
*D25
 70
1
 10
0.0
 20
0.0
 30
0.0
  3
*D25
  1

  0
LINE
  5
456
330
453
100
AcDbEntity
  8
0
100
AcDbLine
 10
1260.0
 20
-130.0
 30
0.0
 11
1260.0
 21
-118.0
 31
0.0
  0
LINE
  5
457
330
453
100
AcDbEntity
  8
0
100
AcDbLine
 10
2000.0
 20
-130.0
 30
0.0
 11
2000.0
 21
-118.0
 31
0.0
  0
INSERT
  5
458
330
453
100
AcDbEntity
  8
M-GOST-DISOLCU
100
AcDbBlockReference
  2
_OBLIQUE
 10
1260.0
 20
-130.0
 30
0.0
 41
16.0
 42
16.0
  0
INSERT
  5
45A
330
453
100
AcDbEntity
  8
M-GOST-DISOLCU
100
AcDbBlockReference
  2
_OBLIQUE
 10
2000.0
 20
-130.0
 30
0.0
 41
16.0
 42
16.0
  0
LINE
  5
45C
330
453
100
AcDbEntity
  8
0
100
AcDbLine
 10
1260.0
 20
-130.0
 30
0.0
 11
2000.0
 21
-130.0
 31
0.0
  0
MTEXT
  5
45D
330
453
100
AcDbEntity
  8
M-GOST-DISOLCU
100
AcDbMText
 10
1630.0
 20
-118.52
 30
0.0
 40
12.96
 71
5
  1
740
  7
YAZI
  0
POINT
  5
45E
330
453
100
AcDbEntity
  8
Defpoints
100
AcDbPoint
 10
1260.0
 20
-130.0
 30
0.0
  0
POINT
  5
45F
330
453
100
AcDbEntity
  8
Defpoints
100
AcDbPoint
 10
1260.0
 20
-130.0
 30
0.0
  0
POINT
  5
460
330
453
100
AcDbEntity
  8
Defpoints
100
AcDbPoint
 10
2000.0
 20
-130.0
 30
0.0
  0
ENDBLK
  5
455
330
453
100
AcDbEntity
  8
0
100
AcDbBlockEnd
  0
BLOCK
  5
463
330
462
100
AcDbEntity
  8
0
100
AcDbBlockBegin
  2
*D26
 70
1
 10
0.0
 20
0.0
 30
0.0
  3
*D26
  1

  0
LINE
  5
465
330
462
100
AcDbEntity
  8
0
100
AcDbLine
 10
0.0
 20
-190.0
 30
0.0
 11
7.347880794884119e-16
 21
-178.0
 31
0.0
  0
LINE
  5
466
330
462
100
AcDbEntity
  8
0
100
AcDbLine
 10
2000.0
 20
-190.0
 30
0.0
 11
2000.0
 21
-178.0
 31
0.0
  0
INSERT
  5
467
330
462
100
AcDbEntity
  8
M-GOST-DISOLCU
100
AcDbBlockReference
  2
_OBLIQUE
 10
0.0
 20
-190.0
 30
0.0
 41
16.0
 42
16.0
  0
INSERT
  5
469
330
462
100
AcDbEntity
  8
M-GOST-DISOLCU
100
AcDbBlockReference
  2
_OBLIQUE
 10
2000.0
 20
-190.0
 30
0.0
 41
16.0
 42
16.0
  0
LINE
  5
46B
330
462
100
AcDbEntity
  8
0
100
AcDbLine
 10
0.0
 20
-190.0
 30
0.0
 11
2000.0
 21
-190.0
 31
0.0
  0
MTEXT
  5
46C
330
462
100
AcDbEntity
  8
M-GOST-DISOLCU
100
AcDbMText
 10
1000.0
 20
-178.52
 30
0.0
 40
12.96
 71
5
  1
2000
  7
YAZI
  0
POINT
  5
46D
330
462
100
AcDbEntity
  8
Defpoints
100
AcDbPoint
 10
0.0
 20
-190.0
 30
0.0
  0
POINT
  5
46E
330
462
100
AcDbEntity
  8
Defpoints
100
AcDbPoint
 10
0.0
 20
-190.0
 30
0.0
  0
POINT
  5
46F
330
462
100
AcDbEntity
  8
Defpoints
100
AcDbPoint
 10
2000.0
 20
-190.0
 30
0.0
  0
ENDBLK
  5
464
330
462
100
AcDbEntity
  8
0
100
AcDbBlockEnd
  0
BLOCK
  5
47A
330
479
100
AcDbEntity
  8
0
100
AcDbBlockBegin
  2
*D27
 70
1
 10
0.0
 20
0.0
 30
0.0
  3
*D27
  1

  0
LINE
  5
47C
330
479
100
AcDbEntity
  8
0
100
AcDbLine
 10
-210.0
 20
1500.0
 30
0.0
 11
-222.0
 21
1500.0
 31
0.0
  0
LINE
  5
47D
330
479
100
AcDbEntity
  8
0
100
AcDbLine
 10
-210.0
 20
1380.0
 30
0.0
 11
-222.0
 21
1380.0
 31
0.0
  0
INSERT
  5
47E
330
479
100
AcDbEntity
  8
M-GOST-DISOLCU
100
AcDbBlockReference
  2
_OBLIQUE
 10
-210.0
 20
1500.0
 30
0.0
 41
16.0
 42
16.0
 50
90.0
  0
INSERT
  5
480
330
479
100
AcDbEntity
  8
M-GOST-DISOLCU
100
AcDbBlockReference
  2
_OBLIQUE
 10
-210.0
 20
1380.0
 30
0.0
 41
16.0
 42
16.0
 50
90.0
  0
LINE
  5
482
330
479
100
AcDbEntity
  8
0
100
AcDbLine
 10
-210.0
 20
1500.0
 30
0.0
 11
-210.0
 21
1380.0
 31
0.0
  0
MTEXT
  5
483
330
479
100
AcDbEntity
  8
M-GOST-DISOLCU
100
AcDbMText
 10
-198.52
 20
1440.0
 30
0.0
 40
12.96
 71
5
  1
120
  7
YAZI
 50
90.0
  0
POINT
  5
484
330
479
100
AcDbEntity
  8
Defpoints
100
AcDbPoint
 10
-210.0
 20
1500.0
 30
0.0
  0
POINT
  5
485
330
479
100
AcDbEntity
  8
Defpoints
100
AcDbPoint
 10
-210.0
 20
1500.0
 30
0.0
  0
POINT
  5
486
330
479
100
AcDbEntity
  8
Defpoints
100
AcDbPoint
 10
-210.0
 20
1380.0
 30
0.0
  0
ENDBLK
  5
47B
330
479
100
AcDbEntity
  8
0
100
AcDbBlockEnd
  0
BLOCK
  5
489
330
488
100
AcDbEntity
  8
0
100
AcDbBlockBegin
  2
*D28
 70
1
 10
0.0
 20
0.0
 30
0.0
  3
*D28
  1

  0
LINE
  5
48B
330
488
100
AcDbEntity
  8
0
100
AcDbLine
 10
-210.0
 20
1380.0
 30
0.0
 11
-222.0
 21
1380.0
 31
0.0
  0
LINE
  5
48C
330
488
100
AcDbEntity
  8
0
100
AcDbLine
 10
-210.0
 20
1120.0
 30
0.0
 11
-222.0
 21
1120.0
 31
0.0
  0
INSERT
  5
48D
330
488
100
AcDbEntity
  8
M-GOST-DISOLCU
100
AcDbBlockReference
  2
_OBLIQUE
 10
-210.0
 20
1380.0
 30
0.0
 41
16.0
 42
16.0
 50
90.0
  0
INSERT
  5
48F
330
488
100
AcDbEntity
  8
M-GOST-DISOLCU
100
AcDbBlockReference
  2
_OBLIQUE
 10
-210.0
 20
1120.0
 30
0.0
 41
16.0
 42
16.0
 50
90.0
  0
LINE
  5
491
330
488
100
AcDbEntity
  8
0
100
AcDbLine
 10
-210.0
 20
1380.0
 30
0.0
 11
-210.0
 21
1120.0
 31
0.0
  0
MTEXT
  5
492
330
488
100
AcDbEntity
  8
M-GOST-DISOLCU
100
AcDbMText
 10
-198.52
 20
1250.0
 30
0.0
 40
12.96
 71
5
  1
260
  7
YAZI
 50
90.0
  0
POINT
  5
493
330
488
100
AcDbEntity
  8
Defpoints
100
AcDbPoint
 10
-210.0
 20
1380.0
 30
0.0
  0
POINT
  5
494
330
488
100
AcDbEntity
  8
Defpoints
100
AcDbPoint
 10
-210.0
 20
1380.0
 30
0.0
  0
POINT
  5
495
330
488
100
AcDbEntity
  8
Defpoints
100
AcDbPoint
 10
-210.0
 20
1120.0
 30
0.0
  0
ENDBLK
  5
48A
330
488
100
AcDbEntity
  8
0
100
AcDbBlockEnd
  0
BLOCK
  5
498
330
497
100
AcDbEntity
  8
0
100
AcDbBlockBegin
  2
*D29
 70
1
 10
0.0
 20
0.0
 30
0.0
  3
*D29
  1

  0
LINE
  5
49A
330
497
100
AcDbEntity
  8
0
100
AcDbLine
 10
-210.0
 20
1120.0
 30
0.0
 11
-222.0
 21
1120.0
 31
0.0
  0
LINE
  5
49B
330
497
100
AcDbEntity
  8
0
100
AcDbLine
 10
-210.0
 20
900.0
 30
0.0
 11
-222.0
 21
900.0
 31
0.0
  0
INSERT
  5
49C
330
497
100
AcDbEntity
  8
M-GOST-DISOLCU
100
AcDbBlockReference
  2
_OBLIQUE
 10
-210.0
 20
1120.0
 30
0.0
 41
16.0
 42
16.0
 50
90.0
  0
INSERT
  5
49E
330
497
100
AcDbEntity
  8
M-GOST-DISOLCU
100
AcDbBlockReference
  2
_OBLIQUE
 10
-210.0
 20
900.0
 30
0.0
 41
16.0
 42
16.0
 50
90.0
  0
LINE
  5
4A0
330
497
100
AcDbEntity
  8
0
100
AcDbLine
 10
-210.0
 20
1120.0
 30
0.0
 11
-210.0
 21
900.0
 31
0.0
  0
MTEXT
  5
4A1
330
497
100
AcDbEntity
  8
M-GOST-DISOLCU
100
AcDbMText
 10
-198.52
 20
1010.0
 30
0.0
 40
12.96
 71
5
  1
220
  7
YAZI
 50
90.0
  0
POINT
  5
4A2
330
497
100
AcDbEntity
  8
Defpoints
100
AcDbPoint
 10
-210.0
 20
1120.0
 30
0.0
  0
POINT
  5
4A3
330
497
100
AcDbEntity
  8
Defpoints
100
AcDbPoint
 10
-210.0
 20
1120.0
 30
0.0
  0
POINT
  5
4A4
330
497
100
AcDbEntity
  8
Defpoints
100
AcDbPoint
 10
-210.0
 20
900.0
 30
0.0
  0
ENDBLK
  5
499
330
497
100
AcDbEntity
  8
0
100
AcDbBlockEnd
  0
BLOCK
  5
4A7
330
4A6
100
AcDbEntity
  8
0
100
AcDbBlockBegin
  2
*D30
 70
1
 10
0.0
 20
0.0
 30
0.0
  3
*D30
  1

  0
LINE
  5
4A9
330
4A6
100
AcDbEntity
  8
0
100
AcDbLine
 10
-210.0
 20
900.0
 30
0.0
 11
-222.0
 21
900.0
 31
0.0
  0
LINE
  5
4AA
330
4A6
100
AcDbEntity
  8
0
100
AcDbLine
 10
-210.0
 20
640.0
 30
0.0
 11
-222.0
 21
640.0
 31
0.0
  0
INSERT
  5
4AB
330
4A6
100
AcDbEntity
  8
M-GOST-DISOLCU
100
AcDbBlockReference
  2
_OBLIQUE
 10
-210.0
 20
900.0
 30
0.0
 41
16.0
 42
16.0
 50
90.0
  0
INSERT
  5
4AD
330
4A6
100
AcDbEntity
  8
M-GOST-DISOLCU
100
AcDbBlockReference
  2
_OBLIQUE
 10
-210.0
 20
640.0
 30
0.0
 41
16.0
 42
16.0
 50
90.0
  0
LINE
  5
4AF
330
4A6
100
AcDbEntity
  8
0
100
AcDbLine
 10
-210.0
 20
900.0
 30
0.0
 11
-210.0
 21
640.0
 31
0.0
  0
MTEXT
  5
4B0
330
4A6
100
AcDbEntity
  8
M-GOST-DISOLCU
100
AcDbMText
 10
-198.52
 20
770.0
 30
0.0
 40
12.96
 71
5
  1
260
  7
YAZI
 50
90.0
  0
POINT
  5
4B1
330
4A6
100
AcDbEntity
  8
Defpoints
100
AcDbPoint
 10
-210.0
 20
900.0
 30
0.0
  0
POINT
  5
4B2
330
4A6
100
AcDbEntity
  8
Defpoints
100
AcDbPoint
 10
-210.0
 20
900.0
 30
0.0
  0
POINT
  5
4B3
330
4A6
100
AcDbEntity
  8
Defpoints
100
AcDbPoint
 10
-210.0
 20
640.0
 30
0.0
  0
ENDBLK
  5
4A8
330
4A6
100
AcDbEntity
  8
0
100
AcDbBlockEnd
  0
BLOCK
  5
4B6
330
4B5
100
AcDbEntity
  8
0
100
AcDbBlockBegin
  2
*D31
 70
1
 10
0.0
 20
0.0
 30
0.0
  3
*D31
  1

  0
LINE
  5
4B8
330
4B5
100
AcDbEntity
  8
0
100
AcDbLine
 10
-210.0
 20
640.0
 30
0.0
 11
-222.0
 21
640.0
 31
0.0
  0
LINE
  5
4B9
330
4B5
100
AcDbEntity
  8
0
100
AcDbLine
 10
-210.0
 20
350.0
 30
0.0
 11
-222.0
 21
350.0
 31
0.0
  0
INSERT
  5
4BA
330
4B5
100
AcDbEntity
  8
M-GOST-DISOLCU
100
AcDbBlockReference
  2
_OBLIQUE
 10
-210.0
 20
640.0
 30
0.0
 41
16.0
 42
16.0
 50
90.0
  0
INSERT
  5
4BC
330
4B5
100
AcDbEntity
  8
M-GOST-DISOLCU
100
AcDbBlockReference
  2
_OBLIQUE
 10
-210.0
 20
350.0
 30
0.0
 41
16.0
 42
16.0
 50
90.0
  0
LINE
  5
4BE
330
4B5
100
AcDbEntity
  8
0
100
AcDbLine
 10
-210.0
 20
640.0
 30
0.0
 11
-210.0
 21
350.0
 31
0.0
  0
MTEXT
  5
4BF
330
4B5
100
AcDbEntity
  8
M-GOST-DISOLCU
100
AcDbMText
 10
-198.52
 20
495.0
 30
0.0
 40
12.96
 71
5
  1
290
  7
YAZI
 50
90.0
  0
POINT
  5
4C0
330
4B5
100
AcDbEntity
  8
Defpoints
100
AcDbPoint
 10
-210.0
 20
640.0
 30
0.0
  0
POINT
  5
4C1
330
4B5
100
AcDbEntity
  8
Defpoints
100
AcDbPoint
 10
-210.0
 20
640.0
 30
0.0
  0
POINT
  5
4C2
330
4B5
100
AcDbEntity
  8
Defpoints
100
AcDbPoint
 10
-210.0
 20
350.0
 30
0.0
  0
ENDBLK
  5
4B7
330
4B5
100
AcDbEntity
  8
0
100
AcDbBlockEnd
  0
BLOCK
  5
4C5
330
4C4
100
AcDbEntity
  8
0
100
AcDbBlockBegin
  2
*D32
 70
1
 10
0.0
 20
0.0
 30
0.0
  3
*D32
  1

  0
LINE
  5
4C7
330
4C4
100
AcDbEntity
  8
0
100
AcDbLine
 10
-210.0
 20
350.0
 30
0.0
 11
-222.0
 21
350.0
 31
0.0
  0
LINE
  5
4C8
330
4C4
100
AcDbEntity
  8
0
100
AcDbLine
 10
-210.0
 20
90.0
 30
0.0
 11
-222.0
 21
90.0
 31
0.0
  0
INSERT
  5
4C9
330
4C4
100
AcDbEntity
  8
M-GOST-DISOLCU
100
AcDbBlockReference
  2
_OBLIQUE
 10
-210.0
 20
350.0
 30
0.0
 41
16.0
 42
16.0
 50
90.0
  0
INSERT
  5
4CB
330
4C4
100
AcDbEntity
  8
M-GOST-DISOLCU
100
AcDbBlockReference
  2
_OBLIQUE
 10
-210.0
 20
90.0
 30
0.0
 41
16.0
 42
16.0
 50
90.0
  0
LINE
  5
4CD
330
4C4
100
AcDbEntity
  8
0
100
AcDbLine
 10
-210.0
 20
350.0
 30
0.0
 11
-210.0
 21
90.0
 31
0.0
  0
MTEXT
  5
4CE
330
4C4
100
AcDbEntity
  8
M-GOST-DISOLCU
100
AcDbMText
 10
-198.52
 20
220.0
 30
0.0
 40
12.96
 71
5
  1
260
  7
YAZI
 50
90.0
  0
POINT
  5
4CF
330
4C4
100
AcDbEntity
  8
Defpoints
100
AcDbPoint
 10
-210.0
 20
350.0
 30
0.0
  0
POINT
  5
4D0
330
4C4
100
AcDbEntity
  8
Defpoints
100
AcDbPoint
 10
-210.0
 20
350.0
 30
0.0
  0
POINT
  5
4D1
330
4C4
100
AcDbEntity
  8
Defpoints
100
AcDbPoint
 10
-210.0
 20
90.0
 30
0.0
  0
ENDBLK
  5
4C6
330
4C4
100
AcDbEntity
  8
0
100
AcDbBlockEnd
  0
BLOCK
  5
4D4
330
4D3
100
AcDbEntity
  8
0
100
AcDbBlockBegin
  2
*D33
 70
1
 10
0.0
 20
0.0
 30
0.0
  3
*D33
  1

  0
LINE
  5
4D6
330
4D3
100
AcDbEntity
  8
0
100
AcDbLine
 10
-210.0
 20
90.0
 30
0.0
 11
-222.0
 21
90.0
 31
0.0
  0
LINE
  5
4D7
330
4D3
100
AcDbEntity
  8
0
100
AcDbLine
 10
-210.0
 20
0.0
 30
0.0
 11
-222.0
 21
1.4695761589768238e-15
 31
0.0
  0
INSERT
  5
4D8
330
4D3
100
AcDbEntity
  8
M-GOST-DISOLCU
100
AcDbBlockReference
  2
_OBLIQUE
 10
-210.0
 20
90.0
 30
0.0
 41
16.0
 42
16.0
 50
90.0
  0
INSERT
  5
4DA
330
4D3
100
AcDbEntity
  8
M-GOST-DISOLCU
100
AcDbBlockReference
  2
_OBLIQUE
 10
-210.0
 20
0.0
 30
0.0
 41
16.0
 42
16.0
 50
90.0
  0
LINE
  5
4DC
330
4D3
100
AcDbEntity
  8
0
100
AcDbLine
 10
-210.0
 20
90.0
 30
0.0
 11
-210.0
 21
0.0
 31
0.0
  0
MTEXT
  5
4DD
330
4D3
100
AcDbEntity
  8
M-GOST-DISOLCU
100
AcDbMText
 10
-198.52
 20
45.0
 30
0.0
 40
12.96
 71
5
  1
90
  7
YAZI
 50
90.0
  0
POINT
  5
4DE
330
4D3
100
AcDbEntity
  8
Defpoints
100
AcDbPoint
 10
-210.0
 20
90.0
 30
0.0
  0
POINT
  5
4DF
330
4D3
100
AcDbEntity
  8
Defpoints
100
AcDbPoint
 10
-210.0
 20
90.0
 30
0.0
  0
POINT
  5
4E0
330
4D3
100
AcDbEntity
  8
Defpoints
100
AcDbPoint
 10
-210.0
 20
0.0
 30
0.0
  0
ENDBLK
  5
4D5
330
4D3
100
AcDbEntity
  8
0
100
AcDbBlockEnd
  0
BLOCK
  5
4E3
330
4E2
100
AcDbEntity
  8
0
100
AcDbBlockBegin
  2
*D34
 70
1
 10
0.0
 20
0.0
 30
0.0
  3
*D34
  1

  0
LINE
  5
4E5
330
4E2
100
AcDbEntity
  8
0
100
AcDbLine
 10
-270.0
 20
1500.0
 30
0.0
 11
-282.0
 21
1500.0
 31
0.0
  0
LINE
  5
4E6
330
4E2
100
AcDbEntity
  8
0
100
AcDbLine
 10
-270.0
 20
980.0
 30
0.0
 11
-282.0
 21
980.0
 31
0.0
  0
INSERT
  5
4E7
330
4E2
100
AcDbEntity
  8
M-GOST-DISOLCU
100
AcDbBlockReference
  2
_OBLIQUE
 10
-270.0
 20
1500.0
 30
0.0
 41
16.0
 42
16.0
 50
90.0
  0
INSERT
  5
4E9
330
4E2
100
AcDbEntity
  8
M-GOST-DISOLCU
100
AcDbBlockReference
  2
_OBLIQUE
 10
-270.0
 20
980.0
 30
0.0
 41
16.0
 42
16.0
 50
90.0
  0
LINE
  5
4EB
330
4E2
100
AcDbEntity
  8
0
100
AcDbLine
 10
-270.0
 20
1500.0
 30
0.0
 11
-270.0
 21
980.0
 31
0.0
  0
MTEXT
  5
4EC
330
4E2
100
AcDbEntity
  8
M-GOST-DISOLCU
100
AcDbMText
 10
-258.52
 20
1240.0
 30
0.0
 40
12.96
 71
5
  1
520
  7
YAZI
 50
90.0
  0
POINT
  5
4ED
330
4E2
100
AcDbEntity
  8
Defpoints
100
AcDbPoint
 10
-270.0
 20
1500.0
 30
0.0
  0
POINT
  5
4EE
330
4E2
100
AcDbEntity
  8
Defpoints
100
AcDbPoint
 10
-270.0
 20
1500.0
 30
0.0
  0
POINT
  5
4EF
330
4E2
100
AcDbEntity
  8
Defpoints
100
AcDbPoint
 10
-270.0
 20
980.0
 30
0.0
  0
ENDBLK
  5
4E4
330
4E2
100
AcDbEntity
  8
0
100
AcDbBlockEnd
  0
BLOCK
  5
4F2
330
4F1
100
AcDbEntity
  8
0
100
AcDbBlockBegin
  2
*D35
 70
1
 10
0.0
 20
0.0
 30
0.0
  3
*D35
  1

  0
LINE
  5
4F4
330
4F1
100
AcDbEntity
  8
0
100
AcDbLine
 10
-270.0
 20
980.0
 30
0.0
 11
-282.0
 21
980.0
 31
0.0
  0
LINE
  5
4F5
330
4F1
100
AcDbEntity
  8
0
100
AcDbLine
 10
-270.0
 20
500.0
 30
0.0
 11
-282.0
 21
500.0
 31
0.0
  0
INSERT
  5
4F6
330
4F1
100
AcDbEntity
  8
M-GOST-DISOLCU
100
AcDbBlockReference
  2
_OBLIQUE
 10
-270.0
 20
980.0
 30
0.0
 41
16.0
 42
16.0
 50
90.0
  0
INSERT
  5
4F8
330
4F1
100
AcDbEntity
  8
M-GOST-DISOLCU
100
AcDbBlockReference
  2
_OBLIQUE
 10
-270.0
 20
500.0
 30
0.0
 41
16.0
 42
16.0
 50
90.0
  0
LINE
  5
4FA
330
4F1
100
AcDbEntity
  8
0
100
AcDbLine
 10
-270.0
 20
980.0
 30
0.0
 11
-270.0
 21
500.0
 31
0.0
  0
MTEXT
  5
4FB
330
4F1
100
AcDbEntity
  8
M-GOST-DISOLCU
100
AcDbMText
 10
-258.52
 20
740.0
 30
0.0
 40
12.96
 71
5
  1
480
  7
YAZI
 50
90.0
  0
POINT
  5
4FC
330
4F1
100
AcDbEntity
  8
Defpoints
100
AcDbPoint
 10
-270.0
 20
980.0
 30
0.0
  0
POINT
  5
4FD
330
4F1
100
AcDbEntity
  8
Defpoints
100
AcDbPoint
 10
-270.0
 20
980.0
 30
0.0
  0
POINT
  5
4FE
330
4F1
100
AcDbEntity
  8
Defpoints
100
AcDbPoint
 10
-270.0
 20
500.0
 30
0.0
  0
ENDBLK
  5
4F3
330
4F1
100
AcDbEntity
  8
0
100
AcDbBlockEnd
  0
BLOCK
  5
501
330
500
100
AcDbEntity
  8
0
100
AcDbBlockBegin
  2
*D36
 70
1
 10
0.0
 20
0.0
 30
0.0
  3
*D36
  1

  0
LINE
  5
503
330
500
100
AcDbEntity
  8
0
100
AcDbLine
 10
-270.0
 20
500.0
 30
0.0
 11
-282.0
 21
500.0
 31
0.0
  0
LINE
  5
504
330
500
100
AcDbEntity
  8
0
100
AcDbLine
 10
-270.0
 20
0.0
 30
0.0
 11
-282.0
 21
1.4695761589768238e-15
 31
0.0
  0
INSERT
  5
505
330
500
100
AcDbEntity
  8
M-GOST-DISOLCU
100
AcDbBlockReference
  2
_OBLIQUE
 10
-270.0
 20
500.0
 30
0.0
 41
16.0
 42
16.0
 50
90.0
  0
INSERT
  5
507
330
500
100
AcDbEntity
  8
M-GOST-DISOLCU
100
AcDbBlockReference
  2
_OBLIQUE
 10
-270.0
 20
0.0
 30
0.0
 41
16.0
 42
16.0
 50
90.0
  0
LINE
  5
509
330
500
100
AcDbEntity
  8
0
100
AcDbLine
 10
-270.0
 20
500.0
 30
0.0
 11
-270.0
 21
0.0
 31
0.0
  0
MTEXT
  5
50A
330
500
100
AcDbEntity
  8
M-GOST-DISOLCU
100
AcDbMText
 10
-258.52
 20
250.0
 30
0.0
 40
12.96
 71
5
  1
500
  7
YAZI
 50
90.0
  0
POINT
  5
50B
330
500
100
AcDbEntity
  8
Defpoints
100
AcDbPoint
 10
-270.0
 20
500.0
 30
0.0
  0
POINT
  5
50C
330
500
100
AcDbEntity
  8
Defpoints
100
AcDbPoint
 10
-270.0
 20
500.0
 30
0.0
  0
POINT
  5
50D
330
500
100
AcDbEntity
  8
Defpoints
100
AcDbPoint
 10
-270.0
 20
0.0
 30
0.0
  0
ENDBLK
  5
502
330
500
100
AcDbEntity
  8
0
100
AcDbBlockEnd
  0
BLOCK
  5
510
330
50F
100
AcDbEntity
  8
0
100
AcDbBlockBegin
  2
*D37
 70
1
 10
0.0
 20
0.0
 30
0.0
  3
*D37
  1

  0
LINE
  5
512
330
50F
100
AcDbEntity
  8
0
100
AcDbLine
 10
-330.0
 20
1500.0
 30
0.0
 11
-342.0
 21
1500.0
 31
0.0
  0
LINE
  5
513
330
50F
100
AcDbEntity
  8
0
100
AcDbLine
 10
-330.0
 20
0.0
 30
0.0
 11
-342.0
 21
1.4695761589768238e-15
 31
0.0
  0
INSERT
  5
514
330
50F
100
AcDbEntity
  8
M-GOST-DISOLCU
100
AcDbBlockReference
  2
_OBLIQUE
 10
-330.0
 20
1500.0
 30
0.0
 41
16.0
 42
16.0
 50
90.0
  0
INSERT
  5
516
330
50F
100
AcDbEntity
  8
M-GOST-DISOLCU
100
AcDbBlockReference
  2
_OBLIQUE
 10
-330.0
 20
0.0
 30
0.0
 41
16.0
 42
16.0
 50
90.0
  0
LINE
  5
518
330
50F
100
AcDbEntity
  8
0
100
AcDbLine
 10
-330.0
 20
1500.0
 30
0.0
 11
-330.0
 21
0.0
 31
0.0
  0
MTEXT
  5
519
330
50F
100
AcDbEntity
  8
M-GOST-DISOLCU
100
AcDbMText
 10
-318.52
 20
750.0
 30
0.0
 40
12.96
 71
5
  1
1500
  7
YAZI
 50
90.0
  0
POINT
  5
51A
330
50F
100
AcDbEntity
  8
Defpoints
100
AcDbPoint
 10
-330.0
 20
1500.0
 30
0.0
  0
POINT
  5
51B
330
50F
100
AcDbEntity
  8
Defpoints
100
AcDbPoint
 10
-330.0
 20
1500.0
 30
0.0
  0
POINT
  5
51C
330
50F
100
AcDbEntity
  8
Defpoints
100
AcDbPoint
 10
-330.0
 20
0.0
 30
0.0
  0
ENDBLK
  5
511
330
50F
100
AcDbEntity
  8
0
100
AcDbBlockEnd
  0
BLOCK
  5
52B
330
52A
100
AcDbEntity
  8
0
100
AcDbBlockBegin
  2
*D38
 70
1
 10
0.0
 20
0.0
 30
0.0
  3
*D38
  1

  0
LINE
  5
52D
330
52A
100
AcDbEntity
  8
0
100
AcDbLine
 10
2210.0
 20
1500.0
 30
0.0
 11
2198.0
 21
1500.0
 31
0.0
  0
LINE
  5
52E
330
52A
100
AcDbEntity
  8
0
100
AcDbLine
 10
2210.0
 20
1260.0
 30
0.0
 11
2198.0
 21
1260.0
 31
0.0
  0
INSERT
  5
52F
330
52A
100
AcDbEntity
  8
M-GOST-DISOLCU
100
AcDbBlockReference
  2
_OBLIQUE
 10
2210.0
 20
1500.0
 30
0.0
 41
16.0
 42
16.0
 50
90.0
  0
INSERT
  5
531
330
52A
100
AcDbEntity
  8
M-GOST-DISOLCU
100
AcDbBlockReference
  2
_OBLIQUE
 10
2210.0
 20
1260.0
 30
0.0
 41
16.0
 42
16.0
 50
90.0
  0
LINE
  5
533
330
52A
100
AcDbEntity
  8
0
100
AcDbLine
 10
2210.0
 20
1500.0
 30
0.0
 11
2210.0
 21
1260.0
 31
0.0
  0
MTEXT
  5
534
330
52A
100
AcDbEntity
  8
M-GOST-DISOLCU
100
AcDbMText
 10
2221.48
 20
1380.0
 30
0.0
 40
12.96
 71
5
  1
240
  7
YAZI
 50
90.0
  0
POINT
  5
535
330
52A
100
AcDbEntity
  8
Defpoints
100
AcDbPoint
 10
2210.0
 20
1500.0
 30
0.0
  0
POINT
  5
536
330
52A
100
AcDbEntity
  8
Defpoints
100
AcDbPoint
 10
2210.0
 20
1500.0
 30
0.0
  0
POINT
  5
537
330
52A
100
AcDbEntity
  8
Defpoints
100
AcDbPoint
 10
2210.0
 20
1260.0
 30
0.0
  0
ENDBLK
  5
52C
330
52A
100
AcDbEntity
  8
0
100
AcDbBlockEnd
  0
BLOCK
  5
53A
330
539
100
AcDbEntity
  8
0
100
AcDbBlockBegin
  2
*D39
 70
1
 10
0.0
 20
0.0
 30
0.0
  3
*D39
  1

  0
LINE
  5
53C
330
539
100
AcDbEntity
  8
0
100
AcDbLine
 10
2210.0
 20
1260.0
 30
0.0
 11
2198.0
 21
1260.0
 31
0.0
  0
LINE
  5
53D
330
539
100
AcDbEntity
  8
0
100
AcDbLine
 10
2210.0
 20
1160.0
 30
0.0
 11
2198.0
 21
1160.0
 31
0.0
  0
INSERT
  5
53E
330
539
100
AcDbEntity
  8
M-GOST-DISOLCU
100
AcDbBlockReference
  2
_OBLIQUE
 10
2210.0
 20
1260.0
 30
0.0
 41
16.0
 42
16.0
 50
90.0
  0
INSERT
  5
540
330
539
100
AcDbEntity
  8
M-GOST-DISOLCU
100
AcDbBlockReference
  2
_OBLIQUE
 10
2210.0
 20
1160.0
 30
0.0
 41
16.0
 42
16.0
 50
90.0
  0
LINE
  5
542
330
539
100
AcDbEntity
  8
0
100
AcDbLine
 10
2210.0
 20
1260.0
 30
0.0
 11
2210.0
 21
1160.0
 31
0.0
  0
MTEXT
  5
543
330
539
100
AcDbEntity
  8
M-GOST-DISOLCU
100
AcDbMText
 10
2221.48
 20
1210.0
 30
0.0
 40
12.96
 71
5
  1
100
  7
YAZI
 50
90.0
  0
POINT
  5
544
330
539
100
AcDbEntity
  8
Defpoints
100
AcDbPoint
 10
2210.0
 20
1260.0
 30
0.0
  0
POINT
  5
545
330
539
100
AcDbEntity
  8
Defpoints
100
AcDbPoint
 10
2210.0
 20
1260.0
 30
0.0
  0
POINT
  5
546
330
539
100
AcDbEntity
  8
Defpoints
100
AcDbPoint
 10
2210.0
 20
1160.0
 30
0.0
  0
ENDBLK
  5
53B
330
539
100
AcDbEntity
  8
0
100
AcDbBlockEnd
  0
BLOCK
  5
549
330
548
100
AcDbEntity
  8
0
100
AcDbBlockBegin
  2
*D40
 70
1
 10
0.0
 20
0.0
 30
0.0
  3
*D40
  1

  0
LINE
  5
54B
330
548
100
AcDbEntity
  8
0
100
AcDbLine
 10
2210.0
 20
1160.0
 30
0.0
 11
2198.0
 21
1160.0
 31
0.0
  0
LINE
  5
54C
330
548
100
AcDbEntity
  8
0
100
AcDbLine
 10
2210.0
 20
845.0
 30
0.0
 11
2198.0
 21
845.0
 31
0.0
  0
INSERT
  5
54D
330
548
100
AcDbEntity
  8
M-GOST-DISOLCU
100
AcDbBlockReference
  2
_OBLIQUE
 10
2210.0
 20
1160.0
 30
0.0
 41
16.0
 42
16.0
 50
90.0
  0
INSERT
  5
54F
330
548
100
AcDbEntity
  8
M-GOST-DISOLCU
100
AcDbBlockReference
  2
_OBLIQUE
 10
2210.0
 20
845.0
 30
0.0
 41
16.0
 42
16.0
 50
90.0
  0
LINE
  5
551
330
548
100
AcDbEntity
  8
0
100
AcDbLine
 10
2210.0
 20
1160.0
 30
0.0
 11
2210.0
 21
845.0
 31
0.0
  0
MTEXT
  5
552
330
548
100
AcDbEntity
  8
M-GOST-DISOLCU
100
AcDbMText
 10
2221.48
 20
1002.5
 30
0.0
 40
12.96
 71
5
  1
315
  7
YAZI
 50
90.0
  0
POINT
  5
553
330
548
100
AcDbEntity
  8
Defpoints
100
AcDbPoint
 10
2210.0
 20
1160.0
 30
0.0
  0
POINT
  5
554
330
548
100
AcDbEntity
  8
Defpoints
100
AcDbPoint
 10
2210.0
 20
1160.0
 30
0.0
  0
POINT
  5
555
330
548
100
AcDbEntity
  8
Defpoints
100
AcDbPoint
 10
2210.0
 20
845.0
 30
0.0
  0
ENDBLK
  5
54A
330
548
100
AcDbEntity
  8
0
100
AcDbBlockEnd
  0
BLOCK
  5
558
330
557
100
AcDbEntity
  8
0
100
AcDbBlockBegin
  2
*D41
 70
1
 10
0.0
 20
0.0
 30
0.0
  3
*D41
  1

  0
LINE
  5
55A
330
557
100
AcDbEntity
  8
0
100
AcDbLine
 10
2210.0
 20
845.0
 30
0.0
 11
2198.0
 21
845.0
 31
0.0
  0
LINE
  5
55B
330
557
100
AcDbEntity
  8
0
100
AcDbLine
 10
2210.0
 20
755.0
 30
0.0
 11
2198.0
 21
755.0
 31
0.0
  0
INSERT
  5
55C
330
557
100
AcDbEntity
  8
M-GOST-DISOLCU
100
AcDbBlockReference
  2
_OBLIQUE
 10
2210.0
 20
845.0
 30
0.0
 41
16.0
 42
16.0
 50
90.0
  0
INSERT
  5
55E
330
557
100
AcDbEntity
  8
M-GOST-DISOLCU
100
AcDbBlockReference
  2
_OBLIQUE
 10
2210.0
 20
755.0
 30
0.0
 41
16.0
 42
16.0
 50
90.0
  0
LINE
  5
560
330
557
100
AcDbEntity
  8
0
100
AcDbLine
 10
2210.0
 20
845.0
 30
0.0
 11
2210.0
 21
755.0
 31
0.0
  0
MTEXT
  5
561
330
557
100
AcDbEntity
  8
M-GOST-DISOLCU
100
AcDbMText
 10
2221.48
 20
800.0
 30
0.0
 40
12.96
 71
5
  1
90
  7
YAZI
 50
90.0
  0
POINT
  5
562
330
557
100
AcDbEntity
  8
Defpoints
100
AcDbPoint
 10
2210.0
 20
845.0
 30
0.0
  0
POINT
  5
563
330
557
100
AcDbEntity
  8
Defpoints
100
AcDbPoint
 10
2210.0
 20
845.0
 30
0.0
  0
POINT
  5
564
330
557
100
AcDbEntity
  8
Defpoints
100
AcDbPoint
 10
2210.0
 20
755.0
 30
0.0
  0
ENDBLK
  5
559
330
557
100
AcDbEntity
  8
0
100
AcDbBlockEnd
  0
BLOCK
  5
567
330
566
100
AcDbEntity
  8
0
100
AcDbBlockBegin
  2
*D42
 70
1
 10
0.0
 20
0.0
 30
0.0
  3
*D42
  1

  0
LINE
  5
569
330
566
100
AcDbEntity
  8
0
100
AcDbLine
 10
2210.0
 20
755.0
 30
0.0
 11
2198.0
 21
755.0
 31
0.0
  0
LINE
  5
56A
330
566
100
AcDbEntity
  8
0
100
AcDbLine
 10
2210.0
 20
720.0
 30
0.0
 11
2198.0
 21
720.0
 31
0.0
  0
INSERT
  5
56B
330
566
100
AcDbEntity
  8
M-GOST-DISOLCU
100
AcDbBlockReference
  2
_OBLIQUE
 10
2210.0
 20
755.0
 30
0.0
 41
16.0
 42
16.0
 50
90.0
  0
INSERT
  5
56D
330
566
100
AcDbEntity
  8
M-GOST-DISOLCU
100
AcDbBlockReference
  2
_OBLIQUE
 10
2210.0
 20
720.0
 30
0.0
 41
16.0
 42
16.0
 50
90.0
  0
LINE
  5
56F
330
566
100
AcDbEntity
  8
0
100
AcDbLine
 10
2210.0
 20
755.0
 30
0.0
 11
2210.0
 21
720.0
 31
0.0
  0
MTEXT
  5
570
330
566
100
AcDbEntity
  8
M-GOST-DISOLCU
100
AcDbMText
 10
2221.48
 20
737.5
 30
0.0
 40
12.96
 71
5
  1
35
  7
YAZI
 50
90.0
  0
POINT
  5
571
330
566
100
AcDbEntity
  8
Defpoints
100
AcDbPoint
 10
2210.0
 20
755.0
 30
0.0
  0
POINT
  5
572
330
566
100
AcDbEntity
  8
Defpoints
100
AcDbPoint
 10
2210.0
 20
755.0
 30
0.0
  0
POINT
  5
573
330
566
100
AcDbEntity
  8
Defpoints
100
AcDbPoint
 10
2210.0
 20
720.0
 30
0.0
  0
ENDBLK
  5
568
330
566
100
AcDbEntity
  8
0
100
AcDbBlockEnd
  0
BLOCK
  5
576
330
575
100
AcDbEntity
  8
0
100
AcDbBlockBegin
  2
*D43
 70
1
 10
0.0
 20
0.0
 30
0.0
  3
*D43
  1

  0
LINE
  5
578
330
575
100
AcDbEntity
  8
0
100
AcDbLine
 10
2210.0
 20
720.0
 30
0.0
 11
2198.0
 21
720.0
 31
0.0
  0
LINE
  5
579
330
575
100
AcDbEntity
  8
0
100
AcDbLine
 10
2210.0
 20
540.0
 30
0.0
 11
2198.0
 21
540.0
 31
0.0
  0
INSERT
  5
57A
330
575
100
AcDbEntity
  8
M-GOST-DISOLCU
100
AcDbBlockReference
  2
_OBLIQUE
 10
2210.0
 20
720.0
 30
0.0
 41
16.0
 42
16.0
 50
90.0
  0
INSERT
  5
57C
330
575
100
AcDbEntity
  8
M-GOST-DISOLCU
100
AcDbBlockReference
  2
_OBLIQUE
 10
2210.0
 20
540.0
 30
0.0
 41
16.0
 42
16.0
 50
90.0
  0
LINE
  5
57E
330
575
100
AcDbEntity
  8
0
100
AcDbLine
 10
2210.0
 20
720.0
 30
0.0
 11
2210.0
 21
540.0
 31
0.0
  0
MTEXT
  5
57F
330
575
100
AcDbEntity
  8
M-GOST-DISOLCU
100
AcDbMText
 10
2221.48
 20
630.0
 30
0.0
 40
12.96
 71
5
  1
180
  7
YAZI
 50
90.0
  0
POINT
  5
580
330
575
100
AcDbEntity
  8
Defpoints
100
AcDbPoint
 10
2210.0
 20
720.0
 30
0.0
  0
POINT
  5
581
330
575
100
AcDbEntity
  8
Defpoints
100
AcDbPoint
 10
2210.0
 20
720.0
 30
0.0
  0
POINT
  5
582
330
575
100
AcDbEntity
  8
Defpoints
100
AcDbPoint
 10
2210.0
 20
540.0
 30
0.0
  0
ENDBLK
  5
577
330
575
100
AcDbEntity
  8
0
100
AcDbBlockEnd
  0
BLOCK
  5
585
330
584
100
AcDbEntity
  8
0
100
AcDbBlockBegin
  2
*D44
 70
1
 10
0.0
 20
0.0
 30
0.0
  3
*D44
  1

  0
LINE
  5
587
330
584
100
AcDbEntity
  8
0
100
AcDbLine
 10
2210.0
 20
540.0
 30
0.0
 11
2198.0
 21
540.0
 31
0.0
  0
LINE
  5
588
330
584
100
AcDbEntity
  8
0
100
AcDbLine
 10
2210.0
 20
420.0
 30
0.0
 11
2198.0
 21
420.0
 31
0.0
  0
INSERT
  5
589
330
584
100
AcDbEntity
  8
M-GOST-DISOLCU
100
AcDbBlockReference
  2
_OBLIQUE
 10
2210.0
 20
540.0
 30
0.0
 41
16.0
 42
16.0
 50
90.0
  0
INSERT
  5
58B
330
584
100
AcDbEntity
  8
M-GOST-DISOLCU
100
AcDbBlockReference
  2
_OBLIQUE
 10
2210.0
 20
420.0
 30
0.0
 41
16.0
 42
16.0
 50
90.0
  0
LINE
  5
58D
330
584
100
AcDbEntity
  8
0
100
AcDbLine
 10
2210.0
 20
540.0
 30
0.0
 11
2210.0
 21
420.0
 31
0.0
  0
MTEXT
  5
58E
330
584
100
AcDbEntity
  8
M-GOST-DISOLCU
100
AcDbMText
 10
2221.48
 20
480.0
 30
0.0
 40
12.96
 71
5
  1
120
  7
YAZI
 50
90.0
  0
POINT
  5
58F
330
584
100
AcDbEntity
  8
Defpoints
100
AcDbPoint
 10
2210.0
 20
540.0
 30
0.0
  0
POINT
  5
590
330
584
100
AcDbEntity
  8
Defpoints
100
AcDbPoint
 10
2210.0
 20
540.0
 30
0.0
  0
POINT
  5
591
330
584
100
AcDbEntity
  8
Defpoints
100
AcDbPoint
 10
2210.0
 20
420.0
 30
0.0
  0
ENDBLK
  5
586
330
584
100
AcDbEntity
  8
0
100
AcDbBlockEnd
  0
BLOCK
  5
594
330
593
100
AcDbEntity
  8
0
100
AcDbBlockBegin
  2
*D45
 70
1
 10
0.0
 20
0.0
 30
0.0
  3
*D45
  1

  0
LINE
  5
596
330
593
100
AcDbEntity
  8
0
100
AcDbLine
 10
2210.0
 20
420.0
 30
0.0
 11
2198.0
 21
420.0
 31
0.0
  0
LINE
  5
597
330
593
100
AcDbEntity
  8
0
100
AcDbLine
 10
2210.0
 20
100.0
 30
0.0
 11
2198.0
 21
100.0
 31
0.0
  0
INSERT
  5
598
330
593
100
AcDbEntity
  8
M-GOST-DISOLCU
100
AcDbBlockReference
  2
_OBLIQUE
 10
2210.0
 20
420.0
 30
0.0
 41
16.0
 42
16.0
 50
90.0
  0
INSERT
  5
59A
330
593
100
AcDbEntity
  8
M-GOST-DISOLCU
100
AcDbBlockReference
  2
_OBLIQUE
 10
2210.0
 20
100.0
 30
0.0
 41
16.0
 42
16.0
 50
90.0
  0
LINE
  5
59C
330
593
100
AcDbEntity
  8
0
100
AcDbLine
 10
2210.0
 20
420.0
 30
0.0
 11
2210.0
 21
100.0
 31
0.0
  0
MTEXT
  5
59D
330
593
100
AcDbEntity
  8
M-GOST-DISOLCU
100
AcDbMText
 10
2221.48
 20
260.0
 30
0.0
 40
12.96
 71
5
  1
320
  7
YAZI
 50
90.0
  0
POINT
  5
59E
330
593
100
AcDbEntity
  8
Defpoints
100
AcDbPoint
 10
2210.0
 20
420.0
 30
0.0
  0
POINT
  5
59F
330
593
100
AcDbEntity
  8
Defpoints
100
AcDbPoint
 10
2210.0
 20
420.0
 30
0.0
  0
POINT
  5
5A0
330
593
100
AcDbEntity
  8
Defpoints
100
AcDbPoint
 10
2210.0
 20
100.0
 30
0.0
  0
ENDBLK
  5
595
330
593
100
AcDbEntity
  8
0
100
AcDbBlockEnd
  0
BLOCK
  5
5A3
330
5A2
100
AcDbEntity
  8
0
100
AcDbBlockBegin
  2
*D46
 70
1
 10
0.0
 20
0.0
 30
0.0
  3
*D46
  1

  0
LINE
  5
5A5
330
5A2
100
AcDbEntity
  8
0
100
AcDbLine
 10
2210.0
 20
100.0
 30
0.0
 11
2198.0
 21
100.0
 31
0.0
  0
LINE
  5
5A6
330
5A2
100
AcDbEntity
  8
0
100
AcDbLine
 10
2210.0
 20
0.0
 30
0.0
 11
2198.0
 21
1.4695761589768238e-15
 31
0.0
  0
INSERT
  5
5A7
330
5A2
100
AcDbEntity
  8
M-GOST-DISOLCU
100
AcDbBlockReference
  2
_OBLIQUE
 10
2210.0
 20
100.0
 30
0.0
 41
16.0
 42
16.0
 50
90.0
  0
INSERT
  5
5A9
330
5A2
100
AcDbEntity
  8
M-GOST-DISOLCU
100
AcDbBlockReference
  2
_OBLIQUE
 10
2210.0
 20
0.0
 30
0.0
 41
16.0
 42
16.0
 50
90.0
  0
LINE
  5
5AB
330
5A2
100
AcDbEntity
  8
0
100
AcDbLine
 10
2210.0
 20
100.0
 30
0.0
 11
2210.0
 21
0.0
 31
0.0
  0
MTEXT
  5
5AC
330
5A2
100
AcDbEntity
  8
M-GOST-DISOLCU
100
AcDbMText
 10
2221.48
 20
50.0
 30
0.0
 40
12.96
 71
5
  1
100
  7
YAZI
 50
90.0
  0
POINT
  5
5AD
330
5A2
100
AcDbEntity
  8
Defpoints
100
AcDbPoint
 10
2210.0
 20
100.0
 30
0.0
  0
POINT
  5
5AE
330
5A2
100
AcDbEntity
  8
Defpoints
100
AcDbPoint
 10
2210.0
 20
100.0
 30
0.0
  0
POINT
  5
5AF
330
5A2
100
AcDbEntity
  8
Defpoints
100
AcDbPoint
 10
2210.0
 20
0.0
 30
0.0
  0
ENDBLK
  5
5A4
330
5A2
100
AcDbEntity
  8
0
100
AcDbBlockEnd
  0
BLOCK
  5
5B2
330
5B1
100
AcDbEntity
  8
0
100
AcDbBlockBegin
  2
*D47
 70
1
 10
0.0
 20
0.0
 30
0.0
  3
*D47
  1

  0
LINE
  5
5B4
330
5B1
100
AcDbEntity
  8
0
100
AcDbLine
 10
2270.0
 20
1500.0
 30
0.0
 11
2258.0
 21
1500.0
 31
0.0
  0
LINE
  5
5B5
330
5B1
100
AcDbEntity
  8
0
100
AcDbLine
 10
2270.0
 20
980.0
 30
0.0
 11
2258.0
 21
980.0
 31
0.0
  0
INSERT
  5
5B6
330
5B1
100
AcDbEntity
  8
M-GOST-DISOLCU
100
AcDbBlockReference
  2
_OBLIQUE
 10
2270.0
 20
1500.0
 30
0.0
 41
16.0
 42
16.0
 50
90.0
  0
INSERT
  5
5B8
330
5B1
100
AcDbEntity
  8
M-GOST-DISOLCU
100
AcDbBlockReference
  2
_OBLIQUE
 10
2270.0
 20
980.0
 30
0.0
 41
16.0
 42
16.0
 50
90.0
  0
LINE
  5
5BA
330
5B1
100
AcDbEntity
  8
0
100
AcDbLine
 10
2270.0
 20
1500.0
 30
0.0
 11
2270.0
 21
980.0
 31
0.0
  0
MTEXT
  5
5BB
330
5B1
100
AcDbEntity
  8
M-GOST-DISOLCU
100
AcDbMText
 10
2281.48
 20
1240.0
 30
0.0
 40
12.96
 71
5
  1
520
  7
YAZI
 50
90.0
  0
POINT
  5
5BC
330
5B1
100
AcDbEntity
  8
Defpoints
100
AcDbPoint
 10
2270.0
 20
1500.0
 30
0.0
  0
POINT
  5
5BD
330
5B1
100
AcDbEntity
  8
Defpoints
100
AcDbPoint
 10
2270.0
 20
1500.0
 30
0.0
  0
POINT
  5
5BE
330
5B1
100
AcDbEntity
  8
Defpoints
100
AcDbPoint
 10
2270.0
 20
980.0
 30
0.0
  0
ENDBLK
  5
5B3
330
5B1
100
AcDbEntity
  8
0
100
AcDbBlockEnd
  0
BLOCK
  5
5C1
330
5C0
100
AcDbEntity
  8
0
100
AcDbBlockBegin
  2
*D48
 70
1
 10
0.0
 20
0.0
 30
0.0
  3
*D48
  1

  0
LINE
  5
5C3
330
5C0
100
AcDbEntity
  8
0
100
AcDbLine
 10
2270.0
 20
980.0
 30
0.0
 11
2258.0
 21
980.0
 31
0.0
  0
LINE
  5
5C4
330
5C0
100
AcDbEntity
  8
0
100
AcDbLine
 10
2270.0
 20
500.0
 30
0.0
 11
2258.0
 21
500.0
 31
0.0
  0
INSERT
  5
5C5
330
5C0
100
AcDbEntity
  8
M-GOST-DISOLCU
100
AcDbBlockReference
  2
_OBLIQUE
 10
2270.0
 20
980.0
 30
0.0
 41
16.0
 42
16.0
 50
90.0
  0
INSERT
  5
5C7
330
5C0
100
AcDbEntity
  8
M-GOST-DISOLCU
100
AcDbBlockReference
  2
_OBLIQUE
 10
2270.0
 20
500.0
 30
0.0
 41
16.0
 42
16.0
 50
90.0
  0
LINE
  5
5C9
330
5C0
100
AcDbEntity
  8
0
100
AcDbLine
 10
2270.0
 20
980.0
 30
0.0
 11
2270.0
 21
500.0
 31
0.0
  0
MTEXT
  5
5CA
330
5C0
100
AcDbEntity
  8
M-GOST-DISOLCU
100
AcDbMText
 10
2281.48
 20
740.0
 30
0.0
 40
12.96
 71
5
  1
480
  7
YAZI
 50
90.0
  0
POINT
  5
5CB
330
5C0
100
AcDbEntity
  8
Defpoints
100
AcDbPoint
 10
2270.0
 20
980.0
 30
0.0
  0
POINT
  5
5CC
330
5C0
100
AcDbEntity
  8
Defpoints
100
AcDbPoint
 10
2270.0
 20
980.0
 30
0.0
  0
POINT
  5
5CD
330
5C0
100
AcDbEntity
  8
Defpoints
100
AcDbPoint
 10
2270.0
 20
500.0
 30
0.0
  0
ENDBLK
  5
5C2
330
5C0
100
AcDbEntity
  8
0
100
AcDbBlockEnd
  0
BLOCK
  5
5D0
330
5CF
100
AcDbEntity
  8
0
100
AcDbBlockBegin
  2
*D49
 70
1
 10
0.0
 20
0.0
 30
0.0
  3
*D49
  1

  0
LINE
  5
5D2
330
5CF
100
AcDbEntity
  8
0
100
AcDbLine
 10
2270.0
 20
500.0
 30
0.0
 11
2258.0
 21
500.0
 31
0.0
  0
LINE
  5
5D3
330
5CF
100
AcDbEntity
  8
0
100
AcDbLine
 10
2270.0
 20
0.0
 30
0.0
 11
2258.0
 21
1.4695761589768238e-15
 31
0.0
  0
INSERT
  5
5D4
330
5CF
100
AcDbEntity
  8
M-GOST-DISOLCU
100
AcDbBlockReference
  2
_OBLIQUE
 10
2270.0
 20
500.0
 30
0.0
 41
16.0
 42
16.0
 50
90.0
  0
INSERT
  5
5D6
330
5CF
100
AcDbEntity
  8
M-GOST-DISOLCU
100
AcDbBlockReference
  2
_OBLIQUE
 10
2270.0
 20
0.0
 30
0.0
 41
16.0
 42
16.0
 50
90.0
  0
LINE
  5
5D8
330
5CF
100
AcDbEntity
  8
0
100
AcDbLine
 10
2270.0
 20
500.0
 30
0.0
 11
2270.0
 21
0.0
 31
0.0
  0
MTEXT
  5
5D9
330
5CF
100
AcDbEntity
  8
M-GOST-DISOLCU
100
AcDbMText
 10
2281.48
 20
250.0
 30
0.0
 40
12.96
 71
5
  1
500
  7
YAZI
 50
90.0
  0
POINT
  5
5DA
330
5CF
100
AcDbEntity
  8
Defpoints
100
AcDbPoint
 10
2270.0
 20
500.0
 30
0.0
  0
POINT
  5
5DB
330
5CF
100
AcDbEntity
  8
Defpoints
100
AcDbPoint
 10
2270.0
 20
500.0
 30
0.0
  0
POINT
  5
5DC
330
5CF
100
AcDbEntity
  8
Defpoints
100
AcDbPoint
 10
2270.0
 20
0.0
 30
0.0
  0
ENDBLK
  5
5D1
330
5CF
100
AcDbEntity
  8
0
100
AcDbBlockEnd
  0
BLOCK
  5
5DF
330
5DE
100
AcDbEntity
  8
0
100
AcDbBlockBegin
  2
*D50
 70
1
 10
0.0
 20
0.0
 30
0.0
  3
*D50
  1

  0
LINE
  5
5E1
330
5DE
100
AcDbEntity
  8
0
100
AcDbLine
 10
2330.0
 20
1500.0
 30
0.0
 11
2318.0
 21
1500.0
 31
0.0
  0
LINE
  5
5E2
330
5DE
100
AcDbEntity
  8
0
100
AcDbLine
 10
2330.0
 20
0.0
 30
0.0
 11
2318.0
 21
1.4695761589768238e-15
 31
0.0
  0
INSERT
  5
5E3
330
5DE
100
AcDbEntity
  8
M-GOST-DISOLCU
100
AcDbBlockReference
  2
_OBLIQUE
 10
2330.0
 20
1500.0
 30
0.0
 41
16.0
 42
16.0
 50
90.0
  0
INSERT
  5
5E5
330
5DE
100
AcDbEntity
  8
M-GOST-DISOLCU
100
AcDbBlockReference
  2
_OBLIQUE
 10
2330.0
 20
0.0
 30
0.0
 41
16.0
 42
16.0
 50
90.0
  0
LINE
  5
5E7
330
5DE
100
AcDbEntity
  8
0
100
AcDbLine
 10
2330.0
 20
1500.0
 30
0.0
 11
2330.0
 21
0.0
 31
0.0
  0
MTEXT
  5
5E8
330
5DE
100
AcDbEntity
  8
M-GOST-DISOLCU
100
AcDbMText
 10
2341.48
 20
750.0
 30
0.0
 40
12.96
 71
5
  1
1500
  7
YAZI
 50
90.0
  0
POINT
  5
5E9
330
5DE
100
AcDbEntity
  8
Defpoints
100
AcDbPoint
 10
2330.0
 20
1500.0
 30
0.0
  0
POINT
  5
5EA
330
5DE
100
AcDbEntity
  8
Defpoints
100
AcDbPoint
 10
2330.0
 20
1500.0
 30
0.0
  0
POINT
  5
5EB
330
5DE
100
AcDbEntity
  8
Defpoints
100
AcDbPoint
 10
2330.0
 20
0.0
 30
0.0
  0
ENDBLK
  5
5E0
330
5DE
100
AcDbEntity
  8
0
100
AcDbBlockEnd
  0
BLOCK
  5
5F7
330
5F6
100
AcDbEntity
  8
0
100
AcDbBlockBegin
  2
*D51
 70
1
 10
0.0
 20
0.0
 30
0.0
  3
*D51
  1

  0
LINE
  5
5F9
330
5F6
100
AcDbEntity
  8
0
100
AcDbLine
 10
0.0
 20
270.0
 30
0.0
 11
7.347880794884119e-16
 21
282.0
 31
0.0
  0
LINE
  5
5FA
330
5F6
100
AcDbEntity
  8
0
100
AcDbLine
 10
35.0
 20
270.0
 30
0.0
 11
35.0
 21
282.0
 31
0.0
  0
INSERT
  5
5FB
330
5F6
100
AcDbEntity
  8
M-GOST-ICOLCU
100
AcDbBlockReference
  2
_OBLIQUE
 10
0.0
 20
270.0
 30
0.0
 41
16.0
 42
16.0
  0
INSERT
  5
5FD
330
5F6
100
AcDbEntity
  8
M-GOST-ICOLCU
100
AcDbBlockReference
  2
_OBLIQUE
 10
35.0
 20
270.0
 30
0.0
 41
16.0
 42
16.0
  0
LINE
  5
5FF
330
5F6
100
AcDbEntity
  8
0
100
AcDbLine
 10
0.0
 20
270.0
 30
0.0
 11
35.0
 21
270.0
 31
0.0
  0
MTEXT
  5
600
330
5F6
100
AcDbEntity
  8
M-GOST-ICOLCU
100
AcDbMText
 10
17.5
 20
281.48
 30
0.0
 40
12.96
 71
5
  1
35
  7
YAZI
  0
POINT
  5
601
330
5F6
100
AcDbEntity
  8
Defpoints
100
AcDbPoint
 10
0.0
 20
270.0
 30
0.0
  0
POINT
  5
602
330
5F6
100
AcDbEntity
  8
Defpoints
100
AcDbPoint
 10
0.0
 20
270.0
 30
0.0
  0
POINT
  5
603
330
5F6
100
AcDbEntity
  8
Defpoints
100
AcDbPoint
 10
35.0
 20
270.0
 30
0.0
  0
ENDBLK
  5
5F8
330
5F6
100
AcDbEntity
  8
0
100
AcDbBlockEnd
  0
BLOCK
  5
606
330
605
100
AcDbEntity
  8
0
100
AcDbBlockBegin
  2
*D52
 70
1
 10
0.0
 20
0.0
 30
0.0
  3
*D52
  1

  0
LINE
  5
608
330
605
100
AcDbEntity
  8
0
100
AcDbLine
 10
35.0
 20
270.0
 30
0.0
 11
35.0
 21
282.0
 31
0.0
  0
LINE
  5
609
330
605
100
AcDbEntity
  8
0
100
AcDbLine
 10
772.5
 20
270.0
 30
0.0
 11
772.5
 21
282.0
 31
0.0
  0
INSERT
  5
60A
330
605
100
AcDbEntity
  8
M-GOST-ICOLCU
100
AcDbBlockReference
  2
_OBLIQUE
 10
35.0
 20
270.0
 30
0.0
 41
16.0
 42
16.0
  0
INSERT
  5
60C
330
605
100
AcDbEntity
  8
M-GOST-ICOLCU
100
AcDbBlockReference
  2
_OBLIQUE
 10
772.5
 20
270.0
 30
0.0
 41
16.0
 42
16.0
  0
LINE
  5
60E
330
605
100
AcDbEntity
  8
0
100
AcDbLine
 10
35.0
 20
270.0
 30
0.0
 11
772.5
 21
270.0
 31
0.0
  0
MTEXT
  5
60F
330
605
100
AcDbEntity
  8
M-GOST-ICOLCU
100
AcDbMText
 10
403.75
 20
281.48
 30
0.0
 40
12.96
 71
5
  1
738
  7
YAZI
  0
POINT
  5
610
330
605
100
AcDbEntity
  8
Defpoints
100
AcDbPoint
 10
35.0
 20
270.0
 30
0.0
  0
POINT
  5
611
330
605
100
AcDbEntity
  8
Defpoints
100
AcDbPoint
 10
35.0
 20
270.0
 30
0.0
  0
POINT
  5
612
330
605
100
AcDbEntity
  8
Defpoints
100
AcDbPoint
 10
772.5
 20
270.0
 30
0.0
  0
ENDBLK
  5
607
330
605
100
AcDbEntity
  8
0
100
AcDbBlockEnd
  0
BLOCK
  5
615
330
614
100
AcDbEntity
  8
0
100
AcDbBlockBegin
  2
*D53
 70
1
 10
0.0
 20
0.0
 30
0.0
  3
*D53
  1

  0
LINE
  5
617
330
614
100
AcDbEntity
  8
0
100
AcDbLine
 10
772.5
 20
270.0
 30
0.0
 11
772.5
 21
282.0
 31
0.0
  0
LINE
  5
618
330
614
100
AcDbEntity
  8
0
100
AcDbLine
 10
787.5
 20
270.0
 30
0.0
 11
787.5
 21
282.0
 31
0.0
  0
INSERT
  5
619
330
614
100
AcDbEntity
  8
M-GOST-ICOLCU
100
AcDbBlockReference
  2
_OBLIQUE
 10
772.5
 20
270.0
 30
0.0
 41
16.0
 42
16.0
  0
INSERT
  5
61B
330
614
100
AcDbEntity
  8
M-GOST-ICOLCU
100
AcDbBlockReference
  2
_OBLIQUE
 10
787.5
 20
270.0
 30
0.0
 41
16.0
 42
16.0
  0
LINE
  5
61D
330
614
100
AcDbEntity
  8
0
100
AcDbLine
 10
772.5
 20
270.0
 30
0.0
 11
787.5
 21
270.0
 31
0.0
  0
MTEXT
  5
61E
330
614
100
AcDbEntity
  8
M-GOST-ICOLCU
100
AcDbMText
 10
780.0
 20
293.48
 30
0.0
 40
12.96
 71
5
  1
15
  7
YAZI
  0
POINT
  5
61F
330
614
100
AcDbEntity
  8
Defpoints
100
AcDbPoint
 10
772.5
 20
270.0
 30
0.0
  0
POINT
  5
620
330
614
100
AcDbEntity
  8
Defpoints
100
AcDbPoint
 10
772.5
 20
270.0
 30
0.0
  0
POINT
  5
621
330
614
100
AcDbEntity
  8
Defpoints
100
AcDbPoint
 10
787.5
 20
270.0
 30
0.0
  0
ENDBLK
  5
616
330
614
100
AcDbEntity
  8
0
100
AcDbBlockEnd
  0
BLOCK
  5
624
330
623
100
AcDbEntity
  8
0
100
AcDbBlockBegin
  2
*D54
 70
1
 10
0.0
 20
0.0
 30
0.0
  3
*D54
  1

  0
LINE
  5
626
330
623
100
AcDbEntity
  8
0
100
AcDbLine
 10
787.5
 20
270.0
 30
0.0
 11
787.5
 21
282.0
 31
0.0
  0
LINE
  5
627
330
623
100
AcDbEntity
  8
0
100
AcDbLine
 10
1252.5
 20
270.0
 30
0.0
 11
1252.5
 21
282.0
 31
0.0
  0
INSERT
  5
628
330
623
100
AcDbEntity
  8
M-GOST-ICOLCU
100
AcDbBlockReference
  2
_OBLIQUE
 10
787.5
 20
270.0
 30
0.0
 41
16.0
 42
16.0
  0
INSERT
  5
62A
330
623
100
AcDbEntity
  8
M-GOST-ICOLCU
100
AcDbBlockReference
  2
_OBLIQUE
 10
1252.5
 20
270.0
 30
0.0
 41
16.0
 42
16.0
  0
LINE
  5
62C
330
623
100
AcDbEntity
  8
0
100
AcDbLine
 10
787.5
 20
270.0
 30
0.0
 11
1252.5
 21
270.0
 31
0.0
  0
MTEXT
  5
62D
330
623
100
AcDbEntity
  8
M-GOST-ICOLCU
100
AcDbMText
 10
1020.0
 20
281.48
 30
0.0
 40
12.96
 71
5
  1
465
  7
YAZI
  0
POINT
  5
62E
330
623
100
AcDbEntity
  8
Defpoints
100
AcDbPoint
 10
787.5
 20
270.0
 30
0.0
  0
POINT
  5
62F
330
623
100
AcDbEntity
  8
Defpoints
100
AcDbPoint
 10
787.5
 20
270.0
 30
0.0
  0
POINT
  5
630
330
623
100
AcDbEntity
  8
Defpoints
100
AcDbPoint
 10
1252.5
 20
270.0
 30
0.0
  0
ENDBLK
  5
625
330
623
100
AcDbEntity
  8
0
100
AcDbBlockEnd
  0
BLOCK
  5
633
330
632
100
AcDbEntity
  8
0
100
AcDbBlockBegin
  2
*D55
 70
1
 10
0.0
 20
0.0
 30
0.0
  3
*D55
  1

  0
LINE
  5
635
330
632
100
AcDbEntity
  8
0
100
AcDbLine
 10
1252.5
 20
270.0
 30
0.0
 11
1252.5
 21
282.0
 31
0.0
  0
LINE
  5
636
330
632
100
AcDbEntity
  8
0
100
AcDbLine
 10
1267.5
 20
270.0
 30
0.0
 11
1267.5
 21
282.0
 31
0.0
  0
INSERT
  5
637
330
632
100
AcDbEntity
  8
M-GOST-ICOLCU
100
AcDbBlockReference
  2
_OBLIQUE
 10
1252.5
 20
270.0
 30
0.0
 41
16.0
 42
16.0
  0
INSERT
  5
639
330
632
100
AcDbEntity
  8
M-GOST-ICOLCU
100
AcDbBlockReference
  2
_OBLIQUE
 10
1267.5
 20
270.0
 30
0.0
 41
16.0
 42
16.0
  0
LINE
  5
63B
330
632
100
AcDbEntity
  8
0
100
AcDbLine
 10
1252.5
 20
270.0
 30
0.0
 11
1267.5
 21
270.0
 31
0.0
  0
MTEXT
  5
63C
330
632
100
AcDbEntity
  8
M-GOST-ICOLCU
100
AcDbMText
 10
1260.0
 20
293.48
 30
0.0
 40
12.96
 71
5
  1
15
  7
YAZI
  0
POINT
  5
63D
330
632
100
AcDbEntity
  8
Defpoints
100
AcDbPoint
 10
1252.5
 20
270.0
 30
0.0
  0
POINT
  5
63E
330
632
100
AcDbEntity
  8
Defpoints
100
AcDbPoint
 10
1252.5
 20
270.0
 30
0.0
  0
POINT
  5
63F
330
632
100
AcDbEntity
  8
Defpoints
100
AcDbPoint
 10
1267.5
 20
270.0
 30
0.0
  0
ENDBLK
  5
634
330
632
100
AcDbEntity
  8
0
100
AcDbBlockEnd
  0
BLOCK
  5
642
330
641
100
AcDbEntity
  8
0
100
AcDbBlockBegin
  2
*D56
 70
1
 10
0.0
 20
0.0
 30
0.0
  3
*D56
  1

  0
LINE
  5
644
330
641
100
AcDbEntity
  8
0
100
AcDbLine
 10
1267.5
 20
270.0
 30
0.0
 11
1267.5
 21
282.0
 31
0.0
  0
LINE
  5
645
330
641
100
AcDbEntity
  8
0
100
AcDbLine
 10
1965.0
 20
270.0
 30
0.0
 11
1965.0
 21
282.0
 31
0.0
  0
INSERT
  5
646
330
641
100
AcDbEntity
  8
M-GOST-ICOLCU
100
AcDbBlockReference
  2
_OBLIQUE
 10
1267.5
 20
270.0
 30
0.0
 41
16.0
 42
16.0
  0
INSERT
  5
648
330
641
100
AcDbEntity
  8
M-GOST-ICOLCU
100
AcDbBlockReference
  2
_OBLIQUE
 10
1965.0
 20
270.0
 30
0.0
 41
16.0
 42
16.0
  0
LINE
  5
64A
330
641
100
AcDbEntity
  8
0
100
AcDbLine
 10
1267.5
 20
270.0
 30
0.0
 11
1965.0
 21
270.0
 31
0.0
  0
MTEXT
  5
64B
330
641
100
AcDbEntity
  8
M-GOST-ICOLCU
100
AcDbMText
 10
1616.25
 20
281.48
 30
0.0
 40
12.96
 71
5
  1
698
  7
YAZI
  0
POINT
  5
64C
330
641
100
AcDbEntity
  8
Defpoints
100
AcDbPoint
 10
1267.5
 20
270.0
 30
0.0
  0
POINT
  5
64D
330
641
100
AcDbEntity
  8
Defpoints
100
AcDbPoint
 10
1267.5
 20
270.0
 30
0.0
  0
POINT
  5
64E
330
641
100
AcDbEntity
  8
Defpoints
100
AcDbPoint
 10
1965.0
 20
270.0
 30
0.0
  0
ENDBLK
  5
643
330
641
100
AcDbEntity
  8
0
100
AcDbBlockEnd
  0
BLOCK
  5
651
330
650
100
AcDbEntity
  8
0
100
AcDbBlockBegin
  2
*D57
 70
1
 10
0.0
 20
0.0
 30
0.0
  3
*D57
  1

  0
LINE
  5
653
330
650
100
AcDbEntity
  8
0
100
AcDbLine
 10
1965.0
 20
270.0
 30
0.0
 11
1965.0
 21
282.0
 31
0.0
  0
LINE
  5
654
330
650
100
AcDbEntity
  8
0
100
AcDbLine
 10
2000.0
 20
270.0
 30
0.0
 11
2000.0
 21
282.0
 31
0.0
  0
INSERT
  5
655
330
650
100
AcDbEntity
  8
M-GOST-ICOLCU
100
AcDbBlockReference
  2
_OBLIQUE
 10
1965.0
 20
270.0
 30
0.0
 41
16.0
 42
16.0
  0
INSERT
  5
657
330
650
100
AcDbEntity
  8
M-GOST-ICOLCU
100
AcDbBlockReference
  2
_OBLIQUE
 10
2000.0
 20
270.0
 30
0.0
 41
16.0
 42
16.0
  0
LINE
  5
659
330
650
100
AcDbEntity
  8
0
100
AcDbLine
 10
1965.0
 20
270.0
 30
0.0
 11
2000.0
 21
270.0
 31
0.0
  0
MTEXT
  5
65A
330
650
100
AcDbEntity
  8
M-GOST-ICOLCU
100
AcDbMText
 10
1982.5
 20
281.48
 30
0.0
 40
12.96
 71
5
  1
35
  7
YAZI
  0
POINT
  5
65B
330
650
100
AcDbEntity
  8
Defpoints
100
AcDbPoint
 10
1965.0
 20
270.0
 30
0.0
  0
POINT
  5
65C
330
650
100
AcDbEntity
  8
Defpoints
100
AcDbPoint
 10
1965.0
 20
270.0
 30
0.0
  0
POINT
  5
65D
330
650
100
AcDbEntity
  8
Defpoints
100
AcDbPoint
 10
2000.0
 20
270.0
 30
0.0
  0
ENDBLK
  5
652
330
650
100
AcDbEntity
  8
0
100
AcDbBlockEnd
  0
BLOCK
  5
660
330
65F
100
AcDbEntity
  8
0
100
AcDbBlockBegin
  2
*D58
 70
1
 10
0.0
 20
0.0
 30
0.0
  3
*D58
  1

  0
LINE
  5
662
330
65F
100
AcDbEntity
  8
0
100
AcDbLine
 10
300.0
 20
1500.0
 30
0.0
 11
288.0
 21
1500.0
 31
0.0
  0
LINE
  5
663
330
65F
100
AcDbEntity
  8
0
100
AcDbLine
 10
300.0
 20
1465.0
 30
0.0
 11
288.0
 21
1465.0
 31
0.0
  0
INSERT
  5
664
330
65F
100
AcDbEntity
  8
M-GOST-ICOLCU
100
AcDbBlockReference
  2
_OBLIQUE
 10
300.0
 20
1500.0
 30
0.0
 41
16.0
 42
16.0
 50
90.0
  0
INSERT
  5
666
330
65F
100
AcDbEntity
  8
M-GOST-ICOLCU
100
AcDbBlockReference
  2
_OBLIQUE
 10
300.0
 20
1465.0
 30
0.0
 41
16.0
 42
16.0
 50
90.0
  0
LINE
  5
668
330
65F
100
AcDbEntity
  8
0
100
AcDbLine
 10
300.0
 20
1500.0
 30
0.0
 11
300.0
 21
1465.0
 31
0.0
  0
MTEXT
  5
669
330
65F
100
AcDbEntity
  8
M-GOST-ICOLCU
100
AcDbMText
 10
311.48
 20
1482.5
 30
0.0
 40
12.96
 71
5
  1
35
  7
YAZI
 50
90.0
  0
POINT
  5
66A
330
65F
100
AcDbEntity
  8
Defpoints
100
AcDbPoint
 10
300.0
 20
1500.0
 30
0.0
  0
POINT
  5
66B
330
65F
100
AcDbEntity
  8
Defpoints
100
AcDbPoint
 10
300.0
 20
1500.0
 30
0.0
  0
POINT
  5
66C
330
65F
100
AcDbEntity
  8
Defpoints
100
AcDbPoint
 10
300.0
 20
1465.0
 30
0.0
  0
ENDBLK
  5
661
330
65F
100
AcDbEntity
  8
0
100
AcDbBlockEnd
  0
BLOCK
  5
66F
330
66E
100
AcDbEntity
  8
0
100
AcDbBlockBegin
  2
*D59
 70
1
 10
0.0
 20
0.0
 30
0.0
  3
*D59
  1

  0
LINE
  5
671
330
66E
100
AcDbEntity
  8
0
100
AcDbLine
 10
300.0
 20
1465.0
 30
0.0
 11
288.0
 21
1465.0
 31
0.0
  0
LINE
  5
672
330
66E
100
AcDbEntity
  8
0
100
AcDbLine
 10
300.0
 20
987.5
 30
0.0
 11
288.0
 21
987.5
 31
0.0
  0
INSERT
  5
673
330
66E
100
AcDbEntity
  8
M-GOST-ICOLCU
100
AcDbBlockReference
  2
_OBLIQUE
 10
300.0
 20
1465.0
 30
0.0
 41
16.0
 42
16.0
 50
90.0
  0
INSERT
  5
675
330
66E
100
AcDbEntity
  8
M-GOST-ICOLCU
100
AcDbBlockReference
  2
_OBLIQUE
 10
300.0
 20
987.5
 30
0.0
 41
16.0
 42
16.0
 50
90.0
  0
LINE
  5
677
330
66E
100
AcDbEntity
  8
0
100
AcDbLine
 10
300.0
 20
1465.0
 30
0.0
 11
300.0
 21
987.5
 31
0.0
  0
MTEXT
  5
678
330
66E
100
AcDbEntity
  8
M-GOST-ICOLCU
100
AcDbMText
 10
311.48
 20
1226.25
 30
0.0
 40
12.96
 71
5
  1
478
  7
YAZI
 50
90.0
  0
POINT
  5
679
330
66E
100
AcDbEntity
  8
Defpoints
100
AcDbPoint
 10
300.0
 20
1465.0
 30
0.0
  0
POINT
  5
67A
330
66E
100
AcDbEntity
  8
Defpoints
100
AcDbPoint
 10
300.0
 20
1465.0
 30
0.0
  0
POINT
  5
67B
330
66E
100
AcDbEntity
  8
Defpoints
100
AcDbPoint
 10
300.0
 20
987.5
 30
0.0
  0
ENDBLK
  5
670
330
66E
100
AcDbEntity
  8
0
100
AcDbBlockEnd
  0
BLOCK
  5
67E
330
67D
100
AcDbEntity
  8
0
100
AcDbBlockBegin
  2
*D60
 70
1
 10
0.0
 20
0.0
 30
0.0
  3
*D60
  1

  0
LINE
  5
680
330
67D
100
AcDbEntity
  8
0
100
AcDbLine
 10
300.0
 20
987.5
 30
0.0
 11
288.0
 21
987.5
 31
0.0
  0
LINE
  5
681
330
67D
100
AcDbEntity
  8
0
100
AcDbLine
 10
300.0
 20
972.5
 30
0.0
 11
288.0
 21
972.5
 31
0.0
  0
INSERT
  5
682
330
67D
100
AcDbEntity
  8
M-GOST-ICOLCU
100
AcDbBlockReference
  2
_OBLIQUE
 10
300.0
 20
987.5
 30
0.0
 41
16.0
 42
16.0
 50
90.0
  0
INSERT
  5
684
330
67D
100
AcDbEntity
  8
M-GOST-ICOLCU
100
AcDbBlockReference
  2
_OBLIQUE
 10
300.0
 20
972.5
 30
0.0
 41
16.0
 42
16.0
 50
90.0
  0
LINE
  5
686
330
67D
100
AcDbEntity
  8
0
100
AcDbLine
 10
300.0
 20
987.5
 30
0.0
 11
300.0
 21
972.5
 31
0.0
  0
MTEXT
  5
687
330
67D
100
AcDbEntity
  8
M-GOST-ICOLCU
100
AcDbMText
 10
323.48
 20
980.0
 30
0.0
 40
12.96
 71
5
  1
15
  7
YAZI
 50
90.0
  0
POINT
  5
688
330
67D
100
AcDbEntity
  8
Defpoints
100
AcDbPoint
 10
300.0
 20
987.5
 30
0.0
  0
POINT
  5
689
330
67D
100
AcDbEntity
  8
Defpoints
100
AcDbPoint
 10
300.0
 20
987.5
 30
0.0
  0
POINT
  5
68A
330
67D
100
AcDbEntity
  8
Defpoints
100
AcDbPoint
 10
300.0
 20
972.5
 30
0.0
  0
ENDBLK
  5
67F
330
67D
100
AcDbEntity
  8
0
100
AcDbBlockEnd
  0
BLOCK
  5
68D
330
68C
100
AcDbEntity
  8
0
100
AcDbBlockBegin
  2
*D61
 70
1
 10
0.0
 20
0.0
 30
0.0
  3
*D61
  1

  0
LINE
  5
68F
330
68C
100
AcDbEntity
  8
0
100
AcDbLine
 10
300.0
 20
972.5
 30
0.0
 11
288.0
 21
972.5
 31
0.0
  0
LINE
  5
690
330
68C
100
AcDbEntity
  8
0
100
AcDbLine
 10
300.0
 20
35.0
 30
0.0
 11
288.0
 21
35.0
 31
0.0
  0
INSERT
  5
691
330
68C
100
AcDbEntity
  8
M-GOST-ICOLCU
100
AcDbBlockReference
  2
_OBLIQUE
 10
300.0
 20
972.5
 30
0.0
 41
16.0
 42
16.0
 50
90.0
  0
INSERT
  5
693
330
68C
100
AcDbEntity
  8
M-GOST-ICOLCU
100
AcDbBlockReference
  2
_OBLIQUE
 10
300.0
 20
35.0
 30
0.0
 41
16.0
 42
16.0
 50
90.0
  0
LINE
  5
695
330
68C
100
AcDbEntity
  8
0
100
AcDbLine
 10
300.0
 20
972.5
 30
0.0
 11
300.0
 21
35.0
 31
0.0
  0
MTEXT
  5
696
330
68C
100
AcDbEntity
  8
M-GOST-ICOLCU
100
AcDbMText
 10
311.48
 20
503.75
 30
0.0
 40
12.96
 71
5
  1
938
  7
YAZI
 50
90.0
  0
POINT
  5
697
330
68C
100
AcDbEntity
  8
Defpoints
100
AcDbPoint
 10
300.0
 20
972.5
 30
0.0
  0
POINT
  5
698
330
68C
100
AcDbEntity
  8
Defpoints
100
AcDbPoint
 10
300.0
 20
972.5
 30
0.0
  0
POINT
  5
699
330
68C
100
AcDbEntity
  8
Defpoints
100
AcDbPoint
 10
300.0
 20
35.0
 30
0.0
  0
ENDBLK
  5
68E
330
68C
100
AcDbEntity
  8
0
100
AcDbBlockEnd
  0
BLOCK
  5
69C
330
69B
100
AcDbEntity
  8
0
100
AcDbBlockBegin
  2
*D62
 70
1
 10
0.0
 20
0.0
 30
0.0
  3
*D62
  1

  0
LINE
  5
69E
330
69B
100
AcDbEntity
  8
0
100
AcDbLine
 10
300.0
 20
35.0
 30
0.0
 11
288.0
 21
35.0
 31
0.0
  0
LINE
  5
69F
330
69B
100
AcDbEntity
  8
0
100
AcDbLine
 10
300.0
 20
0.0
 30
0.0
 11
288.0
 21
1.4695761589768238e-15
 31
0.0
  0
INSERT
  5
6A0
330
69B
100
AcDbEntity
  8
M-GOST-ICOLCU
100
AcDbBlockReference
  2
_OBLIQUE
 10
300.0
 20
35.0
 30
0.0
 41
16.0
 42
16.0
 50
90.0
  0
INSERT
  5
6A2
330
69B
100
AcDbEntity
  8
M-GOST-ICOLCU
100
AcDbBlockReference
  2
_OBLIQUE
 10
300.0
 20
0.0
 30
0.0
 41
16.0
 42
16.0
 50
90.0
  0
LINE
  5
6A4
330
69B
100
AcDbEntity
  8
0
100
AcDbLine
 10
300.0
 20
35.0
 30
0.0
 11
300.0
 21
0.0
 31
0.0
  0
MTEXT
  5
6A5
330
69B
100
AcDbEntity
  8
M-GOST-ICOLCU
100
AcDbMText
 10
311.48
 20
17.5
 30
0.0
 40
12.96
 71
5
  1
35
  7
YAZI
 50
90.0
  0
POINT
  5
6A6
330
69B
100
AcDbEntity
  8
Defpoints
100
AcDbPoint
 10
300.0
 20
35.0
 30
0.0
  0
POINT
  5
6A7
330
69B
100
AcDbEntity
  8
Defpoints
100
AcDbPoint
 10
300.0
 20
35.0
 30
0.0
  0
POINT
  5
6A8
330
69B
100
AcDbEntity
  8
Defpoints
100
AcDbPoint
 10
300.0
 20
0.0
 30
0.0
  0
ENDBLK
  5
69D
330
69B
100
AcDbEntity
  8
0
100
AcDbBlockEnd
  0
ENDSEC
  0
SECTION
  2
ENTITIES
  0
HATCH
  5
52
330
17
100
AcDbEntity
  8
M-KALD-TAS-T
 62
7
100
AcDbHatch
 10
0.0
 20
0.0
 30
0.0
210
0.0
220
0.0
230
1.0
  2
NET
 70
0
 71
0
 91
1
 92
3
 72
0
 73
1
 93
4
 10
0.0
 20
0.0
 10
2000.0
 20
0.0
 10
2000.0
 20
-400.0
 10
0.0
 20
-400.0
 97
0
 75
1
 76
1
 52
0.0
 41
16.0
 77
0
 78
2
 53
0.0
 43
0.0
 44
0.0
 45
0.0
 46
50.8
 79
0
 53
90.0
 43
0.0
 44
0.0
 45
-50.8
 46
0.0
 79
0
 98
0
  0
LWPOLYLINE
  5
54
330
17
100
AcDbEntity
  8
M-KALD-TAS
100
AcDbPolyline
 90
4
 70
1
 10
0.0
 20
0.0
 10
2000.0
 20
0.0
 10
2000.0
 20
-400.0
 10
0.0
 20
-400.0
  0
LWPOLYLINE
  5
56
330
17
100
AcDbEntity
  8
M-GOST-IZDUSUM
100
AcDbPolyline
 90
4
 70
1
 10
1270.0
 20
-5.0
 10
1990.0
 20
-5.0
 10
1990.0
 20
-395.0
 10
1270.0
 20
-395.0
  0
HATCH
  5
57
330
17
100
AcDbEntity
  8
M-KALD-TAS-T
100
AcDbHatch
 10
0.0
 20
0.0
 30
0.0
210
0.0
220
0.0
230
1.0
  2
SOLID
 70
1
 71
0
 91
1
 92
3
 72
0
 73
1
 93
4
 10
1270.0
 20
-370.0
 10
1290.0
 20
-370.0
 10
1290.0
 20
-390.0
 10
1270.0
 20
-390.0
 97
0
 75
1
 76
1
 98
0
  0
HATCH
  5
58
330
17
100
AcDbEntity
  8
M-KALD-TAS-T
100
AcDbHatch
 10
0.0
 20
0.0
 30
0.0
210
0.0
220
0.0
230
1.0
  2
SOLID
 70
1
 71
0
 91
1
 92
3
 72
0
 73
1
 93
4
 10
1970.0
 20
-370.0
 10
1990.0
 20
-370.0
 10
1990.0
 20
-390.0
 10
1970.0
 20
-390.0
 97
0
 75
1
 76
1
 98
0
  0
TEXT
  5
5A
330
17
100
AcDbEntity
  8
M-GOST-YAZI
100
AcDbText
 10
1630.0
 20
-350.0
 30
0.0
 40
11.52
  1
alüminyum biyoklimatik pergola (üstte)
  7
YAZI
 72
1
 11
1630.0
 21
-350.0
 31
0.0
100
AcDbText
  0
LWPOLYLINE
  5
5B
330
17
100
AcDbEntity
  8
M-KALD-TAS
100
AcDbPolyline
 90
4
 70
1
 10
1760.0
 20
-270.0
 10
1950.0
 20
-270.0
 10
1950.0
 20
-340.0
 10
1760.0
 20
-340.0
  0
TEXT
  5
5C
330
17
100
AcDbEntity
  8
M-GOST-YAZI
100
AcDbText
 10
1855.0
 20
-315.0
 30
0.0
 40
10.8
  1
barbekü
  7
YAZI
 72
1
 11
1855.0
 21
-315.0
 31
0.0
100
AcDbText
  0
TEXT
  5
5D
330
17
100
AcDbEntity
  8
M-GOST-YAZI
100
AcDbText
 10
400.0
 20
-240.0
 30
0.0
 40
15.84
  1
TERAS
  7
YAZI-KALIN
 72
1
 11
400.0
 21
-240.0
 31
0.0
100
AcDbText
  0
TEXT
  5
5E
330
17
100
AcDbEntity
  8
M-GOST-YAZI
100
AcDbText
 10
400.0
 20
-266.0
 30
0.0
 40
11.52
  1
dış mekan traverten, R11
  7
YAZI
 72
1
 11
400.0
 21
-266.0
 31
0.0
100
AcDbText
  0
HATCH
  5
5F
330
17
100
AcDbEntity
  8
M-KALD-TAS-T
 62
7
100
AcDbHatch
 10
0.0
 20
0.0
 30
0.0
210
0.0
220
0.0
230
1.0
  2
NET
 70
0
 71
0
 91
1
 92
3
 72
0
 73
1
 93
4
 10
790.0
 20
1680.0
 10
1240.0
 20
1680.0
 10
1240.0
 20
1500.0
 10
790.0
 20
1500.0
 97
0
 75
1
 76
1
 52
0.0
 41
16.0
 77
0
 78
2
 53
0.0
 43
0.0
 44
0.0
 45
0.0
 46
50.8
 79
0
 53
90.0
 43
0.0
 44
0.0
 45
-50.8
 46
0.0
 79
0
 98
0
  0
LWPOLYLINE
  5
60
330
17
100
AcDbEntity
  8
M-KALD-TAS
100
AcDbPolyline
 90
4
 70
1
 10
790.0
 20
1680.0
 10
1240.0
 20
1680.0
 10
1240.0
 20
1500.0
 10
790.0
 20
1500.0
  0
LINE
  5
61
330
17
100
AcDbEntity
  8
M-KALD-TAS
100
AcDbLine
 10
790.0
 20
1680.0
 30
0.0
 11
1240.0
 21
1680.0
 31
0.0
  0
LINE
  5
62
330
17
100
AcDbEntity
  8
M-KALD-TAS
100
AcDbLine
 10
790.0
 20
1712.0
 30
0.0
 11
1240.0
 21
1712.0
 31
0.0
  0
LINE
  5
63
330
17
100
AcDbEntity
  8
M-KALD-TAS
100
AcDbLine
 10
790.0
 20
1744.0
 30
0.0
 11
1240.0
 21
1744.0
 31
0.0
  0
LWPOLYLINE
  5
64
330
17
100
AcDbEntity
  8
M-GOST-IZDUSUM
100
AcDbPolyline
 90
4
 70
1
 10
780.0
 20
1690.0
 10
1250.0
 20
1690.0
 10
1250.0
 20
1500.0
 10
780.0
 20
1500.0
  0
TEXT
  5
65
330
17
100
AcDbEntity
  8
M-GOST-YAZI
100
AcDbText
 10
1015.0
 20
1770.0
 30
0.0
 40
11.52
  1
2 basamak · giriş saçağı (üstte)
  7
YAZI
 72
1
 11
1015.0
 21
1770.0
 31
0.0
100
AcDbText
  0
HATCH
  5
66
330
17
100
AcDbEntity
  8
M-KALD-TAS-T
 62
7
100
AcDbHatch
 10
0.0
 20
0.0
 30
0.0
210
0.0
220
0.0
230
1.0
  2
NET
 70
0
 71
0
 91
1
 92
3
 72
0
 73
1
 93
4
 10
1400.0
 20
1660.0
 10
2000.0
 20
1660.0
 10
2000.0
 20
1500.0
 10
1400.0
 20
1500.0
 97
0
 75
1
 76
1
 52
0.0
 41
16.0
 77
0
 78
2
 53
0.0
 43
0.0
 44
0.0
 45
0.0
 46
50.8
 79
0
 53
90.0
 43
0.0
 44
0.0
 45
-50.8
 46
0.0
 79
0
 98
0
  0
LWPOLYLINE
  5
67
330
17
100
AcDbEntity
  8
M-KALD-TAS
100
AcDbPolyline
 90
4
 70
1
 10
1400.0
 20
1660.0
 10
2000.0
 20
1660.0
 10
2000.0
 20
1500.0
 10
1400.0
 20
1500.0
  0
TEXT
  5
68
330
17
100
AcDbEntity
  8
M-GOST-YAZI
100
AcDbText
 10
1700.0
 20
1570.0
 30
0.0
 40
11.52
  1
araç yolu (granit küp taş) -0.20
  7
YAZI
 72
1
 11
1700.0
 21
1570.0
 31
0.0
100
AcDbText
  0
HATCH
  5
6A
330
17
100
AcDbEntity
  8
M-ISIK-GALVANIZ-T
 62
7
100
AcDbHatch
 10
0.0
 20
0.0
 30
0.0
210
0.0
220
0.0
230
1.0
  2
NET
 70
0
 71
0
 91
1
 92
3
 72
0
 73
1
 93
4
 10
-140.0
 20
940.0
 10
0.0
 20
940.0
 10
0.0
 20
540.0
 10
-140.0
 20
540.0
 97
0
 75
1
 76
1
 52
0.0
 41
3.0
 77
0
 78
2
 53
0.0
 43
0.0
 44
0.0
 45
0.0
 46
9.525
 79
0
 53
90.0
 43
0.0
 44
0.0
 45
-9.525
 46
0.0
 79
0
 98
0
  0
LWPOLYLINE
  5
6C
330
17
100
AcDbEntity
  8
M-ISIK-GALVANIZ
100
AcDbPolyline
 90
4
 70
1
 10
-140.0
 20
940.0
 10
0.0
 20
940.0
 10
0.0
 20
540.0
 10
-140.0
 20
540.0
  0
TEXT
  5
6D
330
17
100
AcDbEntity
  8
M-GOST-YAZI
100
AcDbText
 10
-70.0
 20
740.0
 30
0.0
 40
10.08
  1
ışıklık (galvaniz ızgara)
 50
90.0
  7
YAZI
 72
1
 11
-70.0
 21
740.0
 31
0.0
100
AcDbText
  0
HATCH
  5
6E
330
17
100
AcDbEntity
  8
M-ISIK-GALVANIZ-T
 62
7
100
AcDbHatch
 10
0.0
 20
0.0
 30
0.0
210
0.0
220
0.0
230
1.0
  2
NET
 70
0
 71
0
 91
1
 92
3
 72
0
 73
1
 93
4
 10
-140.0
 20
440.0
 10
0.0
 20
440.0
 10
0.0
 20
40.0
 10
-140.0
 20
40.0
 97
0
 75
1
 76
1
 52
0.0
 41
3.0
 77
0
 78
2
 53
0.0
 43
0.0
 44
0.0
 45
0.0
 46
9.525
 79
0
 53
90.0
 43
0.0
 44
0.0
 45
-9.525
 46
0.0
 79
0
 98
0
  0
LWPOLYLINE
  5
6F
330
17
100
AcDbEntity
  8
M-ISIK-GALVANIZ
100
AcDbPolyline
 90
4
 70
1
 10
-140.0
 20
440.0
 10
0.0
 20
440.0
 10
0.0
 20
40.0
 10
-140.0
 20
40.0
  0
TEXT
  5
70
330
17
100
AcDbEntity
  8
M-GOST-YAZI
100
AcDbText
 10
-70.0
 20
240.0
 30
0.0
 40
10.08
  1
ışıklık (galvaniz ızgara)
 50
90.0
  7
YAZI
 72
1
 11
-70.0
 21
240.0
 31
0.0
100
AcDbText
  0
HATCH
  5
71
330
17
100
AcDbEntity
  8
M-ISIK-GALVANIZ-T
 62
7
100
AcDbHatch
 10
0.0
 20
0.0
 30
0.0
210
0.0
220
0.0
230
1.0
  2
NET
 70
0
 71
0
 91
1
 92
3
 72
0
 73
1
 93
4
 10
2000.0
 20
460.0
 10
2140.0
 20
460.0
 10
2140.0
 20
40.0
 10
2000.0
 20
40.0
 97
0
 75
1
 76
1
 52
0.0
 41
3.0
 77
0
 78
2
 53
0.0
 43
0.0
 44
0.0
 45
0.0
 46
9.525
 79
0
 53
90.0
 43
0.0
 44
0.0
 45
-9.525
 46
0.0
 79
0
 98
0
  0
LWPOLYLINE
  5
72
330
17
100
AcDbEntity
  8
M-ISIK-GALVANIZ
100
AcDbPolyline
 90
4
 70
1
 10
2000.0
 20
460.0
 10
2140.0
 20
460.0
 10
2140.0
 20
40.0
 10
2000.0
 20
40.0
  0
TEXT
  5
73
330
17
100
AcDbEntity
  8
M-GOST-YAZI
100
AcDbText
 10
2070.0
 20
250.0
 30
0.0
 40
10.08
  1
ışıklık (galvaniz ızgara)
 50
90.0
  7
YAZI
 72
1
 11
2070.0
 21
250.0
 31
0.0
100
AcDbText
  0
TEXT
  5
74
330
17
100
AcDbEntity
  8
M-GOST-YAZI
100
AcDbText
 10
2090.0
 20
800.0
 30
0.0
 40
11.52
  1
servis girişi
 50
90.0
  7
YAZI
 11
2090.0
 21
800.0
 31
0.0
100
AcDbText
  0
HATCH
  5
76
330
17
100
AcDbEntity
  8
M-ZMNK-DOGALTAS-T
 62
7
100
AcDbHatch
 10
0.0
 20
0.0
 30
0.0
210
0.0
220
0.0
230
1.0
  2
NET
 70
0
 71
0
 91
1
 92
3
 72
0
 73
1
 93
4
 10
787.5
 20
1465.0
 10
1392.5
 20
1465.0
 10
1392.5
 20
1187.5
 10
787.5
 20
1187.5
 97
0
 75
1
 76
1
 52
0.0
 41
16.0
 77
0
 78
2
 53
0.0
 43
0.0
 44
0.0
 45
0.0
 46
50.8
 79
0
 53
90.0
 43
0.0
 44
0.0
 45
-50.8
 46
0.0
 79
0
 98
0
  0
HATCH
  5
77
330
17
100
AcDbEntity
  8
M-ZMNK-DOGALTAS-T
 62
7
100
AcDbHatch
 10
0.0
 20
0.0
 30
0.0
210
0.0
220
0.0
230
1.0
  2
NET
 70
0
 71
0
 91
1
 92
3
 72
0
 73
1
 93
4
 10
787.5
 20
1172.5
 10
992.5
 20
1172.5
 10
992.5
 20
487.5
 10
787.5
 20
487.5
 97
0
 75
1
 76
1
 52
0.0
 41
16.0
 77
0
 78
2
 53
0.0
 43
0.0
 44
0.0
 45
0.0
 46
50.8
 79
0
 53
90.0
 43
0.0
 44
0.0
 45
-50.8
 46
0.0
 79
0
 98
0
  0
HATCH
  5
79
330
17
100
AcDbEntity
  8
M-SAFT-TESISAT-T
 62
7
100
AcDbHatch
 10
0.0
 20
0.0
 30
0.0
210
0.0
220
0.0
230
1.0
  2
ANSI31
 70
0
 71
0
 91
1
 92
3
 72
0
 73
1
 93
4
 10
1207.5
 20
692.5
 10
1252.5
 20
692.5
 10
1252.5
 20
487.5
 10
1207.5
 20
487.5
 97
0
 75
1
 76
1
 52
0.0
 41
5.0
 77
0
 78
1
 53
45.0
 43
0.0
 44
0.0
 45
-11.2253201515
 46
11.2253201515
 79
0
 98
0
  0
HATCH
  5
7B
330
17
100
AcDbEntity
  8
M-ZMNK-SERAMIK-T
 62
7
100
AcDbHatch
 10
0.0
 20
0.0
 30
0.0
210
0.0
220
0.0
230
1.0
  2
NET
 70
0
 71
0
 91
1
 92
3
 72
0
 73
1
 93
4
 10
587.5
 20
1465.0
 10
772.5
 20
1465.0
 10
772.5
 20
1187.5
 10
587.5
 20
1187.5
 97
0
 75
1
 76
1
 52
0.0
 41
8.0
 77
0
 78
2
 53
0.0
 43
0.0
 44
0.0
 45
0.0
 46
25.4
 79
0
 53
90.0
 43
0.0
 44
0.0
 45
-25.4
 46
0.0
 79
0
 98
0
  0
HATCH
  5
7C
330
17
100
AcDbEntity
  8
M-ZMNK-DOGALTAS-T
 62
7
100
AcDbHatch
 10
0.0
 20
0.0
 30
0.0
210
0.0
220
0.0
230
1.0
  2
NET
 70
0
 71
0
 91
1
 92
3
 72
0
 73
1
 93
4
 10
587.5
 20
1172.5
 10
772.5
 20
1172.5
 10
772.5
 20
987.5
 10
587.5
 20
987.5
 97
0
 75
1
 76
1
 52
0.0
 41
16.0
 77
0
 78
2
 53
0.0
 43
0.0
 44
0.0
 45
0.0
 46
50.8
 79
0
 53
90.0
 43
0.0
 44
0.0
 45
-50.8
 46
0.0
 79
0
 98
0
  0
HATCH
  5
7D
330
17
100
AcDbEntity
  8
M-ZMNK-DOGALTAS-T
 62
7
100
AcDbHatch
 10
0.0
 20
0.0
 30
0.0
210
0.0
220
0.0
230
1.0
  2
NET
 70
0
 71
0
 91
1
 92
3
 72
0
 73
1
 93
4
 10
35.0
 20
972.5
 10
772.5
 20
972.5
 10
772.5
 20
35.0
 10
35.0
 20
35.0
 97
0
 75
1
 76
1
 52
0.0
 41
16.0
 77
0
 78
2
 53
0.0
 43
0.0
 44
0.0
 45
0.0
 46
50.8
 79
0
 53
90.0
 43
0.0
 44
0.0
 45
-50.8
 46
0.0
 79
0
 98
0
  0
HATCH
  5
7E
330
17
100
AcDbEntity
  8
M-ZMNK-DOGALTAS-T
 62
7
100
AcDbHatch
 10
0.0
 20
0.0
 30
0.0
210
0.0
220
0.0
230
1.0
  2
NET
 70
0
 71
0
 91
1
 92
3
 72
0
 73
1
 93
4
 10
787.5
 20
472.5
 10
1252.5
 20
472.5
 10
1252.5
 20
35.0
 10
787.5
 20
35.0
 97
0
 75
1
 76
1
 52
0.0
 41
16.0
 77
0
 78
2
 53
0.0
 43
0.0
 44
0.0
 45
0.0
 46
50.8
 79
0
 53
90.0
 43
0.0
 44
0.0
 45
-50.8
 46
0.0
 79
0
 98
0
  0
HATCH
  5
7F
330
17
100
AcDbEntity
  8
M-ZMNK-SERAMIK-T
 62
7
100
AcDbHatch
 10
0.0
 20
0.0
 30
0.0
210
0.0
220
0.0
230
1.0
  2
NET
 70
0
 71
0
 91
1
 92
3
 72
0
 73
1
 93
4
 10
1267.5
 20
512.5
 10
1965.0
 20
512.5
 10
1965.0
 20
35.0
 10
1267.5
 20
35.0
 97
0
 75
1
 76
1
 52
0.0
 41
8.0
 77
0
 78
2
 53
0.0
 43
0.0
 44
0.0
 45
0.0
 46
25.4
 79
0
 53
90.0
 43
0.0
 44
0.0
 45
-25.4
 46
0.0
 79
0
 98
0
  0
HATCH
  5
80
330
17
100
AcDbEntity
  8
M-ZMNK-DOGALTAS-T
 62
7
100
AcDbHatch
 10
0.0
 20
0.0
 30
0.0
210
0.0
220
0.0
230
1.0
  2
NET
 70
0
 71
0
 91
1
 92
3
 72
0
 73
1
 93
4
 10
1267.5
 20
1172.5
 10
1392.5000000000002
 20
1172.5
 10
1392.5000000000002
 20
527.5
 10
1267.5
 20
527.5
 97
0
 75
1
 76
1
 52
0.0
 41
16.0
 77
0
 78
2
 53
0.0
 43
0.0
 44
0.0
 45
0.0
 46
50.8
 79
0
 53
90.0
 43
0.0
 44
0.0
 45
-50.8
 46
0.0
 79
0
 98
0
  0
HATCH
  5
81
330
17
100
AcDbEntity
  8
M-ZMNK-SERAMIK-T
 62
7
100
AcDbHatch
 10
0.0
 20
0.0
 30
0.0
210
0.0
220
0.0
230
1.0
  2
NET
 70
0
 71
0
 91
1
 92
3
 72
0
 73
1
 93
4
 10
1407.5
 20
892.5
 10
1652.5000000000002
 20
892.5
 10
1652.5000000000002
 20
727.5
 10
1407.5
 20
727.5
 97
0
 75
1
 76
1
 52
0.0
 41
8.0
 77
0
 78
2
 53
0.0
 43
0.0
 44
0.0
 45
0.0
 46
25.4
 79
0
 53
90.0
 43
0.0
 44
0.0
 45
-25.4
 46
0.0
 79
0
 98
0
  0
HATCH
  5
82
330
17
100
AcDbEntity
  8
M-ZMNK-SERAMIK-T
 62
7
100
AcDbHatch
 10
0.0
 20
0.0
 30
0.0
210
0.0
220
0.0
230
1.0
  2
NET
 70
0
 71
0
 91
1
 92
3
 72
0
 73
1
 93
4
 10
1667.5
 20
892.5
 10
1965.0
 20
892.5
 10
1965.0
 20
527.5
 10
1667.5
 20
527.5
 97
0
 75
1
 76
1
 52
0.0
 41
8.0
 77
0
 78
2
 53
0.0
 43
0.0
 44
0.0
 45
0.0
 46
25.4
 79
0
 53
90.0
 43
0.0
 44
0.0
 45
-25.4
 46
0.0
 79
0
 98
0
  0
LWPOLYLINE
  5
84
330
17
100
AcDbEntity
  8
M-TEFR-MIMARI
100
AcDbPolyline
 90
4
 70
1
 10
330.0
 20
987.5
 10
150.0
 20
987.5
 10
150.0
 20
1197.5
 10
330.0
 20
1197.5
  0
LWPOLYLINE
  5
85
330
17
100
AcDbEntity
  8
M-TEFR-MIMARI
100
AcDbPolyline
 90
4
 70
1
 10
330.0
 20
987.5
 10
150.0
 20
987.5
 10
150.0
 20
997.5
 10
330.0
 20
997.5
  0
LWPOLYLINE
  5
86
330
17
100
AcDbEntity
  8
M-TEFR-MIMARI
100
AcDbPolyline
 90
4
 70
1
 10
324.00000000000006
 20
1005.5
 10
244.00000000000006
 20
1005.5
 10
244.00000000000006
 20
1042.5
 10
324.00000000000006
 20
1042.5
  0
LWPOLYLINE
  5
87
330
17
100
AcDbEntity
  8
M-TEFR-MIMARI
100
AcDbPolyline
 90
4
 70
1
 10
235.99999999999994
 20
1005.5
 10
155.99999999999994
 20
1005.5
 10
155.99999999999994
 20
1042.5
 10
235.99999999999994
 20
1042.5
  0
LINE
  5
88
330
17
100
AcDbEntity
  8
M-TEFR-MIMARI
100
AcDbLine
 10
330.0
 20
1062.5
 30
0.0
 11
150.0
 21
1062.5
 31
0.0
  0
LINE
  5
89
330
17
100
AcDbEntity
  8
M-TEFR-MIMARI
100
AcDbLine
 10
330.0
 20
1062.5
 30
0.0
 11
305.0
 21
1082.5
 31
0.0
  0
LWPOLYLINE
  5
8A
330
17
100
AcDbEntity
  8
M-TEFR-MIMARI
100
AcDbPolyline
 90
4
 70
1
 10
380.0
 20
987.5
 10
335.0
 20
987.5
 10
335.0
 20
1029.5
 10
380.0
 20
1029.5
  0
CIRCLE
  5
8B
330
17
100
AcDbEntity
  8
M-TEFR-MIMARI
100
AcDbCircle
 10
357.5
 20
1008.5
 30
0.0
 40
10.0
  0
LWPOLYLINE
  5
8C
330
17
100
AcDbEntity
  8
M-TEFR-MIMARI
100
AcDbPolyline
 90
4
 70
1
 10
145.0
 20
987.5
 10
100.0
 20
987.5
 10
100.0
 20
1029.5
 10
145.0
 20
1029.5
  0
CIRCLE
  5
8D
330
17
100
AcDbEntity
  8
M-TEFR-MIMARI
100
AcDbCircle
 10
122.5
 20
1008.5
 30
0.0
 40
10.0
  0
LWPOLYLINE
  5
8E
330
17
100
AcDbEntity
  8
M-TEFR-MIMARI
100
AcDbPolyline
 90
4
 70
1
 10
572.5
 20
1440.0
 10
572.5
 20
1200.0
 10
510.5000000000001
 20
1200.0
 10
510.5000000000001
 20
1440.0
  0
LINE
  5
8F
330
17
100
AcDbEntity
  8
M-TEFR-MIMARI
100
AcDbLine
 10
572.5
 20
1392.0
 30
0.0
 11
510.5000000000001
 21
1392.0
 31
0.0
  0
LINE
  5
90
330
17
100
AcDbEntity
  8
M-TEFR-MIMARI
100
AcDbLine
 10
572.5
 20
1344.0
 30
0.0
 11
510.5000000000001
 21
1344.0
 31
0.0
  0
LINE
  5
91
330
17
100
AcDbEntity
  8
M-TEFR-MIMARI
100
AcDbLine
 10
572.5
 20
1296.0
 30
0.0
 11
510.5000000000001
 21
1296.0
 31
0.0
  0
LINE
  5
92
330
17
100
AcDbEntity
  8
M-TEFR-MIMARI
100
AcDbLine
 10
572.5
 20
1248.0
 30
0.0
 11
510.5000000000001
 21
1248.0
 31
0.0
  0
LINE
  5
93
330
17
100
AcDbEntity
  8
M-TEFR-MIMARI
100
AcDbLine
 10
572.5
 20
1440.0
 30
0.0
 11
510.5000000000001
 21
1200.0
 31
0.0
  0
LWPOLYLINE
  5
94
330
17
100
AcDbEntity
  8
M-TEFR-MIMARI
100
AcDbPolyline
 90
4
 70
1
 10
100.0
 20
1460.1040764008567
 10
160.1040764008566
 20
1400.0
 10
100.0
 20
1339.8959235991433
 10
39.8959235991434
 20
1400.0
  0
LWPOLYLINE
  5
95
330
17
100
AcDbEntity
  8
M-TEFR-MIMARI
100
AcDbPolyline
 90
4
 70
1
 10
100.0
 20
1460.1040764008567
 10
160.1040764008566
 20
1400.0
 10
145.96194077712553
 20
1385.8578643762692
 10
85.85786437626908
 20
1445.9619407771256
  0
LWPOLYLINE
  5
96
330
17
100
AcDbEntity
  8
M-TEFR-MIMARI
100
AcDbPolyline
 90
4
 70
1
 10
100.0
 20
1460.1040764008567
 10
110.60660171779816
 20
1449.4974746830583
 10
50.5025253169417
 20
1389.3933982822018
 10
39.8959235991434
 20
1400.0
  0
LWPOLYLINE
  5
97
330
17
100
AcDbEntity
  8
M-TEFR-MIMARI
100
AcDbPolyline
 90
4
 70
1
 10
149.4974746830583
 20
1410.6066017177982
 10
160.1040764008566
 20
1400.0
 10
100.0
 20
1339.8959235991433
 10
89.39339828220184
 20
1350.5025253169417
  0
LWPOLYLINE
  5
99
330
17
100
AcDbEntity
  8
M-TEFR-MEKANIK
100
AcDbPolyline
 90
4
 70
1
 10
587.5
 20
1360.0
 10
587.5
 20
1440.0
 10
637.5
 20
1440.0
 10
637.5
 20
1360.0
  0
LWPOLYLINE
  5
9A
330
17
100
AcDbEntity
  8
M-TEFR-MEKANIK
100
AcDbPolyline
 90
25
 70
0
 10
617.5
 20
1380.0
 10
618.0200006827156
 20
1374.8293610827277
 10
619.5252252641131
 20
1370.0139372981166
 10
621.9132574388631
 20
1365.8813727191573
 10
625.0216141892366
 20
1362.7128493043053
 10
628.638801218666
 20
1360.723955122948
 10
632.5187031395752
 20
1360.0500156250305
 10
636.3973292992134
 20
1360.7368860232868
 10
640.0107758483256
 20
1362.737831279438
 10
643.1131819036661
 20
1365.9167059818071
 10
645.4934580572185
 20
1370.057217753731
 10
646.9896490151858
 20
1374.8776439053906
 10
647.4999531249267
 20
1380.05
 10
646.9896490151858
 20
1385.2223560946093
 10
645.4934580572185
 20
1390.042782246269
 10
643.1131819036661
 20
1394.183294018193
 10
640.0107758483256
 20
1397.3621687205618
 10
636.3973292992134
 20
1399.363113976713
 10
632.5187031395752
 20
1400.0499843749694
 10
628.638801218666
 20
1399.376044877052
 10
625.0216141892366
 20
1397.3871506956948
 10
621.9132574388631
 20
1394.2186272808426
 10
619.5252252641131
 20
1390.0860627018833
 10
618.0200006827156
 20
1385.2706389172722
 10
617.5
 20
1380.1000000000001
  0
LWPOLYLINE
  5
9B
330
17
100
AcDbEntity
  8
M-TEFR-MEKANIK
100
AcDbPolyline
 90
4
 70
1
 10
772.5
 20
1330.0
 10
772.5
 20
1290.0
 10
754.4999999999999
 20
1290.0
 10
754.4999999999999
 20
1330.0
  0
LWPOLYLINE
  5
9C
330
17
100
AcDbEntity
  8
M-TEFR-MEKANIK
100
AcDbPolyline
 90
25
 70
1
 10
754.4999999999999
 20
1328.0
 10
746.9930555555555
 20
1328.1805555555557
 10
740.1388888888889
 20
1328.0555555555557
 10
733.9375000000001
 20
1327.625
 10
728.388888888889
 20
1326.888888888889
 10
723.4930555555557
 20
1325.8472222222222
 10
719.2500000000001
 20
1324.5
 10
715.6597222222223
 20
1322.8472222222222
 10
712.7222222222222
 20
1320.888888888889
 10
710.4374999999999
 20
1318.625
 10
708.8055555555557
 20
1316.0555555555557
 10
707.8263888888889
 20
1313.1805555555557
 10
707.5
 20
1310.0
 10
707.8263888888889
 20
1306.8194444444443
 10
708.8055555555557
 20
1303.9444444444443
 10
710.4374999999999
 20
1301.375
 10
712.7222222222222
 20
1299.111111111111
 10
715.6597222222223
 20
1297.1527777777778
 10
719.2500000000001
 20
1295.5
 10
723.4930555555557
 20
1294.1527777777778
 10
728.388888888889
 20
1293.111111111111
 10
733.9375000000001
 20
1292.375
 10
740.1388888888889
 20
1291.9444444444443
 10
746.9930555555555
 20
1291.8194444444443
 10
754.4999999999999
 20
1292.0
  0
LWPOLYLINE
  5
9D
330
17
100
AcDbEntity
  8
M-TEFR-MEKANIK
100
AcDbPolyline
 90
4
 70
1
 10
655.4999999999998
 20
1465.0
 10
772.4999999999998
 20
1465.0
 10
772.4999999999998
 20
1365.0
 10
655.4999999999998
 20
1365.0
  0
LINE
  5
9E
330
17
100
AcDbEntity
  8
M-TEFR-MEKANIK
100
AcDbLine
 10
655.4999999999998
 20
1465.0
 30
0.0
 11
772.4999999999998
 21
1365.0
 31
0.0
  0
LINE
  5
9F
330
17
100
AcDbEntity
  8
M-TEFR-MEKANIK
100
AcDbLine
 10
655.4999999999998
 20
1365.0
 30
0.0
 11
772.4999999999998
 21
1465.0
 31
0.0
  0
CIRCLE
  5
A0
330
17
100
AcDbEntity
  8
M-TEFR-MEKANIK
100
AcDbCircle
 10
713.9999999999998
 20
1415.0
 30
0.0
 40
5.0
  0
LWPOLYLINE
  5
A1
330
17
100
AcDbEntity
  8
M-TEFR-MIMARI
100
AcDbPolyline
 90
4
 70
1
 10
770.0
 20
987.5
 10
590.0
 20
987.5
 10
590.0
 20
1049.5
 10
770.0
 20
1049.5
  0
LINE
  5
A2
330
17
100
AcDbEntity
  8
M-TEFR-MIMARI
100
AcDbLine
 10
725.0
 20
987.5
 30
0.0
 11
725.0
 21
1049.5
 31
0.0
  0
LINE
  5
A3
330
17
100
AcDbEntity
  8
M-TEFR-MIMARI
100
AcDbLine
 10
680.0
 20
987.5
 30
0.0
 11
680.0
 21
1049.5
 31
0.0
  0
LINE
  5
A4
330
17
100
AcDbEntity
  8
M-TEFR-MIMARI
100
AcDbLine
 10
635.0
 20
987.5
 30
0.0
 11
635.0
 21
1049.5
 31
0.0
  0
LINE
  5
A5
330
17
100
AcDbEntity
  8
M-TEFR-MIMARI
100
AcDbLine
 10
770.0
 20
987.5
 30
0.0
 11
590.0
 21
1049.5
 31
0.0
  0
LWPOLYLINE
  5
A6
330
17
100
AcDbEntity
  8
M-TEFR-MIMARI
100
AcDbPolyline
 90
4
 70
1
 10
787.5
 20
1230.0
 10
787.5
 20
1450.0
 10
847.5
 20
1450.0
 10
847.5
 20
1230.0
  0
LINE
  5
A7
330
17
100
AcDbEntity
  8
M-TEFR-MIMARI
100
AcDbLine
 10
787.5
 20
1285.0
 30
0.0
 11
847.5
 21
1285.0
 31
0.0
  0
LINE
  5
A8
330
17
100
AcDbEntity
  8
M-TEFR-MIMARI
100
AcDbLine
 10
787.5
 20
1340.0
 30
0.0
 11
847.5
 21
1340.0
 31
0.0
  0
LINE
  5
A9
330
17
100
AcDbEntity
  8
M-TEFR-MIMARI
100
AcDbLine
 10
787.5
 20
1395.0
 30
0.0
 11
847.5
 21
1395.0
 31
0.0
  0
LINE
  5
AA
330
17
100
AcDbEntity
  8
M-TEFR-MIMARI
100
AcDbLine
 10
787.5
 20
1230.0
 30
0.0
 11
847.5
 21
1450.0
 31
0.0
  0
LWPOLYLINE
  5
AB
330
17
100
AcDbEntity
  8
M-TEFR-MIMARI
100
AcDbPolyline
 90
4
 70
1
 10
122.5
 20
972.5
 10
277.5
 20
972.5
 10
277.5
 20
910.5000000000001
 10
122.5
 20
910.5000000000001
  0
LWPOLYLINE
  5
AC
330
17
100
AcDbEntity
  8
M-TEFR-MIMARI
100
AcDbPolyline
 90
4
 70
1
 10
127.5
 20
930.5000000000001
 10
272.5
 20
930.5000000000001
 10
272.5
 20
910.5000000000001
 10
127.5
 20
910.5000000000001
  0
LINE
  5
AD
330
17
100
AcDbEntity
  8
M-TEFR-MIMARI
100
AcDbLine
 10
139.5833333333333
 20
930.5000000000001
 30
0.0
 11
139.5833333333333
 21
910.5000000000001
 31
0.0
  0
LINE
  5
AE
330
17
100
AcDbEntity
  8
M-TEFR-MIMARI
100
AcDbLine
 10
151.6666666666667
 20
930.5000000000001
 30
0.0
 11
151.6666666666667
 21
910.5000000000001
 31
0.0
  0
LINE
  5
AF
330
17
100
AcDbEntity
  8
M-TEFR-MIMARI
100
AcDbLine
 10
163.75
 20
930.5000000000001
 30
0.0
 11
163.75
 21
910.5000000000001
 31
0.0
  0
LINE
  5
B0
330
17
100
AcDbEntity
  8
M-TEFR-MIMARI
100
AcDbLine
 10
175.8333333333333
 20
930.5000000000001
 30
0.0
 11
175.8333333333333
 21
910.5000000000001
 31
0.0
  0
LINE
  5
B1
330
17
100
AcDbEntity
  8
M-TEFR-MIMARI
100
AcDbLine
 10
187.9166666666667
 20
930.5000000000001
 30
0.0
 11
187.9166666666667
 21
910.5000000000001
 31
0.0
  0
LINE
  5
B2
330
17
100
AcDbEntity
  8
M-TEFR-MIMARI
100
AcDbLine
 10
200.0
 20
930.5000000000001
 30
0.0
 11
200.0
 21
910.5000000000001
 31
0.0
  0
LINE
  5
B3
330
17
100
AcDbEntity
  8
M-TEFR-MIMARI
100
AcDbLine
 10
212.0833333333333
 20
930.5000000000001
 30
0.0
 11
212.0833333333333
 21
910.5000000000001
 31
0.0
  0
LINE
  5
B4
330
17
100
AcDbEntity
  8
M-TEFR-MIMARI
100
AcDbLine
 10
224.1666666666667
 20
930.5000000000001
 30
0.0
 11
224.1666666666667
 21
910.5000000000001
 31
0.0
  0
LINE
  5
B5
330
17
100
AcDbEntity
  8
M-TEFR-MIMARI
100
AcDbLine
 10
236.25
 20
930.5000000000001
 30
0.0
 11
236.25
 21
910.5000000000001
 31
0.0
  0
LINE
  5
B6
330
17
100
AcDbEntity
  8
M-TEFR-MIMARI
100
AcDbLine
 10
248.3333333333333
 20
930.5000000000001
 30
0.0
 11
248.3333333333333
 21
910.5000000000001
 31
0.0
  0
LINE
  5
B7
330
17
100
AcDbEntity
  8
M-TEFR-MIMARI
100
AcDbLine
 10
260.41666666666674
 20
930.5000000000001
 30
0.0
 11
260.41666666666674
 21
910.5000000000001
 31
0.0
  0
LWPOLYLINE
  5
B8
330
17
100
AcDbEntity
  8
M-TEFR-MIMARI
100
AcDbPolyline
 90
6
 70
1
 10
590.0
 20
660.0
 10
590.0
 20
320.0
 10
495.0
 20
320.0
 10
495.0
 20
565.0
 10
330.0
 20
565.0
 10
330.0
 20
660.0
  0
LWPOLYLINE
  5
B9
330
17
100
AcDbEntity
  8
M-TEFR-MIMARI
100
AcDbPolyline
 90
4
 70
1
 10
590.0
 20
660.0
 10
590.0
 20
320.0
 10
568.0
 20
320.0
 10
568.0
 20
660.0
  0
LWPOLYLINE
  5
BA
330
17
100
AcDbEntity
  8
M-TEFR-MIMARI
100
AcDbPolyline
 90
4
 70
1
 10
590.0
 20
660.0
 10
590.0
 20
638.0000000000001
 10
330.0
 20
638.0000000000001
 10
330.0
 20
660.0
  0
LINE
  5
BB
330
17
100
AcDbEntity
  8
M-TEFR-MIMARI
100
AcDbLine
 10
568.0
 20
503.75
 30
0.0
 11
495.0
 21
503.75
 31
0.0
  0
LINE
  5
BC
330
17
100
AcDbEntity
  8
M-TEFR-MIMARI
100
AcDbLine
 10
568.0
 20
442.5
 30
0.0
 11
495.0
 21
442.5
 31
0.0
  0
LINE
  5
BD
330
17
100
AcDbEntity
  8
M-TEFR-MIMARI
100
AcDbLine
 10
568.0
 20
381.25
 30
0.0
 11
495.0
 21
381.25
 31
0.0
  0
LWPOLYLINE
  5
BE
330
17
100
AcDbEntity
  8
M-TEFR-MIMARI
100
AcDbPolyline
 90
4
 70
1
 10
120.0
 20
720.0
 10
200.0
 20
720.0
 10
200.0
 20
640.0
 10
120.0
 20
640.0
  0
LWPOLYLINE
  5
BF
330
17
100
AcDbEntity
  8
M-TEFR-MIMARI
100
AcDbPolyline
 90
4
 70
1
 10
120.0
 20
720.0
 10
200.0
 20
720.0
 10
200.0
 20
700.0
 10
120.0
 20
700.0
  0
LWPOLYLINE
  5
C0
330
17
100
AcDbEntity
  8
M-TEFR-MIMARI
100
AcDbPolyline
 90
4
 70
1
 10
120.0
 20
720.0
 10
135.0
 20
720.0
 10
135.0
 20
640.0
 10
120.0
 20
640.0
  0
LWPOLYLINE
  5
C1
330
17
100
AcDbEntity
  8
M-TEFR-MIMARI
100
AcDbPolyline
 90
4
 70
1
 10
185.0
 20
720.0
 10
200.0
 20
720.0
 10
200.0
 20
640.0
 10
185.0
 20
640.0
  0
LWPOLYLINE
  5
C2
330
17
100
AcDbEntity
  8
M-TEFR-MIMARI
100
AcDbPolyline
 90
4
 70
1
 10
200.0
 20
260.0
 10
120.0
 20
260.0
 10
120.0
 20
340.0
 10
200.0
 20
340.0
  0
LWPOLYLINE
  5
C3
330
17
100
AcDbEntity
  8
M-TEFR-MIMARI
100
AcDbPolyline
 90
4
 70
1
 10
200.0
 20
260.0
 10
120.0
 20
260.0
 10
120.0
 20
280.0
 10
200.0
 20
280.0
  0
LWPOLYLINE
  5
C4
330
17
100
AcDbEntity
  8
M-TEFR-MIMARI
100
AcDbPolyline
 90
4
 70
1
 10
200.0
 20
260.0
 10
185.0
 20
260.0
 10
185.0
 20
340.0
 10
200.0
 20
340.0
  0
LWPOLYLINE
  5
C5
330
17
100
AcDbEntity
  8
M-TEFR-MIMARI
100
AcDbPolyline
 90
4
 70
1
 10
135.0
 20
260.0
 10
120.0
 20
260.0
 10
120.0
 20
340.0
 10
135.0
 20
340.0
  0
LWPOLYLINE
  5
C6
330
17
100
AcDbEntity
  8
M-TEFR-MIMARI
100
AcDbPolyline
 90
4
 70
1
 10
265.0
 20
550.0
 10
265.0
 20
430.0
 10
195.0
 20
430.0
 10
195.0
 20
550.0
  0
LWPOLYLINE
  5
C7
330
17
100
AcDbEntity
  8
M-TEFR-MIMARI
100
AcDbPolyline
 90
4
 70
1
 10
460.0
 20
690.0
 10
460.0
 20
290.0
 10
120.0
 20
290.0
 10
120.0
 20
690.0
  0
LWPOLYLINE
  5
C8
330
17
100
AcDbEntity
  8
M-TEFR-MIMARI
100
AcDbPolyline
 90
4
 70
1
 10
452.0
 20
681.9999999999999
 10
452.0
 20
298.0
 10
127.99999999999997
 20
298.0
 10
127.99999999999997
 20
681.9999999999999
  0
LWPOLYLINE
  5
C9
330
17
100
AcDbEntity
  8
M-TEFR-MIMARI
100
AcDbPolyline
 90
4
 70
1
 10
1070.0
 20
390.0
 10
1070.0
 20
150.0
 10
970.0
 20
150.0
 10
970.0
 20
390.0
  0
LWPOLYLINE
  5
CA
330
17
100
AcDbEntity
  8
M-TEFR-MIMARI
100
AcDbPolyline
 90
4
 70
1
 10
1117.0
 20
372.0
 10
1117.0
 20
328.0
 10
1075.0
 20
328.0
 10
1075.0
 20
372.0
  0
LWPOLYLINE
  5
CB
330
17
100
AcDbEntity
  8
M-TEFR-MIMARI
100
AcDbPolyline
 90
4
 70
1
 10
965.0
 20
372.0
 10
965.0
 20
328.0
 10
923.0000000000001
 20
328.0
 10
923.0000000000001
 20
372.0
  0
LWPOLYLINE
  5
CC
330
17
100
AcDbEntity
  8
M-TEFR-MIMARI
100
AcDbPolyline
 90
4
 70
1
 10
1117.0
 20
292.0
 10
1117.0
 20
248.0
 10
1075.0
 20
248.0
 10
1075.0
 20
292.0
  0
LWPOLYLINE
  5
CD
330
17
100
AcDbEntity
  8
M-TEFR-MIMARI
100
AcDbPolyline
 90
4
 70
1
 10
965.0
 20
292.0
 10
965.0
 20
248.0
 10
923.0000000000001
 20
248.0
 10
923.0000000000001
 20
292.0
  0
LWPOLYLINE
  5
CE
330
17
100
AcDbEntity
  8
M-TEFR-MIMARI
100
AcDbPolyline
 90
4
 70
1
 10
1117.0
 20
212.0
 10
1117.0
 20
168.0
 10
1075.0
 20
168.0
 10
1075.0
 20
212.0
  0
LWPOLYLINE
  5
CF
330
17
100
AcDbEntity
  8
M-TEFR-MIMARI
100
AcDbPolyline
 90
4
 70
1
 10
965.0
 20
212.0
 10
965.0
 20
168.0
 10
923.0000000000001
 20
168.0
 10
923.0000000000001
 20
212.0
  0
LWPOLYLINE
  5
D0
330
17
100
AcDbEntity
  8
M-TEFR-MIMARI
100
AcDbPolyline
 90
4
 70
1
 10
1042.0
 20
437.0
 10
1042.0
 20
395.0
 10
998.0000000000001
 20
395.0
 10
998.0000000000001
 20
437.0
  0
LWPOLYLINE
  5
D1
330
17
100
AcDbEntity
  8
M-TEFR-MIMARI
100
AcDbPolyline
 90
4
 70
1
 10
1042.0
 20
145.0
 10
1042.0
 20
103.0
 10
998.0000000000001
 20
103.0
 10
998.0000000000001
 20
145.0
  0
LWPOLYLINE
  5
D2
330
17
100
AcDbEntity
  8
M-TEFR-MIMARI
100
AcDbPolyline
 90
4
 70
1
 10
1015.0
 20
472.5
 10
1235.0
 20
472.5
 10
1235.0
 20
422.5
 10
1015.0
 20
422.5
  0
LWPOLYLINE
  5
D3
330
17
100
AcDbEntity
  8
M-TEFR-MEKANIK
100
AcDbPolyline
 90
4
 70
1
 10
1965.0
 20
490.0
 10
1965.0
 20
50.0
 10
1903.0
 20
50.0
 10
1903.0
 20
490.0
  0
LINE
  5
D4
330
17
100
AcDbEntity
  8
M-TEFR-MEKANIK
100
AcDbLine
 10
1907.0000000000002
 20
490.0
 30
0.0
 11
1907.0000000000002
 21
50.0
 31
0.0
  0
LWPOLYLINE
  5
D5
330
17
100
AcDbEntity
  8
M-TEFR-MEKANIK
100
AcDbPolyline
 90
4
 70
1
 10
1955.0
 20
310.0
 10
1955.0
 20
230.0
 10
1915.0
 20
230.0
 10
1915.0
 20
310.0
  0
CIRCLE
  5
D6
330
17
100
AcDbEntity
  8
M-TEFR-MEKANIK
100
AcDbCircle
 10
1951.0000000000002
 20
270.0
 30
0.0
 40
3.0
  0
CIRCLE
  5
D7
330
17
100
AcDbEntity
  8
M-TEFR-MEKANIK
100
AcDbCircle
 10
1947.0
 20
155.0
 30
0.0
 40
9.0
  0
CIRCLE
  5
D8
330
17
100
AcDbEntity
  8
M-TEFR-MEKANIK
100
AcDbCircle
 10
1947.0
 20
120.0
 30
0.0
 40
9.0
  0
CIRCLE
  5
D9
330
17
100
AcDbEntity
  8
M-TEFR-MEKANIK
100
AcDbCircle
 10
1921.0
 20
155.0
 30
0.0
 40
9.0
  0
CIRCLE
  5
DA
330
17
100
AcDbEntity
  8
M-TEFR-MEKANIK
100
AcDbCircle
 10
1921.0
 20
120.0
 30
0.0
 40
9.0
  0
LWPOLYLINE
  5
DB
330
17
100
AcDbEntity
  8
M-TEFR-MEKANIK
100
AcDbPolyline
 90
4
 70
1
 10
1490.0
 20
325.0
 10
1790.0
 20
325.0
 10
1790.0
 20
215.0
 10
1490.0
 20
215.0
  0
LWPOLYLINE
  5
DC
330
17
100
AcDbEntity
  8
M-TEFR-MEKANIK
100
AcDbPolyline
 90
4
 70
1
 10
1490.0
 20
325.0
 10
1790.0
 20
325.0
 10
1790.0
 20
263.0
 10
1490.0
 20
263.0
  0
CIRCLE
  5
DD
330
17
100
AcDbEntity
  8
M-TEFR-MEKANIK
100
AcDbCircle
 10
1540.0
 20
294.0
 30
0.0
 40
9.0
  0
CIRCLE
  5
DE
330
17
100
AcDbEntity
  8
M-TEFR-MEKANIK
100
AcDbCircle
 10
1580.0
 20
294.0
 30
0.0
 40
9.0
  0
CIRCLE
  5
DF
330
17
100
AcDbEntity
  8
M-TEFR-MEKANIK
100
AcDbCircle
 10
1620.0
 20
294.0
 30
0.0
 40
9.0
  0
LWPOLYLINE
  5
E0
330
17
100
AcDbEntity
  8
M-TEFR-MEKANIK
100
AcDbPolyline
 90
4
 70
1
 10
1660.0
 20
315.0
 10
1740.0
 20
315.0
 10
1740.0
 20
273.0
 10
1660.0
 20
273.0
  0
CIRCLE
  5
E1
330
17
100
AcDbEntity
  8
M-TEFR-MIMARI
100
AcDbCircle
 10
1585.0
 20
170.0
 30
0.0
 40
19.0
  0
CIRCLE
  5
E2
330
17
100
AcDbEntity
  8
M-TEFR-MIMARI
100
AcDbCircle
 10
1640.0
 20
170.0
 30
0.0
 40
19.0
  0
CIRCLE
  5
E3
330
17
100
AcDbEntity
  8
M-TEFR-MIMARI
100
AcDbCircle
 10
1695.0
 20
170.0
 30
0.0
 40
19.0
  0
LWPOLYLINE
  5
E4
330
17
100
AcDbEntity
  8
M-TEFR-MEKANIK
100
AcDbPolyline
 90
4
 70
1
 10
1404.0
 20
512.5
 10
1496.0
 20
512.5
 10
1496.0
 20
440.5
 10
1404.0
 20
440.5
  0
LINE
  5
E5
330
17
100
AcDbEntity
  8
M-TEFR-MEKANIK
100
AcDbLine
 10
1450.0
 20
512.5
 30
0.0
 11
1450.0
 21
440.5
 31
0.0
  0
LINE
  5
E6
330
17
100
AcDbEntity
  8
M-TEFR-MEKANIK
100
AcDbLine
 10
1404.0
 20
512.5
 30
0.0
 11
1496.0
 21
440.5
 31
0.0
  0
LWPOLYLINE
  5
E7
330
17
100
AcDbEntity
  8
M-TEFR-MEKANIK
100
AcDbPolyline
 90
4
 70
1
 10
1500.0
 20
512.4999999999998
 10
1680.0
 20
512.4999999999998
 10
1680.0
 20
450.4999999999998
 10
1500.0
 20
450.4999999999998
  0
LINE
  5
E8
330
17
100
AcDbEntity
  8
M-TEFR-MEKANIK
100
AcDbLine
 10
1500.0
 20
454.5
 30
0.0
 11
1680.0
 21
454.5
 31
0.0
  0
LWPOLYLINE
  5
E9
330
17
100
AcDbEntity
  8
M-TEFR-MIMARI
100
AcDbPolyline
 90
4
 70
1
 10
1505.0
 20
1435.0
 10
1695.0
 20
1435.0
 10
1695.0
 20
965.0
 10
1505.0
 20
965.0
  0
LWPOLYLINE
  5
EA
330
17
100
AcDbEntity
  8
M-TEFR-MIMARI
100
AcDbPolyline
 90
4
 70
1
 10
1517.0
 20
1310.0
 10
1683.0
 20
1310.0
 10
1683.0
 20
1245.0
 10
1517.0
 20
1245.0
  0
LWPOLYLINE
  5
EB
330
17
100
AcDbEntity
  8
M-TEFR-MIMARI
100
AcDbPolyline
 90
4
 70
1
 10
1517.0
 20
1100.0
 10
1683.0
 20
1100.0
 10
1683.0
 20
1055.0
 10
1517.0
 20
1055.0
  0
LWPOLYLINE
  5
EC
330
17
100
AcDbEntity
  8
M-TEFR-MIMARI
100
AcDbPolyline
 90
4
 70
1
 10
1520.0
 20
1240.0
 10
1680.0
 20
1240.0
 10
1680.0
 20
1105.0
 10
1520.0
 20
1105.0
  0
LWPOLYLINE
  5
ED
330
17
100
AcDbEntity
  8
M-TEFR-MIMARI
100
AcDbPolyline
 90
4
 70
1
 10
1755.0
 20
1435.0
 10
1945.0
 20
1435.0
 10
1945.0
 20
965.0
 10
1755.0
 20
965.0
  0
LWPOLYLINE
  5
EE
330
17
100
AcDbEntity
  8
M-TEFR-MIMARI
100
AcDbPolyline
 90
4
 70
1
 10
1767.0
 20
1310.0
 10
1933.0
 20
1310.0
 10
1933.0
 20
1245.0
 10
1767.0
 20
1245.0
  0
LWPOLYLINE
  5
EF
330
17
100
AcDbEntity
  8
M-TEFR-MIMARI
100
AcDbPolyline
 90
4
 70
1
 10
1767.0
 20
1100.0
 10
1933.0
 20
1100.0
 10
1933.0
 20
1055.0
 10
1767.0
 20
1055.0
  0
LWPOLYLINE
  5
F0
330
17
100
AcDbEntity
  8
M-TEFR-MIMARI
100
AcDbPolyline
 90
4
 70
1
 10
1770.0
 20
1240.0
 10
1930.0
 20
1240.0
 10
1930.0
 20
1105.0
 10
1770.0
 20
1105.0
  0
LWPOLYLINE
  5
F1
330
17
100
AcDbEntity
  8
M-TEFR-MEKANIK
100
AcDbPolyline
 90
4
 70
1
 10
1652.5
 20
830.0
 10
1652.5
 20
790.0
 10
1634.5
 20
790.0
 10
1634.5
 20
830.0
  0
LWPOLYLINE
  5
F2
330
17
100
AcDbEntity
  8
M-TEFR-MEKANIK
100
AcDbPolyline
 90
25
 70
1
 10
1634.5
 20
828.0000000000001
 10
1626.9930555555557
 20
828.1805555555557
 10
1620.138888888889
 20
828.0555555555554
 10
1613.9375
 20
827.6249999999999
 10
1608.3888888888891
 20
826.8888888888889
 10
1603.4930555555557
 20
825.8472222222222
 10
1599.25
 20
824.4999999999999
 10
1595.6597222222222
 20
822.8472222222223
 10
1592.7222222222222
 20
820.888888888889
 10
1590.4375
 20
818.6250000000001
 10
1588.8055555555557
 20
816.0555555555555
 10
1587.826388888889
 20
813.1805555555557
 10
1587.5
 20
810.0
 10
1587.826388888889
 20
806.8194444444443
 10
1588.8055555555557
 20
803.9444444444445
 10
1590.4375
 20
801.3749999999999
 10
1592.7222222222222
 20
799.111111111111
 10
1595.6597222222222
 20
797.1527777777777
 10
1599.25
 20
795.5000000000001
 10
1603.4930555555557
 20
794.1527777777778
 10
1608.3888888888891
 20
793.1111111111111
 10
1613.9375
 20
792.3750000000001
 10
1620.138888888889
 20
791.9444444444446
 10
1626.9930555555557
 20
791.8194444444443
 10
1634.5
 20
791.9999999999999
  0
LWPOLYLINE
  5
F3
330
17
100
AcDbEntity
  8
M-TEFR-MEKANIK
100
AcDbPolyline
 90
4
 70
1
 10
1490.0
 20
892.5
 10
1570.0
 20
892.5
 10
1570.0
 20
842.5
 10
1490.0
 20
842.5
  0
LWPOLYLINE
  5
F4
330
17
100
AcDbEntity
  8
M-TEFR-MEKANIK
100
AcDbPolyline
 90
25
 70
0
 10
1510.0
 20
862.5
 10
1504.8293610827277
 20
861.9799993172844
 10
1500.0139372981166
 20
860.4747747358869
 10
1495.8813727191573
 20
858.0867425611368
 10
1492.712849304305
 20
854.9783858107634
 10
1490.7239551229482
 20
851.361198781334
 10
1490.0500156250305
 20
847.4812968604249
 10
1490.7368860232868
 20
843.6026707007866
 10
1492.737831279438
 20
839.9892241516744
 10
1495.9167059818071
 20
836.8868180963339
 10
1500.057217753731
 20
834.5065419427815
 10
1504.8776439053906
 20
833.0103509848143
 10
1510.05
 20
832.5000468750733
 10
1515.2223560946095
 20
833.0103509848143
 10
1520.0427822462689
 20
834.5065419427815
 10
1524.1832940181928
 20
836.8868180963339
 10
1527.3621687205618
 20
839.9892241516744
 10
1529.363113976713
 20
843.6026707007866
 10
1530.0499843749694
 20
847.4812968604249
 10
1529.3760448770522
 20
851.361198781334
 10
1527.3871506956948
 20
854.9783858107634
 10
1524.2186272808426
 20
858.0867425611368
 10
1520.0860627018833
 20
860.4747747358869
 10
1515.2706389172722
 20
861.9799993172844
 10
1510.1
 20
862.5
  0
LWPOLYLINE
  5
F5
330
17
100
AcDbEntity
  8
M-TEFR-MIMARI
100
AcDbPolyline
 90
4
 70
1
 10
1505.0
 20
712.5
 10
1645.0
 20
712.5
 10
1645.0
 20
667.5
 10
1505.0
 20
667.5
  0
LWPOLYLINE
  5
F6
330
17
100
AcDbEntity
  8
M-TEFR-MIMARI
100
AcDbPolyline
 90
4
 70
1
 10
1645.0
 20
527.5
 10
1505.0
 20
527.5
 10
1505.0
 20
572.5
 10
1645.0
 20
572.5
  0
LWPOLYLINE
  5
F7
330
17
100
AcDbEntity
  8
M-TEFR-MEKANIK
100
AcDbPolyline
 90
4
 70
1
 10
1667.5
 20
545.0
 10
1667.5
 20
875.0
 10
1729.5
 20
875.0
 10
1729.5
 20
545.0
  0
LINE
  5
F8
330
17
100
AcDbEntity
  8
M-TEFR-MEKANIK
100
AcDbLine
 10
1725.5
 20
545.0
 30
0.0
 11
1725.4999999999998
 21
875.0
 31
0.0
  0
LWPOLYLINE
  5
F9
330
17
100
AcDbEntity
  8
M-TEFR-MEKANIK
100
AcDbPolyline
 90
4
 70
1
 10
1677.5
 20
670.0
 10
1677.5
 20
750.0
 10
1717.5
 20
750.0
 10
1717.5
 20
670.0
  0
CIRCLE
  5
FA
330
17
100
AcDbEntity
  8
M-TEFR-MEKANIK
100
AcDbCircle
 10
1681.5
 20
710.0
 30
0.0
 40
3.0
  0
CIRCLE
  5
FB
330
17
100
AcDbEntity
  8
M-TEFR-MEKANIK
100
AcDbCircle
 10
1685.4999999999998
 20
825.0
 30
0.0
 40
9.0
  0
CIRCLE
  5
FC
330
17
100
AcDbEntity
  8
M-TEFR-MEKANIK
100
AcDbCircle
 10
1685.4999999999998
 20
860.0
 30
0.0
 40
9.0
  0
CIRCLE
  5
FD
330
17
100
AcDbEntity
  8
M-TEFR-MEKANIK
100
AcDbCircle
 10
1711.5
 20
825.0
 30
0.0
 40
9.0
  0
CIRCLE
  5
FE
330
17
100
AcDbEntity
  8
M-TEFR-MEKANIK
100
AcDbCircle
 10
1711.5
 20
860.0
 30
0.0
 40
9.0
  0
LWPOLYLINE
  5
FF
330
17
100
AcDbEntity
  8
M-TEFR-MIMARI
100
AcDbPolyline
 90
4
 70
1
 10
1750.0
 20
892.5
 10
1910.0
 20
892.5
 10
1910.0
 20
847.5
 10
1750.0
 20
847.5
  0
LINE
  5
100
330
17
100
AcDbEntity
  8
M-TEFR-MIMARI
100
AcDbLine
 10
1830.0
 20
892.5
 30
0.0
 11
1830.0
 21
847.5
 31
0.0
  0
CIRCLE
  5
101
330
17
100
AcDbEntity
  8
M-TEFR-MIMARI
100
AcDbCircle
 10
840.0
 20
540.0
 30
0.0
 40
25.0
  0
LINE
  5
102
330
17
100
AcDbEntity
  8
M-TEFR-MIMARI
100
AcDbLine
 10
840.0
 20
540.0
 30
0.0
 11
861.9999999999999
 21
540.0
 31
0.0
  0
LINE
  5
103
330
17
100
AcDbEntity
  8
M-TEFR-MIMARI
100
AcDbLine
 10
840.0
 20
540.0
 30
0.0
 11
851.0
 21
520.9474411167423
 31
0.0
  0
LINE
  5
104
330
17
100
AcDbEntity
  8
M-TEFR-MIMARI
100
AcDbLine
 10
840.0
 20
540.0
 30
0.0
 11
829.0
 21
520.9474411167423
 31
0.0
  0
LINE
  5
105
330
17
100
AcDbEntity
  8
M-TEFR-MIMARI
100
AcDbLine
 10
840.0
 20
540.0
 30
0.0
 11
818.0000000000001
 21
540.0
 31
0.0
  0
LINE
  5
106
330
17
100
AcDbEntity
  8
M-TEFR-MIMARI
100
AcDbLine
 10
840.0
 20
540.0
 30
0.0
 11
829.0
 21
559.0525588832577
 31
0.0
  0
LINE
  5
107
330
17
100
AcDbEntity
  8
M-TEFR-MIMARI
100
AcDbLine
 10
840.0
 20
540.0
 30
0.0
 11
851.0
 21
559.0525588832577
 31
0.0
  0
CIRCLE
  5
108
330
17
100
AcDbEntity
  8
M-TEFR-MIMARI
100
AcDbCircle
 10
1350.0
 20
1430.0
 30
0.0
 40
25.0
  0
LINE
  5
109
330
17
100
AcDbEntity
  8
M-TEFR-MIMARI
100
AcDbLine
 10
1350.0
 20
1430.0
 30
0.0
 11
1372.0
 21
1430.0
 31
0.0
  0
LINE
  5
10A
330
17
100
AcDbEntity
  8
M-TEFR-MIMARI
100
AcDbLine
 10
1350.0
 20
1430.0
 30
0.0
 11
1361.0
 21
1410.9474411167423
 31
0.0
  0
LINE
  5
10B
330
17
100
AcDbEntity
  8
M-TEFR-MIMARI
100
AcDbLine
 10
1350.0
 20
1430.0
 30
0.0
 11
1339.0
 21
1410.9474411167423
 31
0.0
  0
LINE
  5
10C
330
17
100
AcDbEntity
  8
M-TEFR-MIMARI
100
AcDbLine
 10
1350.0
 20
1430.0
 30
0.0
 11
1328.0
 21
1430.0
 31
0.0
  0
LINE
  5
10D
330
17
100
AcDbEntity
  8
M-TEFR-MIMARI
100
AcDbLine
 10
1350.0
 20
1430.0
 30
0.0
 11
1339.0
 21
1449.0525588832577
 31
0.0
  0
LINE
  5
10E
330
17
100
AcDbEntity
  8
M-TEFR-MIMARI
100
AcDbLine
 10
1350.0
 20
1430.0
 30
0.0
 11
1361.0
 21
1449.0525588832577
 31
0.0
  0
HATCH
  5
10F
330
17
100
AcDbEntity
  8
M-ZMNK-DOGALTAS-T
 62
7
100
AcDbHatch
 10
0.0
 20
0.0
 30
0.0
210
0.0
220
0.0
230
1.0
  2
NET
 70
0
 71
0
 91
1
 92
3
 72
0
 73
1
 93
4
 10
1005.0
 20
832.5
 10
1252.5
 20
832.5
 10
1252.5
 20
707.5
 10
1005.0
 20
707.5
 97
0
 75
1
 76
1
 52
0.0
 41
16.0
 77
0
 78
2
 53
0.0
 43
0.0
 44
0.0
 45
0.0
 46
50.8
 79
0
 53
90.0
 43
0.0
 44
0.0
 45
-50.8
 46
0.0
 79
0
 98
0
  0
LWPOLYLINE
  5
111
330
17
100
AcDbEntity
  8
M-MERD-BETONARME
100
AcDbPolyline
 90
4
 70
1
 10
1005.0
 20
832.5
 10
1252.5
 20
832.5
 10
1252.5
 20
707.5
 10
1005.0
 20
707.5
  0
LINE
  5
112
330
17
100
AcDbEntity
  8
M-MERD-BETONARME
100
AcDbLine
 10
1005.0
 20
1084.5
 30
0.0
 11
1125.0
 21
1084.5
 31
0.0
  0
LINE
  5
113
330
17
100
AcDbEntity
  8
M-MERD-BETONARME
100
AcDbLine
 10
1005.0
 20
1056.5
 30
0.0
 11
1125.0
 21
1056.5
 31
0.0
  0
LINE
  5
114
330
17
100
AcDbEntity
  8
M-MERD-BETONARME
100
AcDbLine
 10
1005.0
 20
1028.5
 30
0.0
 11
1125.0
 21
1028.5
 31
0.0
  0
LINE
  5
115
330
17
100
AcDbEntity
  8
M-MERD-BETONARME
100
AcDbLine
 10
1005.0
 20
1000.5000000000001
 30
0.0
 11
1125.0
 21
1000.5000000000001
 31
0.0
  0
LINE
  5
116
330
17
100
AcDbEntity
  8
M-MERD-BETONARME
100
AcDbLine
 10
1005.0
 20
972.5
 30
0.0
 11
1125.0
 21
972.5
 31
0.0
  0
LINE
  5
117
330
17
100
AcDbEntity
  8
M-MERD-BETONARME
100
AcDbLine
 10
1005.0
 20
944.4999999999999
 30
0.0
 11
1125.0
 21
944.4999999999999
 31
0.0
  0
LINE
  5
118
330
17
100
AcDbEntity
  8
M-MERD-BETONARME
100
AcDbLine
 10
1005.0
 20
916.5
 30
0.0
 11
1125.0
 21
916.5
 31
0.0
  0
LINE
  5
119
330
17
100
AcDbEntity
  8
M-MERD-BETONARME
100
AcDbLine
 10
1005.0
 20
888.5000000000002
 30
0.0
 11
1125.0
 21
888.5000000000002
 31
0.0
  0
LINE
  5
11A
330
17
100
AcDbEntity
  8
M-GOST-IZDUSUM
100
AcDbLine
 10
1005.0
 20
860.5000000000001
 30
0.0
 11
1125.0
 21
860.5000000000001
 31
0.0
  0
LINE
  5
11B
330
17
100
AcDbEntity
  8
M-GOST-IZDUSUM
100
AcDbLine
 10
1005.0
 20
832.5
 30
0.0
 11
1125.0
 21
832.5
 31
0.0
  0
LWPOLYLINE
  5
11C
330
17
100
AcDbEntity
  8
M-MERD-BETONARME
100
AcDbPolyline
 90
5
 70
0
 10
1005.0
 20
839.5000000000002
 10
1050.0
 20
839.5000000000002
 10
1065.0
 20
859.4999999999999
 10
1077.0000000000002
 20
829.4999999999999
 10
1125.0
 20
899.5000000000002
  0
LINE
  5
11D
330
17
100
AcDbEntity
  8
M-MERD-BETONARME
100
AcDbLine
 10
1005.0
 20
1084.5
 30
0.0
 11
1005.0
 21
832.5
 31
0.0
  0
LINE
  5
11E
330
17
100
AcDbEntity
  8
M-MERD-BETONARME
100
AcDbLine
 10
1125.0
 20
1084.5
 30
0.0
 11
1125.0
 21
832.5
 31
0.0
  0
HATCH
  5
11F
330
17
100
AcDbEntity
  8
M-MERD-BETONARME
100
AcDbHatch
 10
0.0
 20
0.0
 30
0.0
210
0.0
220
0.0
230
1.0
  2
SOLID
 70
1
 71
0
 91
1
 92
1
 93
1
 72
2
 10
1065.0
 20
1102.5
 40
5.0
 50
0
 51
360
 73
1
 97
0
 75
1
 76
1
 98
0
  0
LINE
  5
120
330
17
100
AcDbEntity
  8
M-MERD-BETONARME
100
AcDbLine
 10
1065.0
 20
1102.5
 30
0.0
 11
1065.0
 21
884.4999999999999
 31
0.0
  0
HATCH
  5
122
330
17
100
AcDbEntity
  8
M-MERD-BETONARME-T
100
AcDbHatch
 10
0.0
 20
0.0
 30
0.0
210
0.0
220
0.0
230
1.0
  2
SOLID
 70
1
 71
0
 91
1
 92
3
 72
0
 73
1
 93
3
 10
1053.0
 20
909.4999999999999
 10
1077.0
 20
909.4999999999999
 10
1065.0
 20
879.5000000000002
 97
0
 75
1
 76
1
 98
0
  0
TEXT
  5
124
330
17
100
AcDbEntity
  8
M-GOST-MERDIVEPOZ
100
AcDbText
 10
1065.0
 20
1129.5000000000002
 30
0.0
 40
10.440000000000001
  1
ÇIKIŞ
  7
YAZI-KALIN
 72
1
 11
1065.0
 21
1129.5000000000002
 31
0.0
100
AcDbText
  0
TEXT
  5
125
330
17
100
AcDbEntity
  8
M-GOST-MERDIVEPOZ
100
AcDbText
 10
1067.0
 20
784.4999999999999
 30
0.0
 40
9.36
  1
19×16,8/28
 50
90.0
  7
YAZI
 72
1
 11
1067.0
 21
784.4999999999999
 31
0.0
100
AcDbText
  0
LINE
  5
126
330
17
100
AcDbEntity
  8
M-MERD-BETONARME
100
AcDbLine
 10
1135.0
 20
832.5
 30
0.0
 11
1252.5
 21
832.5
 31
0.0
  0
LINE
  5
127
330
17
100
AcDbEntity
  8
M-MERD-BETONARME
100
AcDbLine
 10
1135.0
 20
860.5000000000001
 30
0.0
 11
1252.5
 21
860.5000000000001
 31
0.0
  0
LINE
  5
128
330
17
100
AcDbEntity
  8
M-MERD-BETONARME
100
AcDbLine
 10
1135.0
 20
888.5
 30
0.0
 11
1252.5
 21
888.5
 31
0.0
  0
LINE
  5
129
330
17
100
AcDbEntity
  8
M-MERD-BETONARME
100
AcDbLine
 10
1135.0
 20
916.5
 30
0.0
 11
1252.5
 21
916.5
 31
0.0
  0
LINE
  5
12A
330
17
100
AcDbEntity
  8
M-MERD-BETONARME
100
AcDbLine
 10
1135.0
 20
944.4999999999999
 30
0.0
 11
1252.5
 21
944.4999999999999
 31
0.0
  0
LINE
  5
12B
330
17
100
AcDbEntity
  8
M-MERD-BETONARME
100
AcDbLine
 10
1135.0
 20
972.5
 30
0.0
 11
1252.5
 21
972.5
 31
0.0
  0
LINE
  5
12C
330
17
100
AcDbEntity
  8
M-MERD-BETONARME
100
AcDbLine
 10
1135.0
 20
1000.5000000000001
 30
0.0
 11
1252.5
 21
1000.5000000000001
 31
0.0
  0
LINE
  5
12D
330
17
100
AcDbEntity
  8
M-MERD-BETONARME
100
AcDbLine
 10
1135.0
 20
1028.5
 30
0.0
 11
1252.5
 21
1028.5
 31
0.0
  0
LINE
  5
12E
330
17
100
AcDbEntity
  8
M-MERD-BETONARME
100
AcDbLine
 10
1135.0
 20
1056.5
 30
0.0
 11
1252.5
 21
1056.5
 31
0.0
  0
LINE
  5
12F
330
17
100
AcDbEntity
  8
M-MERD-BETONARME
100
AcDbLine
 10
1135.0
 20
1056.5
 30
0.0
 11
1135.0
 21
832.5
 31
0.0
  0
LINE
  5
130
330
17
100
AcDbEntity
  8
M-MERD-BETONARME
100
AcDbLine
 10
1252.5
 20
1056.5
 30
0.0
 11
1252.5
 21
832.5
 31
0.0
  0
LINE
  5
131
330
17
100
AcDbEntity
  8
M-MERD-BETONARME
100
AcDbLine
 10
1193.75
 20
1031.5
 30
0.0
 11
1193.75
 21
857.5
 31
0.0
  0
HATCH
  5
132
330
17
100
AcDbEntity
  8
M-MERD-BETONARME-T
100
AcDbHatch
 10
0.0
 20
0.0
 30
0.0
210
0.0
220
0.0
230
1.0
  2
SOLID
 70
1
 71
0
 91
1
 92
3
 72
0
 73
1
 93
3
 10
1181.75
 20
882.5
 10
1205.75
 20
882.5
 10
1193.75
 20
852.5
 97
0
 75
1
 76
1
 98
0
  0
TEXT
  5
133
330
17
100
AcDbEntity
  8
M-GOST-MERDIVEPOZ
100
AcDbText
 10
1193.75
 20
1071.5
 30
0.0
 40
10.440000000000001
  1
İNİŞ
  7
YAZI-KALIN
 72
1
 11
1193.75
 21
1071.5
 31
0.0
100
AcDbText
  0
LINE
  5
134
330
17
100
AcDbEntity
  8
M-MERD-BETONARME
100
AcDbLine
 10
1125.0
 20
1060.0
 30
0.0
 11
1125.0
 21
832.5
 31
0.0
  0
LINE
  5
135
330
17
100
AcDbEntity
  8
M-MERD-BETONARME
100
AcDbLine
 10
1135.0
 20
1060.0
 30
0.0
 11
1135.0
 21
832.5
 31
0.0
  0
LWPOLYLINE
  5
136
330
17
100
AcDbEntity
  8
M-TEFR-MEKANIK
100
AcDbPolyline
 90
4
 70
1
 10
1019.4999999999999
 20
645.0
 10
1159.5
 20
645.0
 10
1159.5
 20
535.0
 10
1019.4999999999999
 20
535.0
  0
LINE
  5
137
330
17
100
AcDbEntity
  8
M-TEFR-MEKANIK
100
AcDbLine
 10
1019.4999999999999
 20
645.0
 30
0.0
 11
1159.5
 21
535.0
 31
0.0
  0
LINE
  5
138
330
17
100
AcDbEntity
  8
M-TEFR-MEKANIK
100
AcDbLine
 10
1019.4999999999999
 20
535.0
 30
0.0
 11
1159.5
 21
645.0
 31
0.0
  0
LWPOLYLINE
  5
139
330
17
100
AcDbEntity
  8
M-TEFR-MEKANIK
100
AcDbPolyline
 90
4
 70
1
 10
1170.5
 20
667.5
 10
1185.5
 20
667.5
 10
1185.5
 20
512.5
 10
1170.5
 20
512.5
  0
TEXT
  5
13A
330
17
100
AcDbEntity
  8
M-GOST-YAZI
100
AcDbText
 10
1100.0
 20
499.4999999999999
 30
0.0
 40
9.36
  1
ASANSÖR 630 kg
  7
YAZI-KALIN
 72
1
 11
1100.0
 21
499.4999999999999
 31
0.0
100
AcDbText
  0
LWPOLYLINE
  5
13C
330
17
100
AcDbEntity
  8
M-DUVA-GAZBETON
100
AcDbPolyline
 90
4
 70
1
 10
0.0
 20
1500.0
 10
35.0
 20
1500.0
 10
35.0
 20
1380.0
 10
0.0
 20
1380.0
  0
LWPOLYLINE
  5
13D
330
17
100
AcDbEntity
  8
M-DUVA-GAZBETON
100
AcDbPolyline
 90
4
 70
1
 10
0.0
 20
1120.0
 10
35.0
 20
1120.0
 10
35.0
 20
900.0
 10
0.0
 20
900.0
  0
LWPOLYLINE
  5
13E
330
17
100
AcDbEntity
  8
M-DUVA-GAZBETON
100
AcDbPolyline
 90
4
 70
1
 10
0.0
 20
640.0
 10
35.0
 20
640.0
 10
35.0
 20
350.0
 10
0.0
 20
350.0
  0
LWPOLYLINE
  5
13F
330
17
100
AcDbEntity
  8
M-DUVA-GAZBETON
100
AcDbPolyline
 90
4
 70
1
 10
0.0
 20
90.0
 10
35.0
 20
90.0
 10
35.0
 20
0.0
 10
0.0
 20
0.0
  0
LWPOLYLINE
  5
140
330
17
100
AcDbEntity
  8
M-DUVA-GAZBETON
100
AcDbPolyline
 90
4
 70
1
 10
572.5
 20
1507.5
 10
587.5
 20
1507.5
 10
587.5
 20
1110.0
 10
572.5
 20
1110.0
  0
LWPOLYLINE
  5
141
330
17
100
AcDbEntity
  8
M-DUVA-GAZBETON
100
AcDbPolyline
 90
4
 70
1
 10
572.5
 20
1020.0
 10
587.5
 20
1020.0
 10
587.5
 20
972.5
 10
572.5
 20
972.5
  0
LWPOLYLINE
  5
142
330
17
100
AcDbEntity
  8
M-DUVA-GAZBETON
100
AcDbPolyline
 90
4
 70
1
 10
772.5
 20
1507.5
 10
787.5
 20
1507.5
 10
787.5
 20
1145.0
 10
772.5
 20
1145.0
  0
LWPOLYLINE
  5
143
330
17
100
AcDbEntity
  8
M-DUVA-GAZBETON
100
AcDbPolyline
 90
4
 70
1
 10
772.5
 20
1055.0
 10
787.5
 20
1055.0
 10
787.5
 20
920.0
 10
772.5
 20
920.0
  0
LWPOLYLINE
  5
144
330
17
100
AcDbEntity
  8
M-DUVA-GAZBETON
100
AcDbPolyline
 90
4
 70
1
 10
772.5
 20
760.0
 10
787.5
 20
760.0
 10
787.5
 20
420.0
 10
772.5
 20
420.0
  0
LWPOLYLINE
  5
145
330
17
100
AcDbEntity
  8
M-DUVA-GAZBETON
100
AcDbPolyline
 90
4
 70
1
 10
772.5
 20
80.0
 10
787.5
 20
80.0
 10
787.5
 20
-7.5
 10
772.5
 20
-7.5
  0
LWPOLYLINE
  5
146
330
17
100
AcDbEntity
  8
M-DUVA-GAZBETON
100
AcDbPolyline
 90
4
 70
1
 10
1252.5
 20
1187.5
 10
1267.5
 20
1187.5
 10
1267.5
 20
660.0
 10
1252.5
 20
660.0
  0
LWPOLYLINE
  5
147
330
17
100
AcDbEntity
  8
M-DUVA-GAZBETON
100
AcDbPolyline
 90
4
 70
1
 10
1252.5
 20
600.0
 10
1267.5
 20
600.0
 10
1267.5
 20
460.0
 10
1252.5
 20
460.0
  0
LWPOLYLINE
  5
148
330
17
100
AcDbEntity
  8
M-DUVA-GAZBETON
100
AcDbPolyline
 90
4
 70
1
 10
1252.5
 20
40.0
 10
1267.5
 20
40.0
 10
1267.5
 20
-7.5
 10
1252.5
 20
-7.5
  0
LWPOLYLINE
  5
149
330
17
100
AcDbEntity
  8
M-DUVA-GAZBETON
100
AcDbPolyline
 90
4
 70
1
 10
1392.5
 20
1507.5
 10
1407.5
 20
1507.5
 10
1407.5
 20
1145.0
 10
1392.5
 20
1145.0
  0
LWPOLYLINE
  5
14A
330
17
100
AcDbEntity
  8
M-DUVA-GAZBETON
100
AcDbPolyline
 90
4
 70
1
 10
1392.5
 20
1055.0
 10
1407.5
 20
1055.0
 10
1407.5
 20
855.0
 10
1392.5
 20
855.0
  0
LWPOLYLINE
  5
14B
330
17
100
AcDbEntity
  8
M-DUVA-GAZBETON
100
AcDbPolyline
 90
4
 70
1
 10
1392.5
 20
775.0
 10
1407.5
 20
775.0
 10
1407.5
 20
675.0
 10
1392.5
 20
675.0
  0
LWPOLYLINE
  5
14C
330
17
100
AcDbEntity
  8
M-DUVA-GAZBETON
100
AcDbPolyline
 90
4
 70
1
 10
1392.5
 20
585.0
 10
1407.5
 20
585.0
 10
1407.5
 20
512.5
 10
1392.5
 20
512.5
  0
LWPOLYLINE
  5
14D
330
17
100
AcDbEntity
  8
M-DUVA-GAZBETON
100
AcDbPolyline
 90
4
 70
1
 10
1652.5000000000002
 20
907.5
 10
1667.5
 20
907.5
 10
1667.5
 20
512.5
 10
1652.5000000000002
 20
512.5
  0
LWPOLYLINE
  5
14E
330
17
100
AcDbEntity
  8
M-DUVA-GAZBETON
100
AcDbPolyline
 90
4
 70
1
 10
1965.0
 20
1500.0
 10
2000.0
 20
1500.0
 10
2000.0
 20
1260.0
 10
1965.0
 20
1260.0
  0
LWPOLYLINE
  5
14F
330
17
100
AcDbEntity
  8
M-DUVA-GAZBETON
100
AcDbPolyline
 90
4
 70
1
 10
1965.0
 20
1160.0
 10
2000.0
 20
1160.0
 10
2000.0
 20
845.0
 10
1965.0
 20
845.0
  0
LWPOLYLINE
  5
150
330
17
100
AcDbEntity
  8
M-DUVA-GAZBETON
100
AcDbPolyline
 90
4
 70
1
 10
1965.0
 20
755.0
 10
2000.0
 20
755.0
 10
2000.0
 20
720.0
 10
1965.0
 20
720.0
  0
LWPOLYLINE
  5
151
330
17
100
AcDbEntity
  8
M-DUVA-GAZBETON
100
AcDbPolyline
 90
4
 70
1
 10
1965.0
 20
540.0
 10
2000.0
 20
540.0
 10
2000.0
 20
420.0
 10
1965.0
 20
420.0
  0
LWPOLYLINE
  5
152
330
17
100
AcDbEntity
  8
M-DUVA-GAZBETON
100
AcDbPolyline
 90
4
 70
1
 10
1965.0
 20
100.0
 10
2000.0
 20
100.0
 10
2000.0
 20
0.0
 10
1965.0
 20
0.0
  0
LWPOLYLINE
  5
153
330
17
100
AcDbEntity
  8
M-DUVA-GAZBETON
100
AcDbPolyline
 90
4
 70
1
 10
0.0
 20
1500.0
 10
160.0
 20
1500.0
 10
160.0
 20
1465.0
 10
0.0
 20
1465.0
  0
LWPOLYLINE
  5
154
330
17
100
AcDbEntity
  8
M-DUVA-GAZBETON
100
AcDbPolyline
 90
4
 70
1
 10
420.0
 20
1500.0
 10
630.0
 20
1500.0
 10
630.0
 20
1465.0
 10
420.0
 20
1465.0
  0
LWPOLYLINE
  5
155
330
17
100
AcDbEntity
  8
M-DUVA-GAZBETON
100
AcDbPolyline
 90
4
 70
1
 10
730.0
 20
1500.0
 10
855.0
 20
1500.0
 10
855.0
 20
1465.0
 10
730.0
 20
1465.0
  0
LWPOLYLINE
  5
156
330
17
100
AcDbEntity
  8
M-DUVA-GAZBETON
100
AcDbPolyline
 90
4
 70
1
 10
965.0
 20
1500.0
 10
1020.0
 20
1500.0
 10
1020.0
 20
1465.0
 10
965.0
 20
1465.0
  0
LWPOLYLINE
  5
157
330
17
100
AcDbEntity
  8
M-DUVA-GAZBETON
100
AcDbPolyline
 90
4
 70
1
 10
1200.0
 20
1500.0
 10
1460.0
 20
1500.0
 10
1460.0
 20
1465.0
 10
1200.0
 20
1465.0
  0
LWPOLYLINE
  5
158
330
17
100
AcDbEntity
  8
M-DUVA-GAZBETON
100
AcDbPolyline
 90
4
 70
1
 10
1940.0
 20
1500.0
 10
2000.0
 20
1500.0
 10
2000.0
 20
1465.0
 10
1940.0
 20
1465.0
  0
LWPOLYLINE
  5
159
330
17
100
AcDbEntity
  8
M-DUVA-GAZBETON
100
AcDbPolyline
 90
4
 70
1
 10
572.5
 20
1187.5
 10
600.0
 20
1187.5
 10
600.0
 20
1172.5
 10
572.5
 20
1172.5
  0
LWPOLYLINE
  5
15A
330
17
100
AcDbEntity
  8
M-DUVA-GAZBETON
100
AcDbPolyline
 90
4
 70
1
 10
680.0
 20
1187.5
 10
787.5
 20
1187.5
 10
787.5
 20
1172.5
 10
680.0
 20
1172.5
  0
LWPOLYLINE
  5
15B
330
17
100
AcDbEntity
  8
M-DUVA-GAZBETON
100
AcDbPolyline
 90
4
 70
1
 10
-7.5
 20
987.5
 10
787.5
 20
987.5
 10
787.5
 20
972.5
 10
-7.5
 20
972.5
  0
LWPOLYLINE
  5
15C
330
17
100
AcDbEntity
  8
M-DUVA-GAZBETON
100
AcDbPolyline
 90
4
 70
1
 10
1392.5
 20
907.5
 10
2007.5
 20
907.5
 10
2007.5
 20
892.5
 10
1392.5
 20
892.5
  0
LWPOLYLINE
  5
15D
330
17
100
AcDbEntity
  8
M-DUVA-GAZBETON
100
AcDbPolyline
 90
4
 70
1
 10
1392.5
 20
727.5
 10
1667.5
 20
727.5
 10
1667.5
 20
712.5
 10
1392.5
 20
712.5
  0
LWPOLYLINE
  5
15E
330
17
100
AcDbEntity
  8
M-DUVA-GAZBETON
100
AcDbPolyline
 90
4
 70
1
 10
1252.5
 20
527.5
 10
1285.0
 20
527.5
 10
1285.0
 20
512.5
 10
1252.5
 20
512.5
  0
LWPOLYLINE
  5
15F
330
17
100
AcDbEntity
  8
M-DUVA-GAZBETON
100
AcDbPolyline
 90
4
 70
1
 10
1375.0
 20
527.5
 10
1740.0
 20
527.5
 10
1740.0
 20
512.5
 10
1375.0
 20
512.5
  0
LWPOLYLINE
  5
160
330
17
100
AcDbEntity
  8
M-DUVA-GAZBETON
100
AcDbPolyline
 90
4
 70
1
 10
1830.0
 20
527.5
 10
2007.5
 20
527.5
 10
2007.5
 20
512.5
 10
1830.0
 20
512.5
  0
LWPOLYLINE
  5
161
330
17
100
AcDbEntity
  8
M-DUVA-GAZBETON
100
AcDbPolyline
 90
4
 70
1
 10
0.0
 20
35.0
 10
120.0
 20
35.0
 10
120.0
 20
0.0
 10
0.0
 20
0.0
  0
LWPOLYLINE
  5
162
330
17
100
AcDbEntity
  8
M-DUVA-GAZBETON
100
AcDbPolyline
 90
4
 70
1
 10
660.0
 20
35.0
 10
840.0
 20
35.0
 10
840.0
 20
0.0
 10
660.0
 20
0.0
  0
LWPOLYLINE
  5
163
330
17
100
AcDbEntity
  8
M-DUVA-GAZBETON
100
AcDbPolyline
 90
4
 70
1
 10
1200.0
 20
35.0
 10
1340.0
 20
35.0
 10
1340.0
 20
0.0
 10
1200.0
 20
0.0
  0
LWPOLYLINE
  5
164
330
17
100
AcDbEntity
  8
M-DUVA-GAZBETON
100
AcDbPolyline
 90
4
 70
1
 10
1880.0
 20
35.0
 10
2000.0
 20
35.0
 10
2000.0
 20
0.0
 10
1880.0
 20
0.0
  0
LWPOLYLINE
  5
166
330
17
100
AcDbEntity
  8
M-TASI-BETONARME
100
AcDbPolyline
 90
4
 70
1
 10
992.5
 20
707.5
 10
1007.5
 20
707.5
 10
1007.5
 20
645.0
 10
992.5
 20
645.0
  0
LWPOLYLINE
  5
167
330
17
100
AcDbEntity
  8
M-TASI-BETONARME
100
AcDbPolyline
 90
4
 70
1
 10
992.5
 20
545.0
 10
1007.5
 20
545.0
 10
1007.5
 20
472.5000000000002
 10
992.5
 20
472.5000000000002
  0
LWPOLYLINE
  5
168
330
17
100
AcDbEntity
  8
M-TASI-BETONARME
100
AcDbPolyline
 90
4
 70
1
 10
1192.5
 20
707.5
 10
1207.5
 20
707.5
 10
1207.5
 20
472.5
 10
1192.5
 20
472.5
  0
LWPOLYLINE
  5
169
330
17
100
AcDbEntity
  8
M-TASI-BETONARME
100
AcDbPolyline
 90
4
 70
1
 10
992.5
 20
707.5
 10
1267.4999999999998
 20
707.5
 10
1267.4999999999998
 20
692.5
 10
992.5
 20
692.5
  0
LWPOLYLINE
  5
16A
330
17
100
AcDbEntity
  8
M-TASI-BETONARME
100
AcDbPolyline
 90
4
 70
1
 10
992.5
 20
487.5
 10
1267.4999999999998
 20
487.5
 10
1267.4999999999998
 20
472.5
 10
992.5
 20
472.5
  0
LWPOLYLINE
  5
16B
330
17
100
AcDbEntity
  8
M-TASI-BETONARME
100
AcDbPolyline
 90
4
 70
1
 10
0.0
 20
1500.0
 10
40.0
 20
1500.0
 10
40.0
 20
1460.0
 10
0.0
 20
1460.0
  0
LWPOLYLINE
  5
16C
330
17
100
AcDbEntity
  8
M-TASI-BETONARME
100
AcDbPolyline
 90
4
 70
1
 10
0.0
 20
1000.0
 10
40.0
 20
1000.0
 10
40.0
 20
960.0
 10
0.0
 20
960.0
  0
LWPOLYLINE
  5
16D
330
17
100
AcDbEntity
  8
M-TASI-BETONARME
100
AcDbPolyline
 90
4
 70
1
 10
0.0
 20
520.0
 10
40.0
 20
520.0
 10
40.0
 20
480.0
 10
0.0
 20
480.0
  0
LWPOLYLINE
  5
16E
330
17
100
AcDbEntity
  8
M-TASI-BETONARME
100
AcDbPolyline
 90
4
 70
1
 10
0.0
 20
40.0
 10
40.0
 20
40.0
 10
40.0
 20
0.0
 10
0.0
 20
0.0
  0
LWPOLYLINE
  5
16F
330
17
100
AcDbEntity
  8
M-TASI-BETONARME
100
AcDbPolyline
 90
4
 70
1
 10
760.0
 20
1500.0
 10
800.0
 20
1500.0
 10
800.0
 20
1460.0
 10
760.0
 20
1460.0
  0
LWPOLYLINE
  5
170
330
17
100
AcDbEntity
  8
M-TASI-BETONARME
100
AcDbPolyline
 90
4
 70
1
 10
760.0
 20
1000.0
 10
800.0
 20
1000.0
 10
800.0
 20
960.0
 10
760.0
 20
960.0
  0
LWPOLYLINE
  5
171
330
17
100
AcDbEntity
  8
M-TASI-BETONARME
100
AcDbPolyline
 90
4
 70
1
 10
760.0
 20
520.0
 10
800.0
 20
520.0
 10
800.0
 20
480.0
 10
760.0
 20
480.0
  0
LWPOLYLINE
  5
172
330
17
100
AcDbEntity
  8
M-TASI-BETONARME
100
AcDbPolyline
 90
4
 70
1
 10
760.0
 20
40.0
 10
800.0
 20
40.0
 10
800.0
 20
0.0
 10
760.0
 20
0.0
  0
LWPOLYLINE
  5
173
330
17
100
AcDbEntity
  8
M-TASI-BETONARME
100
AcDbPolyline
 90
4
 70
1
 10
1240.0
 20
1500.0
 10
1280.0
 20
1500.0
 10
1280.0
 20
1460.0
 10
1240.0
 20
1460.0
  0
LWPOLYLINE
  5
174
330
17
100
AcDbEntity
  8
M-TASI-BETONARME
100
AcDbPolyline
 90
4
 70
1
 10
1240.0
 20
1000.0
 10
1280.0
 20
1000.0
 10
1280.0
 20
960.0
 10
1240.0
 20
960.0
  0
LWPOLYLINE
  5
175
330
17
100
AcDbEntity
  8
M-TASI-BETONARME
100
AcDbPolyline
 90
4
 70
1
 10
1240.0
 20
520.0
 10
1280.0
 20
520.0
 10
1280.0
 20
480.0
 10
1240.0
 20
480.0
  0
LWPOLYLINE
  5
176
330
17
100
AcDbEntity
  8
M-TASI-BETONARME
100
AcDbPolyline
 90
4
 70
1
 10
1240.0
 20
40.0
 10
1280.0
 20
40.0
 10
1280.0
 20
0.0
 10
1240.0
 20
0.0
  0
LWPOLYLINE
  5
177
330
17
100
AcDbEntity
  8
M-TASI-BETONARME
100
AcDbPolyline
 90
4
 70
1
 10
1960.0
 20
1500.0
 10
2000.0
 20
1500.0
 10
2000.0
 20
1460.0
 10
1960.0
 20
1460.0
  0
LWPOLYLINE
  5
178
330
17
100
AcDbEntity
  8
M-TASI-BETONARME
100
AcDbPolyline
 90
4
 70
1
 10
1960.0
 20
1000.0
 10
2000.0
 20
1000.0
 10
2000.0
 20
960.0
 10
1960.0
 20
960.0
  0
LWPOLYLINE
  5
179
330
17
100
AcDbEntity
  8
M-TASI-BETONARME
100
AcDbPolyline
 90
4
 70
1
 10
1960.0
 20
520.0
 10
2000.0
 20
520.0
 10
2000.0
 20
480.0
 10
1960.0
 20
480.0
  0
LWPOLYLINE
  5
17A
330
17
100
AcDbEntity
  8
M-TASI-BETONARME
100
AcDbPolyline
 90
4
 70
1
 10
1960.0
 20
40.0
 10
2000.0
 20
40.0
 10
2000.0
 20
0.0
 10
1960.0
 20
0.0
  0
HATCH
  5
17C
330
17
100
AcDbEntity
  8
M-DUVA-GAZBETON-T
 62
7
100
AcDbHatch
 10
0.0
 20
0.0
 30
0.0
210
0.0
220
0.0
230
1.0
  2
ANSI31
 70
0
 71
0
 91
1
 92
3
 72
0
 73
1
 93
4
 10
0.0
 20
1500.0
 10
35.0
 20
1500.0
 10
35.0
 20
1380.0
 10
0.0
 20
1380.0
 97
0
 75
1
 76
1
 52
0.0
 41
6.0
 77
0
 78
1
 53
45.0
 43
0.0
 44
0.0
 45
-13.4703841818
 46
13.4703841818
 79
0
 98
0
  0
HATCH
  5
17D
330
17
100
AcDbEntity
  8
M-DUVA-GAZBETON-T
 62
7
100
AcDbHatch
 10
0.0
 20
0.0
 30
0.0
210
0.0
220
0.0
230
1.0
  2
ANSI31
 70
0
 71
0
 91
1
 92
3
 72
0
 73
1
 93
4
 10
0.0
 20
1120.0
 10
35.0
 20
1120.0
 10
35.0
 20
900.0
 10
0.0
 20
900.0
 97
0
 75
1
 76
1
 52
0.0
 41
6.0
 77
0
 78
1
 53
45.0
 43
0.0
 44
0.0
 45
-13.4703841818
 46
13.4703841818
 79
0
 98
0
  0
HATCH
  5
17E
330
17
100
AcDbEntity
  8
M-DUVA-GAZBETON-T
 62
7
100
AcDbHatch
 10
0.0
 20
0.0
 30
0.0
210
0.0
220
0.0
230
1.0
  2
ANSI31
 70
0
 71
0
 91
1
 92
3
 72
0
 73
1
 93
4
 10
0.0
 20
640.0
 10
35.0
 20
640.0
 10
35.0
 20
350.0
 10
0.0
 20
350.0
 97
0
 75
1
 76
1
 52
0.0
 41
6.0
 77
0
 78
1
 53
45.0
 43
0.0
 44
0.0
 45
-13.4703841818
 46
13.4703841818
 79
0
 98
0
  0
HATCH
  5
17F
330
17
100
AcDbEntity
  8
M-DUVA-GAZBETON-T
 62
7
100
AcDbHatch
 10
0.0
 20
0.0
 30
0.0
210
0.0
220
0.0
230
1.0
  2
ANSI31
 70
0
 71
0
 91
1
 92
3
 72
0
 73
1
 93
4
 10
0.0
 20
90.0
 10
35.0
 20
90.0
 10
35.0
 20
0.0
 10
0.0
 20
0.0
 97
0
 75
1
 76
1
 52
0.0
 41
6.0
 77
0
 78
1
 53
45.0
 43
0.0
 44
0.0
 45
-13.4703841818
 46
13.4703841818
 79
0
 98
0
  0
HATCH
  5
180
330
17
100
AcDbEntity
  8
M-DUVA-GAZBETON-T
 62
7
100
AcDbHatch
 10
0.0
 20
0.0
 30
0.0
210
0.0
220
0.0
230
1.0
  2
ANSI31
 70
0
 71
0
 91
1
 92
3
 72
0
 73
1
 93
4
 10
572.5
 20
1507.5
 10
587.5
 20
1507.5
 10
587.5
 20
1110.0
 10
572.5
 20
1110.0
 97
0
 75
1
 76
1
 52
0.0
 41
6.0
 77
0
 78
1
 53
45.0
 43
0.0
 44
0.0
 45
-13.4703841818
 46
13.4703841818
 79
0
 98
0
  0
HATCH
  5
181
330
17
100
AcDbEntity
  8
M-DUVA-GAZBETON-T
 62
7
100
AcDbHatch
 10
0.0
 20
0.0
 30
0.0
210
0.0
220
0.0
230
1.0
  2
ANSI31
 70
0
 71
0
 91
1
 92
3
 72
0
 73
1
 93
4
 10
572.5
 20
1020.0
 10
587.5
 20
1020.0
 10
587.5
 20
972.5
 10
572.5
 20
972.5
 97
0
 75
1
 76
1
 52
0.0
 41
6.0
 77
0
 78
1
 53
45.0
 43
0.0
 44
0.0
 45
-13.4703841818
 46
13.4703841818
 79
0
 98
0
  0
HATCH
  5
182
330
17
100
AcDbEntity
  8
M-DUVA-GAZBETON-T
 62
7
100
AcDbHatch
 10
0.0
 20
0.0
 30
0.0
210
0.0
220
0.0
230
1.0
  2
ANSI31
 70
0
 71
0
 91
1
 92
3
 72
0
 73
1
 93
4
 10
772.5
 20
1507.5
 10
787.5
 20
1507.5
 10
787.5
 20
1145.0
 10
772.5
 20
1145.0
 97
0
 75
1
 76
1
 52
0.0
 41
6.0
 77
0
 78
1
 53
45.0
 43
0.0
 44
0.0
 45
-13.4703841818
 46
13.4703841818
 79
0
 98
0
  0
HATCH
  5
183
330
17
100
AcDbEntity
  8
M-DUVA-GAZBETON-T
 62
7
100
AcDbHatch
 10
0.0
 20
0.0
 30
0.0
210
0.0
220
0.0
230
1.0
  2
ANSI31
 70
0
 71
0
 91
1
 92
3
 72
0
 73
1
 93
4
 10
772.5
 20
1055.0
 10
787.5
 20
1055.0
 10
787.5
 20
920.0
 10
772.5
 20
920.0
 97
0
 75
1
 76
1
 52
0.0
 41
6.0
 77
0
 78
1
 53
45.0
 43
0.0
 44
0.0
 45
-13.4703841818
 46
13.4703841818
 79
0
 98
0
  0
HATCH
  5
184
330
17
100
AcDbEntity
  8
M-DUVA-GAZBETON-T
 62
7
100
AcDbHatch
 10
0.0
 20
0.0
 30
0.0
210
0.0
220
0.0
230
1.0
  2
ANSI31
 70
0
 71
0
 91
1
 92
3
 72
0
 73
1
 93
4
 10
772.5
 20
760.0
 10
787.5
 20
760.0
 10
787.5
 20
420.0
 10
772.5
 20
420.0
 97
0
 75
1
 76
1
 52
0.0
 41
6.0
 77
0
 78
1
 53
45.0
 43
0.0
 44
0.0
 45
-13.4703841818
 46
13.4703841818
 79
0
 98
0
  0
HATCH
  5
185
330
17
100
AcDbEntity
  8
M-DUVA-GAZBETON-T
 62
7
100
AcDbHatch
 10
0.0
 20
0.0
 30
0.0
210
0.0
220
0.0
230
1.0
  2
ANSI31
 70
0
 71
0
 91
1
 92
3
 72
0
 73
1
 93
4
 10
772.5
 20
80.0
 10
787.5
 20
80.0
 10
787.5
 20
-7.5
 10
772.5
 20
-7.5
 97
0
 75
1
 76
1
 52
0.0
 41
6.0
 77
0
 78
1
 53
45.0
 43
0.0
 44
0.0
 45
-13.4703841818
 46
13.4703841818
 79
0
 98
0
  0
HATCH
  5
186
330
17
100
AcDbEntity
  8
M-DUVA-GAZBETON-T
 62
7
100
AcDbHatch
 10
0.0
 20
0.0
 30
0.0
210
0.0
220
0.0
230
1.0
  2
ANSI31
 70
0
 71
0
 91
1
 92
3
 72
0
 73
1
 93
4
 10
1252.5
 20
1187.5
 10
1267.5
 20
1187.5
 10
1267.5
 20
660.0
 10
1252.5
 20
660.0
 97
0
 75
1
 76
1
 52
0.0
 41
6.0
 77
0
 78
1
 53
45.0
 43
0.0
 44
0.0
 45
-13.4703841818
 46
13.4703841818
 79
0
 98
0
  0
HATCH
  5
187
330
17
100
AcDbEntity
  8
M-DUVA-GAZBETON-T
 62
7
100
AcDbHatch
 10
0.0
 20
0.0
 30
0.0
210
0.0
220
0.0
230
1.0
  2
ANSI31
 70
0
 71
0
 91
1
 92
3
 72
0
 73
1
 93
4
 10
1252.5
 20
600.0
 10
1267.5
 20
600.0
 10
1267.5
 20
460.0
 10
1252.5
 20
460.0
 97
0
 75
1
 76
1
 52
0.0
 41
6.0
 77
0
 78
1
 53
45.0
 43
0.0
 44
0.0
 45
-13.4703841818
 46
13.4703841818
 79
0
 98
0
  0
HATCH
  5
188
330
17
100
AcDbEntity
  8
M-DUVA-GAZBETON-T
 62
7
100
AcDbHatch
 10
0.0
 20
0.0
 30
0.0
210
0.0
220
0.0
230
1.0
  2
ANSI31
 70
0
 71
0
 91
1
 92
3
 72
0
 73
1
 93
4
 10
1252.5
 20
40.0
 10
1267.5
 20
40.0
 10
1267.5
 20
-7.5
 10
1252.5
 20
-7.5
 97
0
 75
1
 76
1
 52
0.0
 41
6.0
 77
0
 78
1
 53
45.0
 43
0.0
 44
0.0
 45
-13.4703841818
 46
13.4703841818
 79
0
 98
0
  0
HATCH
  5
189
330
17
100
AcDbEntity
  8
M-DUVA-GAZBETON-T
 62
7
100
AcDbHatch
 10
0.0
 20
0.0
 30
0.0
210
0.0
220
0.0
230
1.0
  2
ANSI31
 70
0
 71
0
 91
1
 92
3
 72
0
 73
1
 93
4
 10
1392.5
 20
1507.5
 10
1407.5
 20
1507.5
 10
1407.5
 20
1145.0
 10
1392.5
 20
1145.0
 97
0
 75
1
 76
1
 52
0.0
 41
6.0
 77
0
 78
1
 53
45.0
 43
0.0
 44
0.0
 45
-13.4703841818
 46
13.4703841818
 79
0
 98
0
  0
HATCH
  5
18A
330
17
100
AcDbEntity
  8
M-DUVA-GAZBETON-T
 62
7
100
AcDbHatch
 10
0.0
 20
0.0
 30
0.0
210
0.0
220
0.0
230
1.0
  2
ANSI31
 70
0
 71
0
 91
1
 92
3
 72
0
 73
1
 93
4
 10
1392.5
 20
1055.0
 10
1407.5
 20
1055.0
 10
1407.5
 20
855.0
 10
1392.5
 20
855.0
 97
0
 75
1
 76
1
 52
0.0
 41
6.0
 77
0
 78
1
 53
45.0
 43
0.0
 44
0.0
 45
-13.4703841818
 46
13.4703841818
 79
0
 98
0
  0
HATCH
  5
18B
330
17
100
AcDbEntity
  8
M-DUVA-GAZBETON-T
 62
7
100
AcDbHatch
 10
0.0
 20
0.0
 30
0.0
210
0.0
220
0.0
230
1.0
  2
ANSI31
 70
0
 71
0
 91
1
 92
3
 72
0
 73
1
 93
4
 10
1392.5
 20
775.0
 10
1407.5
 20
775.0
 10
1407.5
 20
675.0
 10
1392.5
 20
675.0
 97
0
 75
1
 76
1
 52
0.0
 41
6.0
 77
0
 78
1
 53
45.0
 43
0.0
 44
0.0
 45
-13.4703841818
 46
13.4703841818
 79
0
 98
0
  0
HATCH
  5
18C
330
17
100
AcDbEntity
  8
M-DUVA-GAZBETON-T
 62
7
100
AcDbHatch
 10
0.0
 20
0.0
 30
0.0
210
0.0
220
0.0
230
1.0
  2
ANSI31
 70
0
 71
0
 91
1
 92
3
 72
0
 73
1
 93
4
 10
1392.5
 20
585.0
 10
1407.5
 20
585.0
 10
1407.5
 20
512.5
 10
1392.5
 20
512.5
 97
0
 75
1
 76
1
 52
0.0
 41
6.0
 77
0
 78
1
 53
45.0
 43
0.0
 44
0.0
 45
-13.4703841818
 46
13.4703841818
 79
0
 98
0
  0
HATCH
  5
18D
330
17
100
AcDbEntity
  8
M-DUVA-GAZBETON-T
 62
7
100
AcDbHatch
 10
0.0
 20
0.0
 30
0.0
210
0.0
220
0.0
230
1.0
  2
ANSI31
 70
0
 71
0
 91
1
 92
3
 72
0
 73
1
 93
4
 10
1652.5000000000002
 20
907.5
 10
1667.5
 20
907.5
 10
1667.5
 20
512.5
 10
1652.5000000000002
 20
512.5
 97
0
 75
1
 76
1
 52
0.0
 41
6.0
 77
0
 78
1
 53
45.0
 43
0.0
 44
0.0
 45
-13.4703841818
 46
13.4703841818
 79
0
 98
0
  0
HATCH
  5
18E
330
17
100
AcDbEntity
  8
M-DUVA-GAZBETON-T
 62
7
100
AcDbHatch
 10
0.0
 20
0.0
 30
0.0
210
0.0
220
0.0
230
1.0
  2
ANSI31
 70
0
 71
0
 91
1
 92
3
 72
0
 73
1
 93
4
 10
1965.0
 20
1500.0
 10
2000.0
 20
1500.0
 10
2000.0
 20
1260.0
 10
1965.0
 20
1260.0
 97
0
 75
1
 76
1
 52
0.0
 41
6.0
 77
0
 78
1
 53
45.0
 43
0.0
 44
0.0
 45
-13.4703841818
 46
13.4703841818
 79
0
 98
0
  0
HATCH
  5
18F
330
17
100
AcDbEntity
  8
M-DUVA-GAZBETON-T
 62
7
100
AcDbHatch
 10
0.0
 20
0.0
 30
0.0
210
0.0
220
0.0
230
1.0
  2
ANSI31
 70
0
 71
0
 91
1
 92
3
 72
0
 73
1
 93
4
 10
1965.0
 20
1160.0
 10
2000.0
 20
1160.0
 10
2000.0
 20
845.0
 10
1965.0
 20
845.0
 97
0
 75
1
 76
1
 52
0.0
 41
6.0
 77
0
 78
1
 53
45.0
 43
0.0
 44
0.0
 45
-13.4703841818
 46
13.4703841818
 79
0
 98
0
  0
HATCH
  5
190
330
17
100
AcDbEntity
  8
M-DUVA-GAZBETON-T
 62
7
100
AcDbHatch
 10
0.0
 20
0.0
 30
0.0
210
0.0
220
0.0
230
1.0
  2
ANSI31
 70
0
 71
0
 91
1
 92
3
 72
0
 73
1
 93
4
 10
1965.0
 20
755.0
 10
2000.0
 20
755.0
 10
2000.0
 20
720.0
 10
1965.0
 20
720.0
 97
0
 75
1
 76
1
 52
0.0
 41
6.0
 77
0
 78
1
 53
45.0
 43
0.0
 44
0.0
 45
-13.4703841818
 46
13.4703841818
 79
0
 98
0
  0
HATCH
  5
191
330
17
100
AcDbEntity
  8
M-DUVA-GAZBETON-T
 62
7
100
AcDbHatch
 10
0.0
 20
0.0
 30
0.0
210
0.0
220
0.0
230
1.0
  2
ANSI31
 70
0
 71
0
 91
1
 92
3
 72
0
 73
1
 93
4
 10
1965.0
 20
540.0
 10
2000.0
 20
540.0
 10
2000.0
 20
420.0
 10
1965.0
 20
420.0
 97
0
 75
1
 76
1
 52
0.0
 41
6.0
 77
0
 78
1
 53
45.0
 43
0.0
 44
0.0
 45
-13.4703841818
 46
13.4703841818
 79
0
 98
0
  0
HATCH
  5
192
330
17
100
AcDbEntity
  8
M-DUVA-GAZBETON-T
 62
7
100
AcDbHatch
 10
0.0
 20
0.0
 30
0.0
210
0.0
220
0.0
230
1.0
  2
ANSI31
 70
0
 71
0
 91
1
 92
3
 72
0
 73
1
 93
4
 10
1965.0
 20
100.0
 10
2000.0
 20
100.0
 10
2000.0
 20
0.0
 10
1965.0
 20
0.0
 97
0
 75
1
 76
1
 52
0.0
 41
6.0
 77
0
 78
1
 53
45.0
 43
0.0
 44
0.0
 45
-13.4703841818
 46
13.4703841818
 79
0
 98
0
  0
HATCH
  5
193
330
17
100
AcDbEntity
  8
M-DUVA-GAZBETON-T
 62
7
100
AcDbHatch
 10
0.0
 20
0.0
 30
0.0
210
0.0
220
0.0
230
1.0
  2
ANSI31
 70
0
 71
0
 91
1
 92
3
 72
0
 73
1
 93
4
 10
0.0
 20
1500.0
 10
160.0
 20
1500.0
 10
160.0
 20
1465.0
 10
0.0
 20
1465.0
 97
0
 75
1
 76
1
 52
0.0
 41
6.0
 77
0
 78
1
 53
45.0
 43
0.0
 44
0.0
 45
-13.4703841818
 46
13.4703841818
 79
0
 98
0
  0
HATCH
  5
194
330
17
100
AcDbEntity
  8
M-DUVA-GAZBETON-T
 62
7
100
AcDbHatch
 10
0.0
 20
0.0
 30
0.0
210
0.0
220
0.0
230
1.0
  2
ANSI31
 70
0
 71
0
 91
1
 92
3
 72
0
 73
1
 93
4
 10
420.0
 20
1500.0
 10
630.0
 20
1500.0
 10
630.0
 20
1465.0
 10
420.0
 20
1465.0
 97
0
 75
1
 76
1
 52
0.0
 41
6.0
 77
0
 78
1
 53
45.0
 43
0.0
 44
0.0
 45
-13.4703841818
 46
13.4703841818
 79
0
 98
0
  0
HATCH
  5
195
330
17
100
AcDbEntity
  8
M-DUVA-GAZBETON-T
 62
7
100
AcDbHatch
 10
0.0
 20
0.0
 30
0.0
210
0.0
220
0.0
230
1.0
  2
ANSI31
 70
0
 71
0
 91
1
 92
3
 72
0
 73
1
 93
4
 10
730.0
 20
1500.0
 10
855.0
 20
1500.0
 10
855.0
 20
1465.0
 10
730.0
 20
1465.0
 97
0
 75
1
 76
1
 52
0.0
 41
6.0
 77
0
 78
1
 53
45.0
 43
0.0
 44
0.0
 45
-13.4703841818
 46
13.4703841818
 79
0
 98
0
  0
HATCH
  5
196
330
17
100
AcDbEntity
  8
M-DUVA-GAZBETON-T
 62
7
100
AcDbHatch
 10
0.0
 20
0.0
 30
0.0
210
0.0
220
0.0
230
1.0
  2
ANSI31
 70
0
 71
0
 91
1
 92
3
 72
0
 73
1
 93
4
 10
965.0
 20
1500.0
 10
1020.0
 20
1500.0
 10
1020.0
 20
1465.0
 10
965.0
 20
1465.0
 97
0
 75
1
 76
1
 52
0.0
 41
6.0
 77
0
 78
1
 53
45.0
 43
0.0
 44
0.0
 45
-13.4703841818
 46
13.4703841818
 79
0
 98
0
  0
HATCH
  5
197
330
17
100
AcDbEntity
  8
M-DUVA-GAZBETON-T
 62
7
100
AcDbHatch
 10
0.0
 20
0.0
 30
0.0
210
0.0
220
0.0
230
1.0
  2
ANSI31
 70
0
 71
0
 91
1
 92
3
 72
0
 73
1
 93
4
 10
1200.0
 20
1500.0
 10
1460.0
 20
1500.0
 10
1460.0
 20
1465.0
 10
1200.0
 20
1465.0
 97
0
 75
1
 76
1
 52
0.0
 41
6.0
 77
0
 78
1
 53
45.0
 43
0.0
 44
0.0
 45
-13.4703841818
 46
13.4703841818
 79
0
 98
0
  0
HATCH
  5
198
330
17
100
AcDbEntity
  8
M-DUVA-GAZBETON-T
 62
7
100
AcDbHatch
 10
0.0
 20
0.0
 30
0.0
210
0.0
220
0.0
230
1.0
  2
ANSI31
 70
0
 71
0
 91
1
 92
3
 72
0
 73
1
 93
4
 10
1940.0
 20
1500.0
 10
2000.0
 20
1500.0
 10
2000.0
 20
1465.0
 10
1940.0
 20
1465.0
 97
0
 75
1
 76
1
 52
0.0
 41
6.0
 77
0
 78
1
 53
45.0
 43
0.0
 44
0.0
 45
-13.4703841818
 46
13.4703841818
 79
0
 98
0
  0
HATCH
  5
199
330
17
100
AcDbEntity
  8
M-DUVA-GAZBETON-T
 62
7
100
AcDbHatch
 10
0.0
 20
0.0
 30
0.0
210
0.0
220
0.0
230
1.0
  2
ANSI31
 70
0
 71
0
 91
1
 92
3
 72
0
 73
1
 93
4
 10
572.5
 20
1187.5
 10
600.0
 20
1187.5
 10
600.0
 20
1172.5
 10
572.5
 20
1172.5
 97
0
 75
1
 76
1
 52
0.0
 41
6.0
 77
0
 78
1
 53
45.0
 43
0.0
 44
0.0
 45
-13.4703841818
 46
13.4703841818
 79
0
 98
0
  0
HATCH
  5
19A
330
17
100
AcDbEntity
  8
M-DUVA-GAZBETON-T
 62
7
100
AcDbHatch
 10
0.0
 20
0.0
 30
0.0
210
0.0
220
0.0
230
1.0
  2
ANSI31
 70
0
 71
0
 91
1
 92
3
 72
0
 73
1
 93
4
 10
680.0
 20
1187.5
 10
787.5
 20
1187.5
 10
787.5
 20
1172.5
 10
680.0
 20
1172.5
 97
0
 75
1
 76
1
 52
0.0
 41
6.0
 77
0
 78
1
 53
45.0
 43
0.0
 44
0.0
 45
-13.4703841818
 46
13.4703841818
 79
0
 98
0
  0
HATCH
  5
19B
330
17
100
AcDbEntity
  8
M-DUVA-GAZBETON-T
 62
7
100
AcDbHatch
 10
0.0
 20
0.0
 30
0.0
210
0.0
220
0.0
230
1.0
  2
ANSI31
 70
0
 71
0
 91
1
 92
3
 72
0
 73
1
 93
4
 10
-7.5
 20
987.5
 10
787.5
 20
987.5
 10
787.5
 20
972.5
 10
-7.5
 20
972.5
 97
0
 75
1
 76
1
 52
0.0
 41
6.0
 77
0
 78
1
 53
45.0
 43
0.0
 44
0.0
 45
-13.4703841818
 46
13.4703841818
 79
0
 98
0
  0
HATCH
  5
19C
330
17
100
AcDbEntity
  8
M-DUVA-GAZBETON-T
 62
7
100
AcDbHatch
 10
0.0
 20
0.0
 30
0.0
210
0.0
220
0.0
230
1.0
  2
ANSI31
 70
0
 71
0
 91
1
 92
3
 72
0
 73
1
 93
4
 10
1392.5
 20
907.5
 10
2007.5
 20
907.5
 10
2007.5
 20
892.5
 10
1392.5
 20
892.5
 97
0
 75
1
 76
1
 52
0.0
 41
6.0
 77
0
 78
1
 53
45.0
 43
0.0
 44
0.0
 45
-13.4703841818
 46
13.4703841818
 79
0
 98
0
  0
HATCH
  5
19D
330
17
100
AcDbEntity
  8
M-DUVA-GAZBETON-T
 62
7
100
AcDbHatch
 10
0.0
 20
0.0
 30
0.0
210
0.0
220
0.0
230
1.0
  2
ANSI31
 70
0
 71
0
 91
1
 92
3
 72
0
 73
1
 93
4
 10
1392.5
 20
727.5
 10
1667.5
 20
727.5
 10
1667.5
 20
712.5
 10
1392.5
 20
712.5
 97
0
 75
1
 76
1
 52
0.0
 41
6.0
 77
0
 78
1
 53
45.0
 43
0.0
 44
0.0
 45
-13.4703841818
 46
13.4703841818
 79
0
 98
0
  0
HATCH
  5
19E
330
17
100
AcDbEntity
  8
M-DUVA-GAZBETON-T
 62
7
100
AcDbHatch
 10
0.0
 20
0.0
 30
0.0
210
0.0
220
0.0
230
1.0
  2
ANSI31
 70
0
 71
0
 91
1
 92
3
 72
0
 73
1
 93
4
 10
1252.5
 20
527.5
 10
1285.0
 20
527.5
 10
1285.0
 20
512.5
 10
1252.5
 20
512.5
 97
0
 75
1
 76
1
 52
0.0
 41
6.0
 77
0
 78
1
 53
45.0
 43
0.0
 44
0.0
 45
-13.4703841818
 46
13.4703841818
 79
0
 98
0
  0
HATCH
  5
19F
330
17
100
AcDbEntity
  8
M-DUVA-GAZBETON-T
 62
7
100
AcDbHatch
 10
0.0
 20
0.0
 30
0.0
210
0.0
220
0.0
230
1.0
  2
ANSI31
 70
0
 71
0
 91
1
 92
3
 72
0
 73
1
 93
4
 10
1375.0
 20
527.5
 10
1740.0
 20
527.5
 10
1740.0
 20
512.5
 10
1375.0
 20
512.5
 97
0
 75
1
 76
1
 52
0.0
 41
6.0
 77
0
 78
1
 53
45.0
 43
0.0
 44
0.0
 45
-13.4703841818
 46
13.4703841818
 79
0
 98
0
  0
HATCH
  5
1A0
330
17
100
AcDbEntity
  8
M-DUVA-GAZBETON-T
 62
7
100
AcDbHatch
 10
0.0
 20
0.0
 30
0.0
210
0.0
220
0.0
230
1.0
  2
ANSI31
 70
0
 71
0
 91
1
 92
3
 72
0
 73
1
 93
4
 10
1830.0
 20
527.5
 10
2007.5
 20
527.5
 10
2007.5
 20
512.5
 10
1830.0
 20
512.5
 97
0
 75
1
 76
1
 52
0.0
 41
6.0
 77
0
 78
1
 53
45.0
 43
0.0
 44
0.0
 45
-13.4703841818
 46
13.4703841818
 79
0
 98
0
  0
HATCH
  5
1A1
330
17
100
AcDbEntity
  8
M-DUVA-GAZBETON-T
 62
7
100
AcDbHatch
 10
0.0
 20
0.0
 30
0.0
210
0.0
220
0.0
230
1.0
  2
ANSI31
 70
0
 71
0
 91
1
 92
3
 72
0
 73
1
 93
4
 10
0.0
 20
35.0
 10
120.0
 20
35.0
 10
120.0
 20
0.0
 10
0.0
 20
0.0
 97
0
 75
1
 76
1
 52
0.0
 41
6.0
 77
0
 78
1
 53
45.0
 43
0.0
 44
0.0
 45
-13.4703841818
 46
13.4703841818
 79
0
 98
0
  0
HATCH
  5
1A2
330
17
100
AcDbEntity
  8
M-DUVA-GAZBETON-T
 62
7
100
AcDbHatch
 10
0.0
 20
0.0
 30
0.0
210
0.0
220
0.0
230
1.0
  2
ANSI31
 70
0
 71
0
 91
1
 92
3
 72
0
 73
1
 93
4
 10
660.0
 20
35.0
 10
840.0
 20
35.0
 10
840.0
 20
0.0
 10
660.0
 20
0.0
 97
0
 75
1
 76
1
 52
0.0
 41
6.0
 77
0
 78
1
 53
45.0
 43
0.0
 44
0.0
 45
-13.4703841818
 46
13.4703841818
 79
0
 98
0
  0
HATCH
  5
1A3
330
17
100
AcDbEntity
  8
M-DUVA-GAZBETON-T
 62
7
100
AcDbHatch
 10
0.0
 20
0.0
 30
0.0
210
0.0
220
0.0
230
1.0
  2
ANSI31
 70
0
 71
0
 91
1
 92
3
 72
0
 73
1
 93
4
 10
1200.0
 20
35.0
 10
1340.0
 20
35.0
 10
1340.0
 20
0.0
 10
1200.0
 20
0.0
 97
0
 75
1
 76
1
 52
0.0
 41
6.0
 77
0
 78
1
 53
45.0
 43
0.0
 44
0.0
 45
-13.4703841818
 46
13.4703841818
 79
0
 98
0
  0
HATCH
  5
1A4
330
17
100
AcDbEntity
  8
M-DUVA-GAZBETON-T
 62
7
100
AcDbHatch
 10
0.0
 20
0.0
 30
0.0
210
0.0
220
0.0
230
1.0
  2
ANSI31
 70
0
 71
0
 91
1
 92
3
 72
0
 73
1
 93
4
 10
1880.0
 20
35.0
 10
2000.0
 20
35.0
 10
2000.0
 20
0.0
 10
1880.0
 20
0.0
 97
0
 75
1
 76
1
 52
0.0
 41
6.0
 77
0
 78
1
 53
45.0
 43
0.0
 44
0.0
 45
-13.4703841818
 46
13.4703841818
 79
0
 98
0
  0
HATCH
  5
1A6
330
17
100
AcDbEntity
  8
M-TASI-BETONARME-T
100
AcDbHatch
 10
0.0
 20
0.0
 30
0.0
210
0.0
220
0.0
230
1.0
  2
SOLID
 70
1
 71
0
 91
1
 92
3
 72
0
 73
1
 93
4
 10
992.5
 20
707.5
 10
1007.5
 20
707.5
 10
1007.5
 20
645.0
 10
992.5
 20
645.0
 97
0
 75
1
 76
1
 98
0
  0
HATCH
  5
1A7
330
17
100
AcDbEntity
  8
M-TASI-BETONARME-T
100
AcDbHatch
 10
0.0
 20
0.0
 30
0.0
210
0.0
220
0.0
230
1.0
  2
SOLID
 70
1
 71
0
 91
1
 92
3
 72
0
 73
1
 93
4
 10
992.5
 20
545.0
 10
1007.5
 20
545.0
 10
1007.5
 20
472.5000000000002
 10
992.5
 20
472.5000000000002
 97
0
 75
1
 76
1
 98
0
  0
HATCH
  5
1A8
330
17
100
AcDbEntity
  8
M-TASI-BETONARME-T
100
AcDbHatch
 10
0.0
 20
0.0
 30
0.0
210
0.0
220
0.0
230
1.0
  2
SOLID
 70
1
 71
0
 91
1
 92
3
 72
0
 73
1
 93
4
 10
1192.5
 20
707.5
 10
1207.5
 20
707.5
 10
1207.5
 20
472.5
 10
1192.5
 20
472.5
 97
0
 75
1
 76
1
 98
0
  0
HATCH
  5
1A9
330
17
100
AcDbEntity
  8
M-TASI-BETONARME-T
100
AcDbHatch
 10
0.0
 20
0.0
 30
0.0
210
0.0
220
0.0
230
1.0
  2
SOLID
 70
1
 71
0
 91
1
 92
3
 72
0
 73
1
 93
4
 10
992.5
 20
707.5
 10
1267.4999999999998
 20
707.5
 10
1267.4999999999998
 20
692.5
 10
992.5
 20
692.5
 97
0
 75
1
 76
1
 98
0
  0
HATCH
  5
1AA
330
17
100
AcDbEntity
  8
M-TASI-BETONARME-T
100
AcDbHatch
 10
0.0
 20
0.0
 30
0.0
210
0.0
220
0.0
230
1.0
  2
SOLID
 70
1
 71
0
 91
1
 92
3
 72
0
 73
1
 93
4
 10
992.5
 20
487.5
 10
1267.4999999999998
 20
487.5
 10
1267.4999999999998
 20
472.5
 10
992.5
 20
472.5
 97
0
 75
1
 76
1
 98
0
  0
HATCH
  5
1AB
330
17
100
AcDbEntity
  8
M-TASI-BETONARME-T
100
AcDbHatch
 10
0.0
 20
0.0
 30
0.0
210
0.0
220
0.0
230
1.0
  2
SOLID
 70
1
 71
0
 91
1
 92
3
 72
0
 73
1
 93
4
 10
0.0
 20
1500.0
 10
40.0
 20
1500.0
 10
40.0
 20
1460.0
 10
0.0
 20
1460.0
 97
0
 75
1
 76
1
 98
0
  0
HATCH
  5
1AC
330
17
100
AcDbEntity
  8
M-TASI-BETONARME-T
100
AcDbHatch
 10
0.0
 20
0.0
 30
0.0
210
0.0
220
0.0
230
1.0
  2
SOLID
 70
1
 71
0
 91
1
 92
3
 72
0
 73
1
 93
4
 10
0.0
 20
1000.0
 10
40.0
 20
1000.0
 10
40.0
 20
960.0
 10
0.0
 20
960.0
 97
0
 75
1
 76
1
 98
0
  0
HATCH
  5
1AD
330
17
100
AcDbEntity
  8
M-TASI-BETONARME-T
100
AcDbHatch
 10
0.0
 20
0.0
 30
0.0
210
0.0
220
0.0
230
1.0
  2
SOLID
 70
1
 71
0
 91
1
 92
3
 72
0
 73
1
 93
4
 10
0.0
 20
520.0
 10
40.0
 20
520.0
 10
40.0
 20
480.0
 10
0.0
 20
480.0
 97
0
 75
1
 76
1
 98
0
  0
HATCH
  5
1AE
330
17
100
AcDbEntity
  8
M-TASI-BETONARME-T
100
AcDbHatch
 10
0.0
 20
0.0
 30
0.0
210
0.0
220
0.0
230
1.0
  2
SOLID
 70
1
 71
0
 91
1
 92
3
 72
0
 73
1
 93
4
 10
0.0
 20
40.0
 10
40.0
 20
40.0
 10
40.0
 20
0.0
 10
0.0
 20
0.0
 97
0
 75
1
 76
1
 98
0
  0
HATCH
  5
1AF
330
17
100
AcDbEntity
  8
M-TASI-BETONARME-T
100
AcDbHatch
 10
0.0
 20
0.0
 30
0.0
210
0.0
220
0.0
230
1.0
  2
SOLID
 70
1
 71
0
 91
1
 92
3
 72
0
 73
1
 93
4
 10
760.0
 20
1500.0
 10
800.0
 20
1500.0
 10
800.0
 20
1460.0
 10
760.0
 20
1460.0
 97
0
 75
1
 76
1
 98
0
  0
HATCH
  5
1B0
330
17
100
AcDbEntity
  8
M-TASI-BETONARME-T
100
AcDbHatch
 10
0.0
 20
0.0
 30
0.0
210
0.0
220
0.0
230
1.0
  2
SOLID
 70
1
 71
0
 91
1
 92
3
 72
0
 73
1
 93
4
 10
760.0
 20
1000.0
 10
800.0
 20
1000.0
 10
800.0
 20
960.0
 10
760.0
 20
960.0
 97
0
 75
1
 76
1
 98
0
  0
HATCH
  5
1B1
330
17
100
AcDbEntity
  8
M-TASI-BETONARME-T
100
AcDbHatch
 10
0.0
 20
0.0
 30
0.0
210
0.0
220
0.0
230
1.0
  2
SOLID
 70
1
 71
0
 91
1
 92
3
 72
0
 73
1
 93
4
 10
760.0
 20
520.0
 10
800.0
 20
520.0
 10
800.0
 20
480.0
 10
760.0
 20
480.0
 97
0
 75
1
 76
1
 98
0
  0
HATCH
  5
1B2
330
17
100
AcDbEntity
  8
M-TASI-BETONARME-T
100
AcDbHatch
 10
0.0
 20
0.0
 30
0.0
210
0.0
220
0.0
230
1.0
  2
SOLID
 70
1
 71
0
 91
1
 92
3
 72
0
 73
1
 93
4
 10
760.0
 20
40.0
 10
800.0
 20
40.0
 10
800.0
 20
0.0
 10
760.0
 20
0.0
 97
0
 75
1
 76
1
 98
0
  0
HATCH
  5
1B3
330
17
100
AcDbEntity
  8
M-TASI-BETONARME-T
100
AcDbHatch
 10
0.0
 20
0.0
 30
0.0
210
0.0
220
0.0
230
1.0
  2
SOLID
 70
1
 71
0
 91
1
 92
3
 72
0
 73
1
 93
4
 10
1240.0
 20
1500.0
 10
1280.0
 20
1500.0
 10
1280.0
 20
1460.0
 10
1240.0
 20
1460.0
 97
0
 75
1
 76
1
 98
0
  0
HATCH
  5
1B4
330
17
100
AcDbEntity
  8
M-TASI-BETONARME-T
100
AcDbHatch
 10
0.0
 20
0.0
 30
0.0
210
0.0
220
0.0
230
1.0
  2
SOLID
 70
1
 71
0
 91
1
 92
3
 72
0
 73
1
 93
4
 10
1240.0
 20
1000.0
 10
1280.0
 20
1000.0
 10
1280.0
 20
960.0
 10
1240.0
 20
960.0
 97
0
 75
1
 76
1
 98
0
  0
HATCH
  5
1B5
330
17
100
AcDbEntity
  8
M-TASI-BETONARME-T
100
AcDbHatch
 10
0.0
 20
0.0
 30
0.0
210
0.0
220
0.0
230
1.0
  2
SOLID
 70
1
 71
0
 91
1
 92
3
 72
0
 73
1
 93
4
 10
1240.0
 20
520.0
 10
1280.0
 20
520.0
 10
1280.0
 20
480.0
 10
1240.0
 20
480.0
 97
0
 75
1
 76
1
 98
0
  0
HATCH
  5
1B6
330
17
100
AcDbEntity
  8
M-TASI-BETONARME-T
100
AcDbHatch
 10
0.0
 20
0.0
 30
0.0
210
0.0
220
0.0
230
1.0
  2
SOLID
 70
1
 71
0
 91
1
 92
3
 72
0
 73
1
 93
4
 10
1240.0
 20
40.0
 10
1280.0
 20
40.0
 10
1280.0
 20
0.0
 10
1240.0
 20
0.0
 97
0
 75
1
 76
1
 98
0
  0
HATCH
  5
1B7
330
17
100
AcDbEntity
  8
M-TASI-BETONARME-T
100
AcDbHatch
 10
0.0
 20
0.0
 30
0.0
210
0.0
220
0.0
230
1.0
  2
SOLID
 70
1
 71
0
 91
1
 92
3
 72
0
 73
1
 93
4
 10
1960.0
 20
1500.0
 10
2000.0
 20
1500.0
 10
2000.0
 20
1460.0
 10
1960.0
 20
1460.0
 97
0
 75
1
 76
1
 98
0
  0
HATCH
  5
1B8
330
17
100
AcDbEntity
  8
M-TASI-BETONARME-T
100
AcDbHatch
 10
0.0
 20
0.0
 30
0.0
210
0.0
220
0.0
230
1.0
  2
SOLID
 70
1
 71
0
 91
1
 92
3
 72
0
 73
1
 93
4
 10
1960.0
 20
1000.0
 10
2000.0
 20
1000.0
 10
2000.0
 20
960.0
 10
1960.0
 20
960.0
 97
0
 75
1
 76
1
 98
0
  0
HATCH
  5
1B9
330
17
100
AcDbEntity
  8
M-TASI-BETONARME-T
100
AcDbHatch
 10
0.0
 20
0.0
 30
0.0
210
0.0
220
0.0
230
1.0
  2
SOLID
 70
1
 71
0
 91
1
 92
3
 72
0
 73
1
 93
4
 10
1960.0
 20
520.0
 10
2000.0
 20
520.0
 10
2000.0
 20
480.0
 10
1960.0
 20
480.0
 97
0
 75
1
 76
1
 98
0
  0
HATCH
  5
1BA
330
17
100
AcDbEntity
  8
M-TASI-BETONARME-T
100
AcDbHatch
 10
0.0
 20
0.0
 30
0.0
210
0.0
220
0.0
230
1.0
  2
SOLID
 70
1
 71
0
 91
1
 92
3
 72
0
 73
1
 93
4
 10
1960.0
 20
40.0
 10
2000.0
 20
40.0
 10
2000.0
 20
0.0
 10
1960.0
 20
0.0
 97
0
 75
1
 76
1
 98
0
  0
LINE
  5
1BD
330
17
100
AcDbEntity
  8
M-ISYA-TASYUNU
100
AcDbLine
 10
7.999999999999972
 20
1500.0
 30
0.0
 11
7.999999999999972
 21
1380.0
 31
0.0
  0
LINE
  5
1BE
330
17
100
AcDbEntity
  8
M-ISYA-TASYUNU
100
AcDbLine
 10
7.999999999999972
 20
1120.0
 30
0.0
 11
7.999999999999972
 21
900.0
 31
0.0
  0
LINE
  5
1BF
330
17
100
AcDbEntity
  8
M-ISYA-TASYUNU
100
AcDbLine
 10
7.999999999999972
 20
640.0
 30
0.0
 11
7.999999999999972
 21
350.0
 31
0.0
  0
LINE
  5
1C0
330
17
100
AcDbEntity
  8
M-ISYA-TASYUNU
100
AcDbLine
 10
7.999999999999972
 20
90.0
 30
0.0
 11
7.999999999999972
 21
0.0
 31
0.0
  0
LINE
  5
1C1
330
17
100
AcDbEntity
  8
M-ISYA-TASYUNU
100
AcDbLine
 10
1992.0000000000005
 20
1500.0
 30
0.0
 11
1992.0000000000005
 21
1260.0
 31
0.0
  0
LINE
  5
1C2
330
17
100
AcDbEntity
  8
M-ISYA-TASYUNU
100
AcDbLine
 10
1992.0000000000005
 20
1160.0
 30
0.0
 11
1992.0000000000005
 21
845.0
 31
0.0
  0
LINE
  5
1C3
330
17
100
AcDbEntity
  8
M-ISYA-TASYUNU
100
AcDbLine
 10
1992.0000000000005
 20
755.0
 30
0.0
 11
1992.0000000000005
 21
720.0
 31
0.0
  0
LINE
  5
1C4
330
17
100
AcDbEntity
  8
M-ISYA-TASYUNU
100
AcDbLine
 10
1992.0000000000005
 20
540.0
 30
0.0
 11
1992.0000000000005
 21
420.0
 31
0.0
  0
LINE
  5
1C5
330
17
100
AcDbEntity
  8
M-ISYA-TASYUNU
100
AcDbLine
 10
1992.0000000000005
 20
100.0
 30
0.0
 11
1992.0000000000005
 21
0.0
 31
0.0
  0
LINE
  5
1C6
330
17
100
AcDbEntity
  8
M-ISYA-TASYUNU
100
AcDbLine
 10
0.0
 20
1492.0
 30
0.0
 11
160.0
 21
1492.0
 31
0.0
  0
LINE
  5
1C7
330
17
100
AcDbEntity
  8
M-ISYA-TASYUNU
100
AcDbLine
 10
420.0
 20
1492.0
 30
0.0
 11
630.0
 21
1492.0
 31
0.0
  0
LINE
  5
1C8
330
17
100
AcDbEntity
  8
M-ISYA-TASYUNU
100
AcDbLine
 10
730.0
 20
1492.0
 30
0.0
 11
855.0
 21
1492.0
 31
0.0
  0
LINE
  5
1C9
330
17
100
AcDbEntity
  8
M-ISYA-TASYUNU
100
AcDbLine
 10
965.0
 20
1492.0
 30
0.0
 11
1020.0
 21
1492.0
 31
0.0
  0
LINE
  5
1CA
330
17
100
AcDbEntity
  8
M-ISYA-TASYUNU
100
AcDbLine
 10
1200.0
 20
1492.0
 30
0.0
 11
1460.0
 21
1492.0
 31
0.0
  0
LINE
  5
1CB
330
17
100
AcDbEntity
  8
M-ISYA-TASYUNU
100
AcDbLine
 10
1940.0
 20
1492.0
 30
0.0
 11
2000.0
 21
1492.0
 31
0.0
  0
LINE
  5
1CC
330
17
100
AcDbEntity
  8
M-ISYA-TASYUNU
100
AcDbLine
 10
0.0
 20
8.0
 30
0.0
 11
120.0
 21
8.0
 31
0.0
  0
LINE
  5
1CD
330
17
100
AcDbEntity
  8
M-ISYA-TASYUNU
100
AcDbLine
 10
660.0
 20
8.0
 30
0.0
 11
840.0
 21
8.0
 31
0.0
  0
LINE
  5
1CE
330
17
100
AcDbEntity
  8
M-ISYA-TASYUNU
100
AcDbLine
 10
1200.0
 20
8.0
 30
0.0
 11
1340.0
 21
8.0
 31
0.0
  0
LINE
  5
1CF
330
17
100
AcDbEntity
  8
M-ISYA-TASYUNU
100
AcDbLine
 10
1880.0
 20
8.0
 30
0.0
 11
2000.0
 21
8.0
 31
0.0
  0
LWPOLYLINE
  5
1D1
330
17
100
AcDbEntity
  8
M-KORK-CAM
100
AcDbPolyline
 90
4
 70
1
 10
996.5
 20
1084.5
 10
1003.5
 20
1084.5
 10
1003.5
 20
707.5
 10
996.5
 20
707.5
  0
LWPOLYLINE
  5
1D2
330
17
100
AcDbEntity
  8
M-KORK-CAM
100
AcDbPolyline
 90
4
 70
1
 10
1126.5
 20
1056.5
 10
1133.5
 20
1056.5
 10
1133.5
 20
832.5
 10
1126.5
 20
832.5
  0
LINE
  5
1D4
330
17
100
AcDbEntity
  8
M-KPKN-AHSAP
100
AcDbLine
 10
855.0
 20
1465.0
 30
0.0
 11
855.0
 21
1355.0
 31
0.0
  0
LWPOLYLINE
  5
1D6
330
17
100
AcDbEntity
  8
M-GOST-ACYONU
100
AcDbPolyline
 90
25
 70
0
 10
855.0
 20
1355.0
 10
862.1943442153156
 20
1355.2355184437536
 10
869.3578811442057
 20
1355.941065248881
 10
876.4599354217742
 20
1357.1136191556448
 10
883.4700949612773
 20
1358.7481591082023
 10
890.3583411833478
 20
1360.8376857555384
 10
897.09517756016
 20
1363.3732514237586
 10
903.65175592409
 20
1366.3439984314043
 10
910.0
 20
1369.7372055837118
 10
916.1127256321563
 20
1373.5383426467201
 10
921.9637571909593
 20
1377.7311325679643
 10
927.5280396610077
 20
1382.2976211773125
 10
932.7817459305203
 20
1387.2182540694798
 10
937.7023788226876
 20
1392.4719603389924
 10
942.2688674320358
 20
1398.0362428090407
 10
946.46165735328
 20
1403.8872743678437
 10
950.2627944162882
 20
1410.0
 10
953.6560015685956
 20
1416.3482440759099
 10
956.6267485762415
 20
1422.9048224398402
 10
959.1623142444615
 20
1429.6416588166521
 10
961.2518408917975
 20
1436.5299050387227
 10
962.8863808443555
 20
1443.5400645782258
 10
964.0589347511193
 20
1450.6421188557943
 10
964.7644815562464
 20
1457.8056557846842
 10
965.0
 20
1465.0
  0
LINE
  5
1D8
330
17
100
AcDbEntity
  8
M-KPKS-AHSAP
100
AcDbLine
 10
855.0
 20
1500.0
 30
0.0
 11
855.0
 21
1465.0
 31
0.0
  0
LINE
  5
1D9
330
17
100
AcDbEntity
  8
M-KPKS-AHSAP
100
AcDbLine
 10
965.0
 20
1500.0
 30
0.0
 11
965.0
 21
1465.0
 31
0.0
  0
LINE
  5
1DA
330
17
100
AcDbEntity
  8
M-KPKN-AHSAP
100
AcDbLine
 10
772.5
 20
1145.0
 30
0.0
 11
682.5
 21
1145.0
 31
0.0
  0
LWPOLYLINE
  5
1DB
330
17
100
AcDbEntity
  8
M-GOST-ACYONU
100
AcDbPolyline
 90
25
 70
0
 10
682.5
 20
1145.0
 10
682.6926969085258
 20
1139.1137183692872
 10
683.2699624763573
 20
1133.2526427001953
 10
684.2293247637093
 20
1127.4418710185485
 10
685.5666756339838
 20
1121.7062859407731
 10
687.2762883454404
 20
1116.0704481227153
 10
689.3508420739843
 20
1110.5584910871419
 10
691.781453262058
 20
1105.1940178802897
 10
694.5577136594005
 20
1100.0
 10
697.6677348927708
 20
1094.9986790282358
 10
701.0981993737889
 20
1090.2114713892151
 10
704.8344173268922
 20
1085.6588766409936
 10
708.8603896932108
 20
1081.360389693211
 10
713.1588766409939
 20
1077.334417326892
 10
717.7114713892151
 20
1073.598199373789
 10
722.4986790282358
 20
1070.167734892771
 10
727.5
 20
1067.0577136594006
 10
732.69401788029
 20
1064.2814532620582
 10
738.058491087142
 20
1061.850842073984
 10
743.5704481227153
 20
1059.7762883454404
 10
749.206285940773
 20
1058.0666756339838
 10
754.9418710185483
 20
1056.7293247637094
 10
760.7526427001955
 20
1055.769962476357
 10
766.6137183692871
 20
1055.1926969085257
 10
772.5
 20
1055.0
  0
LINE
  5
1DC
330
17
100
AcDbEntity
  8
M-KPKS-AHSAP
100
AcDbLine
 10
772.5
 20
1145.0
 30
0.0
 11
787.5
 21
1145.0
 31
0.0
  0
LINE
  5
1DD
330
17
100
AcDbEntity
  8
M-KPKS-AHSAP
100
AcDbLine
 10
772.5
 20
1055.0
 30
0.0
 11
787.5
 21
1055.0
 31
0.0
  0
LINE
  5
1DE
330
17
100
AcDbEntity
  8
M-KPKN-AHSAP
100
AcDbLine
 10
572.5
 20
1020.0
 30
0.0
 11
482.5
 21
1020.0
 31
0.0
  0
LWPOLYLINE
  5
1DF
330
17
100
AcDbEntity
  8
M-GOST-ACYONU
100
AcDbPolyline
 90
25
 70
0
 10
482.5
 20
1020.0
 10
482.6926969085257
 20
1025.8862816307128
 10
483.269962476357
 20
1031.7473572998047
 10
484.2293247637093
 20
1037.5581289814515
 10
485.5666756339838
 20
1043.2937140592269
 10
487.2762883454405
 20
1048.9295518772847
 10
489.35084207398415
 20
1054.441508912858
 10
491.7814532620581
 20
1059.8059821197103
 10
494.5577136594005
 20
1065.0
 10
497.66773489277085
 20
1070.0013209717642
 10
501.0981993737889
 20
1074.7885286107849
 10
504.834417326892
 20
1079.3411233590064
 10
508.8603896932108
 20
1083.639610306789
 10
513.1588766409938
 20
1087.665582673108
 10
517.711471389215
 20
1091.401800626211
 10
522.4986790282358
 20
1094.832265107229
 10
527.5
 20
1097.9422863405994
 10
532.6940178802898
 20
1100.7185467379418
 10
538.0584910871419
 20
1103.149157926016
 10
543.5704481227153
 20
1105.2237116545596
 10
549.2062859407731
 20
1106.9333243660162
 10
554.9418710185485
 20
1108.2706752362906
 10
560.7526427001953
 20
1109.230037523643
 10
566.6137183692871
 20
1109.8073030914743
 10
572.5
 20
1110.0
  0
LINE
  5
1E0
330
17
100
AcDbEntity
  8
M-KPKS-AHSAP
100
AcDbLine
 10
572.5
 20
1110.0
 30
0.0
 11
587.5
 21
1110.0
 31
0.0
  0
LINE
  5
1E1
330
17
100
AcDbEntity
  8
M-KPKS-AHSAP
100
AcDbLine
 10
572.5
 20
1020.0
 30
0.0
 11
587.5
 21
1020.0
 31
0.0
  0
LINE
  5
1E2
330
17
100
AcDbEntity
  8
M-KPKN-AHSAP
100
AcDbLine
 10
600.0
 20
1187.5
 30
0.0
 11
600.0
 21
1267.5
 31
0.0
  0
LWPOLYLINE
  5
1E3
330
17
100
AcDbEntity
  8
M-GOST-ACYONU
100
AcDbPolyline
 90
25
 70
0
 10
600.0
 20
1267.5
 10
605.2322503384114
 20
1267.328713859088
 10
610.4420953776041
 20
1266.8155889099048
 10
615.6072257612902
 20
1265.9628224322585
 10
620.7055236082016
 20
1264.7740661031255
 10
625.7151572242528
 20
1263.2544103596085
 10
630.6146745892072
 20
1261.4103626009028
 10
635.3830952175201
 20
1259.249819322615
 10
640.0
 20
1256.7820323027552
 10
644.4456186415682
 20
1254.0175689842035
 10
648.7009143206977
 20
1250.9682672232989
 10
652.7476652080055
 20
1247.647184598318
 10
656.5685424949238
 20
1244.0685424949238
 10
660.1471845983181
 20
1240.2476652080054
 10
663.4682672232989
 20
1236.2009143206978
 10
666.5175689842035
 20
1231.9456186415682
 10
669.2820323027549
 20
1227.5
 10
671.7498193226152
 20
1222.8830952175201
 10
673.9103626009029
 20
1218.1146745892072
 10
675.7544103596083
 20
1213.2151572242528
 10
677.2740661031255
 20
1208.2055236082015
 10
678.4628224322586
 20
1203.1072257612902
 10
679.3155889099048
 20
1197.9420953776041
 10
679.8287138590882
 20
1192.7322503384114
 10
680.0
 20
1187.5
  0
LINE
  5
1E4
330
17
100
AcDbEntity
  8
M-KPKS-AHSAP
100
AcDbLine
 10
600.0
 20
1187.5
 30
0.0
 11
600.0
 21
1172.5
 31
0.0
  0
LINE
  5
1E5
330
17
100
AcDbEntity
  8
M-KPKS-AHSAP
100
AcDbLine
 10
680.0
 20
1187.5
 30
0.0
 11
680.0
 21
1172.5
 31
0.0
  0
LINE
  5
1E6
330
17
100
AcDbEntity
  8
M-KPKN-AHSAP
100
AcDbLine
 10
772.5
 20
920.0
 30
0.0
 11
692.5
 21
920.0
 31
0.0
  0
LWPOLYLINE
  5
1E7
330
17
100
AcDbEntity
  8
M-GOST-ACYONU
100
AcDbPolyline
 90
25
 70
0
 10
692.5
 20
920.0
 10
692.6712861409118
 20
914.7677496615884
 10
693.1844110900952
 20
909.5579046223958
 10
694.0371775677414
 20
904.3927742387098
 10
695.2259338968745
 20
899.2944763917984
 10
696.7455896403917
 20
894.2848427757472
 10
698.5896373990971
 20
889.3853254107927
 10
700.7501806773848
 20
884.6169047824799
 10
703.2179676972451
 20
880.0
 10
705.9824310157965
 20
875.5543813584319
 10
709.0317327767011
 20
871.2990856793024
 10
712.3528154016819
 20
867.2523347919946
 10
715.9314575050763
 20
863.4314575050763
 10
719.7523347919946
 20
859.8528154016819
 10
723.7990856793024
 20
856.5317327767011
 10
728.0543813584319
 20
853.4824310157965
 10
732.5
 20
850.7179676972451
 10
737.1169047824799
 20
848.2501806773848
 10
741.8853254107927
 20
846.0896373990971
 10
746.7848427757472
 20
844.2455896403917
 10
751.7944763917984
 20
842.7259338968745
 10
756.8927742387098
 20
841.5371775677414
 10
762.0579046223958
 20
840.6844110900952
 10
767.2677496615884
 20
840.1712861409118
 10
772.5
 20
840.0
  0
LINE
  5
1E8
330
17
100
AcDbEntity
  8
M-KPKN-AHSAP
100
AcDbLine
 10
772.5
 20
760.0
 30
0.0
 11
692.5
 21
760.0
 31
0.0
  0
LWPOLYLINE
  5
1E9
330
17
100
AcDbEntity
  8
M-GOST-ACYONU
100
AcDbPolyline
 90
25
 70
0
 10
692.5
 20
760.0
 10
692.6712861409118
 20
765.2322503384113
 10
693.1844110900952
 20
770.4420953776042
 10
694.0371775677414
 20
775.6072257612902
 10
695.2259338968745
 20
780.7055236082016
 10
696.7455896403917
 20
785.7151572242528
 10
698.5896373990971
 20
790.6146745892073
 10
700.7501806773848
 20
795.3830952175201
 10
703.2179676972451
 20
800.0
 10
705.9824310157965
 20
804.4456186415681
 10
709.0317327767011
 20
808.7009143206976
 10
712.3528154016819
 20
812.7476652080054
 10
715.9314575050763
 20
816.5685424949237
 10
719.7523347919946
 20
820.1471845983181
 10
723.7990856793024
 20
823.4682672232987
 10
728.0543813584319
 20
826.5175689842035
 10
732.5
 20
829.2820323027549
 10
737.1169047824799
 20
831.7498193226152
 10
741.8853254107927
 20
833.9103626009029
 10
746.7848427757472
 20
835.7544103596083
 10
751.7944763917984
 20
837.2740661031255
 10
756.8927742387098
 20
838.4628224322582
 10
762.0579046223958
 20
839.3155889099048
 10
767.2677496615884
 20
839.8287138590882
 10
772.5
 20
840.0
  0
LINE
  5
1EA
330
17
100
AcDbEntity
  8
M-KPKS-AHSAP
100
AcDbLine
 10
772.5
 20
920.0
 30
0.0
 11
787.5
 21
920.0
 31
0.0
  0
LINE
  5
1EB
330
17
100
AcDbEntity
  8
M-KPKS-AHSAP
100
AcDbLine
 10
772.5
 20
760.0
 30
0.0
 11
787.5
 21
760.0
 31
0.0
  0
LINE
  5
1EC
330
17
100
AcDbEntity
  8
M-GOST-IZDUSUM
100
AcDbLine
 10
772.5
 20
420.0
 30
0.0
 11
772.5
 21
80.0
 31
0.0
  0
LINE
  5
1ED
330
17
100
AcDbEntity
  8
M-GOST-IZDUSUM
100
AcDbLine
 10
787.5
 20
420.0
 30
0.0
 11
787.5
 21
80.0
 31
0.0
  0
LINE
  5
1EE
330
17
100
AcDbEntity
  8
M-GOST-IZDUSUM
100
AcDbLine
 10
1252.5
 20
460.0
 30
0.0
 11
1252.5
 21
40.0
 31
0.0
  0
LINE
  5
1EF
330
17
100
AcDbEntity
  8
M-GOST-IZDUSUM
100
AcDbLine
 10
1267.5
 20
460.0
 30
0.0
 11
1267.5
 21
40.0
 31
0.0
  0
LINE
  5
1F0
330
17
100
AcDbEntity
  8
M-KPKN-AHSAP
100
AcDbLine
 10
1005.5000000000001
 20
640.0
 30
0.0
 11
1005.5000000000001
 21
550.0
 31
0.0
  0
LINE
  5
1F1
330
17
100
AcDbEntity
  8
M-KPKN-AHSAP
100
AcDbLine
 10
1001.4999999999998
 20
640.0
 30
0.0
 11
1001.4999999999998
 21
590.0
 31
0.0
  0
LINE
  5
1F2
330
17
100
AcDbEntity
  8
M-KPKN-AHSAP
100
AcDbLine
 10
1267.5
 20
660.0
 30
0.0
 11
1327.5
 21
660.0
 31
0.0
  0
LWPOLYLINE
  5
1F3
330
17
100
AcDbEntity
  8
M-GOST-ACYONU
100
AcDbPolyline
 90
25
 70
0
 10
1327.5
 20
660.0
 10
1327.3715353943162
 20
656.0758122461914
 10
1326.9866916824287
 20
652.168428466797
 10
1326.3471168241938
 20
648.2945806790324
 10
1325.4555495773438
 20
644.4708572938487
 10
1324.3158077697062
 20
640.7136320818103
 10
1322.9327719506773
 20
637.0389940580947
 10
1321.3123644919615
 20
633.46267858686
 10
1319.4615242270663
 20
630.0
 10
1317.3881767381527
 20
626.6657860188238
 10
1315.101200417474
 20
623.4743142594768
 10
1312.6103884487386
 20
620.439251093996
 10
1309.926406871193
 20
617.573593128807
 10
1307.060748906004
 20
614.8896115512614
 10
1304.0256857405232
 20
612.398799582526
 10
1300.8342139811762
 20
610.1118232618472
 10
1297.5
 20
608.0384757729337
 10
1294.03732141314
 20
606.1876355080386
 10
1290.4610059419053
 20
604.5672280493227
 10
1286.7863679181896
 20
603.1841922302937
 10
1283.0291427061513
 20
602.044450422656
 10
1279.2054193209676
 20
601.1528831758062
 10
1275.331571533203
 20
600.5133083175713
 10
1271.4241877538086
 20
600.1284646056837
 10
1267.5
 20
600.0
  0
LINE
  5
1F4
330
17
100
AcDbEntity
  8
M-KPKS-AHSAP
100
AcDbLine
 10
1252.5
 20
660.0
 30
0.0
 11
1267.5
 21
660.0
 31
0.0
  0
LINE
  5
1F5
330
17
100
AcDbEntity
  8
M-KPKS-AHSAP
100
AcDbLine
 10
1252.5
 20
600.0
 30
0.0
 11
1267.5
 21
600.0
 31
0.0
  0
LINE
  5
1F6
330
17
100
AcDbEntity
  8
M-KPKN-AHSAP
100
AcDbLine
 10
1407.5
 20
1055.0
 30
0.0
 11
1497.5
 21
1055.0
 31
0.0
  0
LWPOLYLINE
  5
1F7
330
17
100
AcDbEntity
  8
M-GOST-ACYONU
100
AcDbPolyline
 90
25
 70
0
 10
1497.5
 20
1055.0
 10
1497.3073030914743
 20
1060.8862816307128
 10
1496.7300375236427
 20
1066.7473572998047
 10
1495.7706752362906
 20
1072.5581289814515
 10
1494.4333243660162
 20
1078.2937140592269
 10
1492.7237116545596
 20
1083.9295518772847
 10
1490.6491579260157
 20
1089.441508912858
 10
1488.218546737942
 20
1094.8059821197103
 10
1485.4422863405994
 20
1100.0
 10
1482.3322651072292
 20
1105.0013209717642
 10
1478.901800626211
 20
1109.7885286107849
 10
1475.1655826731078
 20
1114.3411233590064
 10
1471.139610306789
 20
1118.639610306789
 10
1466.8411233590061
 20
1122.665582673108
 10
1462.2885286107849
 20
1126.401800626211
 10
1457.5013209717642
 20
1129.832265107229
 10
1452.5
 20
1132.9422863405994
 10
1447.30598211971
 20
1135.7185467379418
 10
1441.941508912858
 20
1138.149157926016
 10
1436.4295518772847
 20
1140.2237116545596
 10
1430.793714059227
 20
1141.9333243660162
 10
1425.0581289814518
 20
1143.2706752362906
 10
1419.2473572998047
 20
1144.230037523643
 10
1413.3862816307128
 20
1144.8073030914743
 10
1407.5
 20
1145.0
  0
LINE
  5
1F8
330
17
100
AcDbEntity
  8
M-KPKS-AHSAP
100
AcDbLine
 10
1392.5
 20
1145.0
 30
0.0
 11
1407.5
 21
1145.0
 31
0.0
  0
LINE
  5
1F9
330
17
100
AcDbEntity
  8
M-KPKS-AHSAP
100
AcDbLine
 10
1392.5
 20
1055.0
 30
0.0
 11
1407.5
 21
1055.0
 31
0.0
  0
TEXT
  5
1FB
330
17
100
AcDbEntity
  8
M-GOST-KAPIPOZ
100
AcDbText
 10
1437.5
 20
1079.0
 30
0.0
 40
9.36
  1
EI30
  7
YAZI-KALIN
 72
1
 11
1437.5
 21
1079.0
 31
0.0
100
AcDbText
  0
LINE
  5
1FC
330
17
100
AcDbEntity
  8
M-KPKN-AHSAP
100
AcDbLine
 10
1460.0
 20
1470.0
 30
0.0
 11
1940.0
 21
1470.0
 31
0.0
  0
LWPOLYLINE
  5
1FD
330
17
100
AcDbEntity
  8
M-GOST-IZDUSUM
100
AcDbPolyline
 90
4
 70
1
 10
1465.0
 20
1460.0
 10
1935.0
 20
1460.0
 10
1935.0
 20
1200.0
 10
1465.0
 20
1200.0
  0
TEXT
  5
1FE
330
17
100
AcDbEntity
  8
M-GOST-KAPIPOZ
100
AcDbText
 10
1700.0
 20
1435.0
 30
0.0
 40
9.719999999999999
  1
seksiyonel kapı 480×240
  7
YAZI
 72
1
 11
1700.0
 21
1435.0
 31
0.0
100
AcDbText
  0
LINE
  5
1FF
330
17
100
AcDbEntity
  8
M-KPKN-AHSAP
100
AcDbLine
 10
1407.5
 20
855.0
 30
0.0
 11
1487.5
 21
855.0
 31
0.0
  0
LWPOLYLINE
  5
200
330
17
100
AcDbEntity
  8
M-GOST-ACYONU
100
AcDbPolyline
 90
25
 70
0
 10
1487.5
 20
855.0
 10
1487.328713859088
 20
849.7677496615884
 10
1486.8155889099048
 20
844.5579046223958
 10
1485.9628224322587
 20
839.3927742387098
 10
1484.7740661031255
 20
834.2944763917984
 10
1483.2544103596083
 20
829.2848427757472
 10
1481.4103626009028
 20
824.3853254107927
 10
1479.2498193226152
 20
819.6169047824799
 10
1476.782032302755
 20
815.0
 10
1474.0175689842035
 20
810.5543813584319
 10
1470.9682672232989
 20
806.2990856793024
 10
1467.647184598318
 20
802.2523347919946
 10
1464.0685424949238
 20
798.4314575050763
 10
1460.2476652080054
 20
794.8528154016819
 10
1456.2009143206976
 20
791.5317327767011
 10
1451.9456186415682
 20
788.4824310157965
 10
1447.5
 20
785.7179676972451
 10
1442.8830952175201
 20
783.2501806773848
 10
1438.1146745892074
 20
781.0896373990971
 10
1433.2151572242528
 20
779.2455896403917
 10
1428.2055236082015
 20
777.7259338968745
 10
1423.1072257612902
 20
776.5371775677414
 10
1417.9420953776043
 20
775.6844110900952
 10
1412.7322503384116
 20
775.1712861409118
 10
1407.5
 20
775.0
  0
LINE
  5
201
330
17
100
AcDbEntity
  8
M-KPKS-AHSAP
100
AcDbLine
 10
1392.5
 20
855.0
 30
0.0
 11
1407.5
 21
855.0
 31
0.0
  0
LINE
  5
202
330
17
100
AcDbEntity
  8
M-KPKS-AHSAP
100
AcDbLine
 10
1392.5
 20
775.0
 30
0.0
 11
1407.5
 21
775.0
 31
0.0
  0
LINE
  5
203
330
17
100
AcDbEntity
  8
M-KPKN-AHSAP
100
AcDbLine
 10
1407.5
 20
585.0
 30
0.0
 11
1497.5
 21
585.0
 31
0.0
  0
LWPOLYLINE
  5
204
330
17
100
AcDbEntity
  8
M-GOST-ACYONU
100
AcDbPolyline
 90
25
 70
0
 10
1497.5
 20
585.0
 10
1497.3073030914743
 20
590.8862816307129
 10
1496.7300375236427
 20
596.7473572998045
 10
1495.7706752362906
 20
602.5581289814517
 10
1494.4333243660162
 20
608.293714059227
 10
1492.7237116545596
 20
613.9295518772847
 10
1490.6491579260157
 20
619.441508912858
 10
1488.218546737942
 20
624.80598211971
 10
1485.4422863405994
 20
630.0
 10
1482.3322651072292
 20
635.0013209717642
 10
1478.901800626211
 20
639.7885286107849
 10
1475.1655826731078
 20
644.3411233590061
 10
1471.139610306789
 20
648.6396103067892
 10
1466.8411233590061
 20
652.6655826731078
 10
1462.2885286107849
 20
656.4018006262111
 10
1457.5013209717642
 20
659.8322651072292
 10
1452.5
 20
662.9422863405995
 10
1447.30598211971
 20
665.718546737942
 10
1441.941508912858
 20
668.1491579260157
 10
1436.4295518772847
 20
670.2237116545596
 10
1430.793714059227
 20
671.9333243660162
 10
1425.0581289814518
 20
673.2706752362907
 10
1419.2473572998047
 20
674.2300375236427
 10
1413.3862816307128
 20
674.8073030914742
 10
1407.5
 20
675.0
  0
LINE
  5
205
330
17
100
AcDbEntity
  8
M-KPKS-AHSAP
100
AcDbLine
 10
1392.5
 20
675.0
 30
0.0
 11
1407.5
 21
675.0
 31
0.0
  0
LINE
  5
206
330
17
100
AcDbEntity
  8
M-KPKS-AHSAP
100
AcDbLine
 10
1392.5
 20
585.0
 30
0.0
 11
1407.5
 21
585.0
 31
0.0
  0
LWPOLYLINE
  5
207
330
17
100
AcDbEntity
  8
M-KPKN-AHSAP
100
AcDbPolyline
 90
4
 70
1
 10
1285.0
 20
524.4999999999999
 10
1335.0
 20
524.4999999999999
 10
1335.0
 20
520.4999999999998
 10
1285.0
 20
520.4999999999998
  0
LWPOLYLINE
  5
208
330
17
100
AcDbEntity
  8
M-KPKN-AHSAP
100
AcDbPolyline
 90
4
 70
1
 10
1325.0
 20
519.4999999999999
 10
1375.0
 20
519.4999999999999
 10
1375.0
 20
515.4999999999998
 10
1325.0
 20
515.4999999999998
  0
LINE
  5
209
330
17
100
AcDbEntity
  8
M-KPKS-AHSAP
100
AcDbLine
 10
1285.0
 20
527.5
 30
0.0
 11
1285.0
 21
512.5
 31
0.0
  0
LINE
  5
20A
330
17
100
AcDbEntity
  8
M-KPKS-AHSAP
100
AcDbLine
 10
1375.0
 20
527.5
 30
0.0
 11
1375.0
 21
512.5
 31
0.0
  0
LINE
  5
20B
330
17
100
AcDbEntity
  8
M-KPKN-AHSAP
100
AcDbLine
 10
1830.0
 20
527.5
 30
0.0
 11
1830.0
 21
617.5
 31
0.0
  0
LWPOLYLINE
  5
20C
330
17
100
AcDbEntity
  8
M-GOST-ACYONU
100
AcDbPolyline
 90
25
 70
0
 10
1830.0
 20
617.5
 10
1824.1137183692872
 20
617.3073030914742
 10
1818.2526427001953
 20
616.7300375236427
 10
1812.4418710185482
 20
615.7706752362907
 10
1806.706285940773
 20
614.4333243660162
 10
1801.0704481227153
 20
612.7237116545596
 10
1795.558491087142
 20
610.6491579260157
 10
1790.19401788029
 20
608.218546737942
 10
1785.0
 20
605.4422863405995
 10
1779.9986790282358
 20
602.3322651072292
 10
1775.2114713892151
 20
598.9018006262111
 10
1770.6588766409939
 20
595.1655826731078
 10
1766.360389693211
 20
591.1396103067892
 10
1762.3344173268922
 20
586.8411233590061
 10
1758.598199373789
 20
582.2885286107849
 10
1755.1677348927708
 20
577.5013209717642
 10
1752.0577136594006
 20
572.5
 10
1749.281453262058
 20
567.30598211971
 10
1746.8508420739843
 20
561.941508912858
 10
1744.7762883454404
 20
556.4295518772847
 10
1743.0666756339838
 20
550.7937140592267
 10
1741.7293247637094
 20
545.0581289814517
 10
1740.7699624763573
 20
539.2473572998045
 10
1740.1926969085257
 20
533.3862816307129
 10
1740.0
 20
527.5
  0
LINE
  5
20D
330
17
100
AcDbEntity
  8
M-KPKS-AHSAP
100
AcDbLine
 10
1740.0
 20
527.5
 30
0.0
 11
1740.0
 21
512.5
 31
0.0
  0
LINE
  5
20E
330
17
100
AcDbEntity
  8
M-KPKS-AHSAP
100
AcDbLine
 10
1830.0
 20
527.5
 30
0.0
 11
1830.0
 21
512.5
 31
0.0
  0
LINE
  5
20F
330
17
100
AcDbEntity
  8
M-KPKN-AHSAP
100
AcDbLine
 10
1965.0
 20
845.0
 30
0.0
 11
1875.0
 21
845.0
 31
0.0
  0
LWPOLYLINE
  5
210
330
17
100
AcDbEntity
  8
M-GOST-ACYONU
100
AcDbPolyline
 90
25
 70
0
 10
1875.0
 20
845.0
 10
1875.1926969085257
 20
839.1137183692871
 10
1875.7699624763573
 20
833.2526427001955
 10
1876.7293247637094
 20
827.4418710185483
 10
1878.0666756339838
 20
821.706285940773
 10
1879.7762883454404
 20
816.0704481227153
 10
1881.8508420739843
 20
810.558491087142
 10
1884.281453262058
 20
805.19401788029
 10
1887.0577136594006
 20
800.0
 10
1890.1677348927708
 20
794.9986790282358
 10
1893.598199373789
 20
790.2114713892151
 10
1897.3344173268922
 20
785.6588766409939
 10
1901.360389693211
 20
781.3603896932108
 10
1905.6588766409939
 20
777.3344173268922
 10
1910.2114713892151
 20
773.5981993737889
 10
1914.9986790282358
 20
770.1677348927708
 10
1920.0
 20
767.0577136594005
 10
1925.19401788029
 20
764.281453262058
 10
1930.558491087142
 20
761.8508420739843
 10
1936.0704481227153
 20
759.7762883454404
 10
1941.706285940773
 20
758.0666756339838
 10
1947.4418710185482
 20
756.7293247637093
 10
1953.2526427001953
 20
755.7699624763573
 10
1959.1137183692872
 20
755.1926969085258
 10
1965.0
 20
755.0
  0
LINE
  5
211
330
17
100
AcDbEntity
  8
M-KPKS-AHSAP
100
AcDbLine
 10
1965.0
 20
845.0
 30
0.0
 11
2000.0
 21
845.0
 31
0.0
  0
LINE
  5
212
330
17
100
AcDbEntity
  8
M-KPKS-AHSAP
100
AcDbLine
 10
1965.0
 20
755.0
 30
0.0
 11
2000.0
 21
755.0
 31
0.0
  0
LINE
  5
214
330
17
100
AcDbEntity
  8
M-PNKS-ALUMINYUM
100
AcDbLine
 10
160.0
 20
1500.0
 30
0.0
 11
420.0
 21
1500.0
 31
0.0
  0
LINE
  5
215
330
17
100
AcDbEntity
  8
M-PNKS-ALUMINYUM
100
AcDbLine
 10
160.0
 20
1465.0
 30
0.0
 11
420.0
 21
1465.0
 31
0.0
  0
LWPOLYLINE
  5
216
330
17
100
AcDbEntity
  8
M-PNKS-ALUMINYUM
100
AcDbPolyline
 90
4
 70
1
 10
160.0
 20
1488.0
 10
420.0
 20
1488.0
 10
420.0
 20
1480.0
 10
160.0
 20
1480.0
  0
LINE
  5
217
330
17
100
AcDbEntity
  8
M-PNKS-ALUMINYUM
100
AcDbLine
 10
160.0
 20
1504.0
 30
0.0
 11
420.0
 21
1504.0
 31
0.0
  0
LINE
  5
218
330
17
100
AcDbEntity
  8
M-PNKS-ALUMINYUM
100
AcDbLine
 10
160.0
 20
1504.0
 30
0.0
 11
420.0
 21
1504.0
 31
0.0
  0
LINE
  5
219
330
17
100
AcDbEntity
  8
M-PNKS-ALUMINYUM
100
AcDbLine
 10
160.0
 20
1500.0
 30
0.0
 11
160.0
 21
1465.0
 31
0.0
  0
LINE
  5
21A
330
17
100
AcDbEntity
  8
M-PNKS-ALUMINYUM
100
AcDbLine
 10
420.0
 20
1500.0
 30
0.0
 11
420.0
 21
1465.0
 31
0.0
  0
LINE
  5
21B
330
17
100
AcDbEntity
  8
M-PNKS-ALUMINYUM
100
AcDbLine
 10
630.0
 20
1500.0
 30
0.0
 11
730.0
 21
1500.0
 31
0.0
  0
LINE
  5
21C
330
17
100
AcDbEntity
  8
M-PNKS-ALUMINYUM
100
AcDbLine
 10
630.0
 20
1465.0
 30
0.0
 11
730.0
 21
1465.0
 31
0.0
  0
LWPOLYLINE
  5
21D
330
17
100
AcDbEntity
  8
M-PNKS-ALUMINYUM
100
AcDbPolyline
 90
4
 70
1
 10
630.0
 20
1488.0
 10
730.0
 20
1488.0
 10
730.0
 20
1480.0
 10
630.0
 20
1480.0
  0
LINE
  5
21E
330
17
100
AcDbEntity
  8
M-PNKS-ALUMINYUM
100
AcDbLine
 10
630.0
 20
1504.0
 30
0.0
 11
730.0
 21
1504.0
 31
0.0
  0
LINE
  5
21F
330
17
100
AcDbEntity
  8
M-PNKS-ALUMINYUM
100
AcDbLine
 10
630.0
 20
1504.0
 30
0.0
 11
730.0
 21
1504.0
 31
0.0
  0
LINE
  5
220
330
17
100
AcDbEntity
  8
M-PNKS-ALUMINYUM
100
AcDbLine
 10
630.0
 20
1500.0
 30
0.0
 11
630.0
 21
1465.0
 31
0.0
  0
LINE
  5
221
330
17
100
AcDbEntity
  8
M-PNKS-ALUMINYUM
100
AcDbLine
 10
730.0
 20
1500.0
 30
0.0
 11
730.0
 21
1465.0
 31
0.0
  0
LINE
  5
222
330
17
100
AcDbEntity
  8
M-PNKS-ALUMINYUM
100
AcDbLine
 10
1020.0
 20
1500.0
 30
0.0
 11
1200.0
 21
1500.0
 31
0.0
  0
LINE
  5
223
330
17
100
AcDbEntity
  8
M-PNKS-ALUMINYUM
100
AcDbLine
 10
1020.0
 20
1465.0
 30
0.0
 11
1200.0
 21
1465.0
 31
0.0
  0
LWPOLYLINE
  5
224
330
17
100
AcDbEntity
  8
M-PNKS-ALUMINYUM
100
AcDbPolyline
 90
4
 70
1
 10
1020.0
 20
1488.0
 10
1200.0
 20
1488.0
 10
1200.0
 20
1480.0
 10
1020.0
 20
1480.0
  0
LINE
  5
225
330
17
100
AcDbEntity
  8
M-PNKS-ALUMINYUM
100
AcDbLine
 10
1020.0
 20
1500.0
 30
0.0
 11
1020.0
 21
1465.0
 31
0.0
  0
LINE
  5
226
330
17
100
AcDbEntity
  8
M-PNKS-ALUMINYUM
100
AcDbLine
 10
1200.0
 20
1500.0
 30
0.0
 11
1200.0
 21
1465.0
 31
0.0
  0
LINE
  5
227
330
17
100
AcDbEntity
  8
M-PNKS-ALUMINYUM
100
AcDbLine
 10
0.0
 20
1380.0
 30
0.0
 11
0.0
 21
1120.0
 31
0.0
  0
LINE
  5
228
330
17
100
AcDbEntity
  8
M-PNKS-ALUMINYUM
100
AcDbLine
 10
35.0
 20
1380.0
 30
0.0
 11
35.0
 21
1120.0
 31
0.0
  0
LWPOLYLINE
  5
229
330
17
100
AcDbEntity
  8
M-PNKS-ALUMINYUM
100
AcDbPolyline
 90
4
 70
1
 10
12.000000000000028
 20
1380.0
 10
20.0
 20
1380.0
 10
20.0
 20
1120.0
 10
12.000000000000028
 20
1120.0
  0
LINE
  5
22A
330
17
100
AcDbEntity
  8
M-PNKS-ALUMINYUM
100
AcDbLine
 10
-3.999999999999986
 20
1380.0
 30
0.0
 11
-3.999999999999986
 21
1120.0
 31
0.0
  0
LINE
  5
22B
330
17
100
AcDbEntity
  8
M-PNKS-ALUMINYUM
100
AcDbLine
 10
-3.999999999999986
 20
1380.0
 30
0.0
 11
-3.999999999999986
 21
1120.0
 31
0.0
  0
LINE
  5
22C
330
17
100
AcDbEntity
  8
M-PNKS-ALUMINYUM
100
AcDbLine
 10
0.0
 20
1380.0
 30
0.0
 11
35.0
 21
1380.0
 31
0.0
  0
LINE
  5
22D
330
17
100
AcDbEntity
  8
M-PNKS-ALUMINYUM
100
AcDbLine
 10
0.0
 20
1120.0
 30
0.0
 11
35.0
 21
1120.0
 31
0.0
  0
LINE
  5
22E
330
17
100
AcDbEntity
  8
M-PNKS-ALUMINYUM
100
AcDbLine
 10
0.0
 20
900.0
 30
0.0
 11
0.0
 21
640.0
 31
0.0
  0
LINE
  5
22F
330
17
100
AcDbEntity
  8
M-PNKS-ALUMINYUM
100
AcDbLine
 10
35.0
 20
900.0
 30
0.0
 11
35.0
 21
640.0
 31
0.0
  0
LWPOLYLINE
  5
230
330
17
100
AcDbEntity
  8
M-PNKS-ALUMINYUM
100
AcDbPolyline
 90
4
 70
1
 10
12.000000000000028
 20
900.0
 10
20.0
 20
900.0
 10
20.0
 20
640.0
 10
12.000000000000028
 20
640.0
  0
LINE
  5
231
330
17
100
AcDbEntity
  8
M-PNKS-ALUMINYUM
100
AcDbLine
 10
-3.999999999999986
 20
900.0
 30
0.0
 11
-3.999999999999986
 21
640.0
 31
0.0
  0
LINE
  5
232
330
17
100
AcDbEntity
  8
M-PNKS-ALUMINYUM
100
AcDbLine
 10
-3.999999999999986
 20
900.0
 30
0.0
 11
-3.999999999999986
 21
640.0
 31
0.0
  0
LINE
  5
233
330
17
100
AcDbEntity
  8
M-PNKS-ALUMINYUM
100
AcDbLine
 10
0.0
 20
900.0
 30
0.0
 11
35.0
 21
900.0
 31
0.0
  0
LINE
  5
234
330
17
100
AcDbEntity
  8
M-PNKS-ALUMINYUM
100
AcDbLine
 10
0.0
 20
640.0
 30
0.0
 11
35.0
 21
640.0
 31
0.0
  0
LINE
  5
235
330
17
100
AcDbEntity
  8
M-PNKS-ALUMINYUM
100
AcDbLine
 10
0.0
 20
350.0
 30
0.0
 11
0.0
 21
90.0
 31
0.0
  0
LINE
  5
236
330
17
100
AcDbEntity
  8
M-PNKS-ALUMINYUM
100
AcDbLine
 10
35.0
 20
350.0
 30
0.0
 11
35.0
 21
90.0
 31
0.0
  0
LWPOLYLINE
  5
237
330
17
100
AcDbEntity
  8
M-PNKS-ALUMINYUM
100
AcDbPolyline
 90
4
 70
1
 10
12.000000000000028
 20
350.0
 10
20.0
 20
350.0
 10
20.0
 20
90.0
 10
12.000000000000028
 20
90.0
  0
LINE
  5
238
330
17
100
AcDbEntity
  8
M-PNKS-ALUMINYUM
100
AcDbLine
 10
-3.999999999999986
 20
350.0
 30
0.0
 11
-3.999999999999986
 21
90.0
 31
0.0
  0
LINE
  5
239
330
17
100
AcDbEntity
  8
M-PNKS-ALUMINYUM
100
AcDbLine
 10
-3.999999999999986
 20
350.0
 30
0.0
 11
-3.999999999999986
 21
90.0
 31
0.0
  0
LINE
  5
23A
330
17
100
AcDbEntity
  8
M-PNKS-ALUMINYUM
100
AcDbLine
 10
0.0
 20
350.0
 30
0.0
 11
35.0
 21
350.0
 31
0.0
  0
LINE
  5
23B
330
17
100
AcDbEntity
  8
M-PNKS-ALUMINYUM
100
AcDbLine
 10
0.0
 20
90.0
 30
0.0
 11
35.0
 21
90.0
 31
0.0
  0
LWPOLYLINE
  5
23C
330
17
100
AcDbEntity
  8
M-PNKS-ALUMINYUM
100
AcDbPolyline
 90
4
 70
1
 10
120.0
 20
15.499999999999773
 10
393.9999999999999
 20
15.499999999999773
 10
393.9999999999999
 20
9.999999999999773
 10
120.0
 20
9.999999999999773
  0
LWPOLYLINE
  5
23D
330
17
100
AcDbEntity
  8
M-PNKS-ALUMINYUM
100
AcDbPolyline
 90
4
 70
1
 10
385.99999999999994
 20
23.0
 10
660.0
 20
23.0
 10
660.0
 20
17.5
 10
385.99999999999994
 20
17.5
  0
LINE
  5
23E
330
17
100
AcDbEntity
  8
M-PNKS-ALUMINYUM
100
AcDbLine
 10
120.0
 20
0.0
 30
0.0
 11
660.0
 21
0.0
 31
0.0
  0
LINE
  5
23F
330
17
100
AcDbEntity
  8
M-PNKS-ALUMINYUM
100
AcDbLine
 10
120.0
 20
35.0
 30
0.0
 11
660.0
 21
35.0
 31
0.0
  0
LINE
  5
240
330
17
100
AcDbEntity
  8
M-PNKS-ALUMINYUM
100
AcDbLine
 10
120.0
 20
35.0
 30
0.0
 11
120.0
 21
0.0
 31
0.0
  0
LINE
  5
241
330
17
100
AcDbEntity
  8
M-PNKS-ALUMINYUM
100
AcDbLine
 10
660.0
 20
35.0
 30
0.0
 11
660.0
 21
0.0
 31
0.0
  0
LWPOLYLINE
  5
242
330
17
100
AcDbEntity
  8
M-PNKS-ALUMINYUM
100
AcDbPolyline
 90
4
 70
1
 10
840.0
 20
15.499999999999773
 10
1024.0
 20
15.499999999999773
 10
1024.0
 20
9.999999999999773
 10
840.0
 20
9.999999999999773
  0
LWPOLYLINE
  5
243
330
17
100
AcDbEntity
  8
M-PNKS-ALUMINYUM
100
AcDbPolyline
 90
4
 70
1
 10
1016.0
 20
23.0
 10
1200.0
 20
23.0
 10
1200.0
 20
17.5
 10
1016.0
 20
17.5
  0
LINE
  5
244
330
17
100
AcDbEntity
  8
M-PNKS-ALUMINYUM
100
AcDbLine
 10
840.0
 20
0.0
 30
0.0
 11
1200.0
 21
0.0
 31
0.0
  0
LINE
  5
245
330
17
100
AcDbEntity
  8
M-PNKS-ALUMINYUM
100
AcDbLine
 10
840.0
 20
35.0
 30
0.0
 11
1200.0
 21
35.0
 31
0.0
  0
LINE
  5
246
330
17
100
AcDbEntity
  8
M-PNKS-ALUMINYUM
100
AcDbLine
 10
840.0
 20
35.0
 30
0.0
 11
840.0
 21
0.0
 31
0.0
  0
LINE
  5
247
330
17
100
AcDbEntity
  8
M-PNKS-ALUMINYUM
100
AcDbLine
 10
1200.0
 20
35.0
 30
0.0
 11
1200.0
 21
0.0
 31
0.0
  0
LWPOLYLINE
  5
248
330
17
100
AcDbEntity
  8
M-PNKS-ALUMINYUM
100
AcDbPolyline
 90
4
 70
1
 10
1340.0
 20
15.499999999999773
 10
1614.0
 20
15.499999999999773
 10
1614.0
 20
9.999999999999773
 10
1340.0
 20
9.999999999999773
  0
LWPOLYLINE
  5
249
330
17
100
AcDbEntity
  8
M-PNKS-ALUMINYUM
100
AcDbPolyline
 90
4
 70
1
 10
1606.0000000000002
 20
23.0
 10
1880.0
 20
23.0
 10
1880.0
 20
17.5
 10
1606.0000000000002
 20
17.5
  0
LINE
  5
24A
330
17
100
AcDbEntity
  8
M-PNKS-ALUMINYUM
100
AcDbLine
 10
1340.0
 20
0.0
 30
0.0
 11
1880.0
 21
0.0
 31
0.0
  0
LINE
  5
24B
330
17
100
AcDbEntity
  8
M-PNKS-ALUMINYUM
100
AcDbLine
 10
1340.0
 20
35.0
 30
0.0
 11
1880.0
 21
35.0
 31
0.0
  0
LINE
  5
24C
330
17
100
AcDbEntity
  8
M-PNKS-ALUMINYUM
100
AcDbLine
 10
1340.0
 20
35.0
 30
0.0
 11
1340.0
 21
0.0
 31
0.0
  0
LINE
  5
24D
330
17
100
AcDbEntity
  8
M-PNKS-ALUMINYUM
100
AcDbLine
 10
1880.0
 20
35.0
 30
0.0
 11
1880.0
 21
0.0
 31
0.0
  0
LINE
  5
24E
330
17
100
AcDbEntity
  8
M-PNKS-ALUMINYUM
100
AcDbLine
 10
2000.0
 20
420.0
 30
0.0
 11
2000.0
 21
100.0
 31
0.0
  0
LINE
  5
24F
330
17
100
AcDbEntity
  8
M-PNKS-ALUMINYUM
100
AcDbLine
 10
1965.0
 20
420.0
 30
0.0
 11
1965.0
 21
100.0
 31
0.0
  0
LWPOLYLINE
  5
250
330
17
100
AcDbEntity
  8
M-PNKS-ALUMINYUM
100
AcDbPolyline
 90
4
 70
1
 10
1980.0
 20
420.0
 10
1988.0
 20
420.0
 10
1988.0
 20
100.0
 10
1980.0
 20
100.0
  0
LINE
  5
251
330
17
100
AcDbEntity
  8
M-PNKS-ALUMINYUM
100
AcDbLine
 10
2003.9999999999998
 20
420.0
 30
0.0
 11
2003.9999999999998
 21
100.0
 31
0.0
  0
LINE
  5
252
330
17
100
AcDbEntity
  8
M-PNKS-ALUMINYUM
100
AcDbLine
 10
2003.9999999999998
 20
420.0
 30
0.0
 11
2003.9999999999998
 21
100.0
 31
0.0
  0
LINE
  5
253
330
17
100
AcDbEntity
  8
M-PNKS-ALUMINYUM
100
AcDbLine
 10
1965.0
 20
420.0
 30
0.0
 11
2000.0
 21
420.0
 31
0.0
  0
LINE
  5
254
330
17
100
AcDbEntity
  8
M-PNKS-ALUMINYUM
100
AcDbLine
 10
1965.0
 20
100.0
 30
0.0
 11
2000.0
 21
100.0
 31
0.0
  0
LINE
  5
255
330
17
100
AcDbEntity
  8
M-PNKS-ALUMINYUM
100
AcDbLine
 10
2000.0
 20
720.0
 30
0.0
 11
2000.0
 21
540.0
 31
0.0
  0
LINE
  5
256
330
17
100
AcDbEntity
  8
M-PNKS-ALUMINYUM
100
AcDbLine
 10
1965.0
 20
720.0
 30
0.0
 11
1965.0
 21
540.0
 31
0.0
  0
LWPOLYLINE
  5
257
330
17
100
AcDbEntity
  8
M-PNKS-ALUMINYUM
100
AcDbPolyline
 90
4
 70
1
 10
1980.0
 20
720.0
 10
1988.0
 20
720.0
 10
1988.0
 20
540.0
 10
1980.0
 20
540.0
  0
LINE
  5
258
330
17
100
AcDbEntity
  8
M-PNKS-ALUMINYUM
100
AcDbLine
 10
2003.9999999999998
 20
720.0
 30
0.0
 11
2003.9999999999998
 21
540.0
 31
0.0
  0
LINE
  5
259
330
17
100
AcDbEntity
  8
M-PNKS-ALUMINYUM
100
AcDbLine
 10
2003.9999999999998
 20
720.0
 30
0.0
 11
2003.9999999999998
 21
540.0
 31
0.0
  0
LINE
  5
25A
330
17
100
AcDbEntity
  8
M-PNKS-ALUMINYUM
100
AcDbLine
 10
1965.0
 20
720.0
 30
0.0
 11
2000.0
 21
720.0
 31
0.0
  0
LINE
  5
25B
330
17
100
AcDbEntity
  8
M-PNKS-ALUMINYUM
100
AcDbLine
 10
1965.0
 20
540.0
 30
0.0
 11
2000.0
 21
540.0
 31
0.0
  0
LINE
  5
25C
330
17
100
AcDbEntity
  8
M-PNKS-ALUMINYUM
100
AcDbLine
 10
2000.0
 20
1260.0
 30
0.0
 11
2000.0
 21
1160.0
 31
0.0
  0
LINE
  5
25D
330
17
100
AcDbEntity
  8
M-PNKS-ALUMINYUM
100
AcDbLine
 10
1965.0
 20
1260.0
 30
0.0
 11
1965.0
 21
1160.0
 31
0.0
  0
LWPOLYLINE
  5
25E
330
17
100
AcDbEntity
  8
M-PNKS-ALUMINYUM
100
AcDbPolyline
 90
4
 70
1
 10
1980.0
 20
1260.0
 10
1988.0
 20
1260.0
 10
1988.0
 20
1160.0
 10
1980.0
 20
1160.0
  0
LINE
  5
25F
330
17
100
AcDbEntity
  8
M-PNKS-ALUMINYUM
100
AcDbLine
 10
2003.9999999999998
 20
1260.0
 30
0.0
 11
2003.9999999999998
 21
1160.0
 31
0.0
  0
LINE
  5
260
330
17
100
AcDbEntity
  8
M-PNKS-ALUMINYUM
100
AcDbLine
 10
2003.9999999999998
 20
1260.0
 30
0.0
 11
2003.9999999999998
 21
1160.0
 31
0.0
  0
LINE
  5
261
330
17
100
AcDbEntity
  8
M-PNKS-ALUMINYUM
100
AcDbLine
 10
1965.0
 20
1260.0
 30
0.0
 11
2000.0
 21
1260.0
 31
0.0
  0
LINE
  5
262
330
17
100
AcDbEntity
  8
M-PNKS-ALUMINYUM
100
AcDbLine
 10
1965.0
 20
1160.0
 30
0.0
 11
2000.0
 21
1160.0
 31
0.0
  0
LWPOLYLINE
  5
264
330
17
100
AcDbEntity
  8
M-GOST-PENCEREPOZ
100
AcDbPolyline
 90
6
 70
1
 10
266.44500000000005
 20
1542.0
 10
272.44500000000005
 20
1552.5
 10
307.55499999999995
 20
1552.5
 10
313.55499999999995
 20
1542.0
 10
307.55499999999995
 20
1531.5
 10
272.44500000000005
 20
1531.5
  0
TEXT
  5
265
330
17
100
AcDbEntity
  8
M-GOST-PENCEREPOZ
100
AcDbText
 10
290.0
 20
1537.0
 30
0.0
 40
9.719999999999999
  1
P06
  7
YAZI-KALIN
 72
1
 11
290.0
 21
1537.0
 31
0.0
100
AcDbText
  0
LWPOLYLINE
  5
266
330
17
100
AcDbEntity
  8
M-GOST-PENCEREPOZ
100
AcDbPolyline
 90
6
 70
1
 10
656.4449999999999
 20
1542.0
 10
662.4449999999999
 20
1552.5
 10
697.5550000000001
 20
1552.5
 10
703.5550000000001
 20
1542.0
 10
697.5550000000001
 20
1531.5
 10
662.4449999999999
 20
1531.5
  0
TEXT
  5
267
330
17
100
AcDbEntity
  8
M-GOST-PENCEREPOZ
100
AcDbText
 10
680.0
 20
1537.0
 30
0.0
 40
9.719999999999999
  1
P12
  7
YAZI-KALIN
 72
1
 11
680.0
 21
1537.0
 31
0.0
100
AcDbText
  0
LWPOLYLINE
  5
268
330
17
100
AcDbEntity
  8
M-GOST-PENCEREPOZ
100
AcDbPolyline
 90
6
 70
1
 10
1086.445
 20
1542.0
 10
1092.445
 20
1552.5
 10
1127.555
 20
1552.5
 10
1133.555
 20
1542.0
 10
1127.555
 20
1531.5
 10
1092.445
 20
1531.5
  0
TEXT
  5
269
330
17
100
AcDbEntity
  8
M-GOST-PENCEREPOZ
100
AcDbText
 10
1110.0
 20
1537.0
 30
0.0
 40
9.719999999999999
  1
P09
  7
YAZI-KALIN
 72
1
 11
1110.0
 21
1537.0
 31
0.0
100
AcDbText
  0
LWPOLYLINE
  5
26A
330
17
100
AcDbEntity
  8
M-GOST-PENCEREPOZ
100
AcDbPolyline
 90
6
 70
1
 10
-65.55500000000002
 20
1250.0
 10
-59.55500000000001
 20
1260.5
 10
-24.44500000000005
 20
1260.5
 10
-18.445000000000036
 20
1250.0
 10
-24.44500000000005
 20
1239.5
 10
-59.55500000000001
 20
1239.5
  0
TEXT
  5
26B
330
17
100
AcDbEntity
  8
M-GOST-PENCEREPOZ
100
AcDbText
 10
-42.00000000000003
 20
1245.0
 30
0.0
 40
9.719999999999999
  1
P06
  7
YAZI-KALIN
 72
1
 11
-42.00000000000003
 21
1245.0
 31
0.0
100
AcDbText
  0
LWPOLYLINE
  5
26C
330
17
100
AcDbEntity
  8
M-GOST-PENCEREPOZ
100
AcDbPolyline
 90
6
 70
1
 10
-65.55500000000002
 20
770.0
 10
-59.55500000000001
 20
780.5000000000001
 10
-24.44500000000005
 20
780.5000000000001
 10
-18.445000000000036
 20
770.0
 10
-24.44500000000005
 20
759.4999999999999
 10
-59.55500000000001
 20
759.4999999999999
  0
TEXT
  5
26D
330
17
100
AcDbEntity
  8
M-GOST-PENCEREPOZ
100
AcDbText
 10
-42.00000000000003
 20
765.0
 30
0.0
 40
9.719999999999999
  1
P07
  7
YAZI-KALIN
 72
1
 11
-42.00000000000003
 21
765.0
 31
0.0
100
AcDbText
  0
LWPOLYLINE
  5
26E
330
17
100
AcDbEntity
  8
M-GOST-PENCEREPOZ
100
AcDbPolyline
 90
6
 70
1
 10
-65.55500000000002
 20
220.0
 10
-59.55500000000001
 20
230.5
 10
-24.44500000000005
 20
230.5
 10
-18.445000000000036
 20
220.0
 10
-24.44500000000005
 20
209.5
 10
-59.55500000000001
 20
209.5
  0
TEXT
  5
26F
330
17
100
AcDbEntity
  8
M-GOST-PENCEREPOZ
100
AcDbText
 10
-42.00000000000003
 20
215.0
 30
0.0
 40
9.719999999999999
  1
P07
  7
YAZI-KALIN
 72
1
 11
-42.00000000000003
 21
215.0
 31
0.0
100
AcDbText
  0
LWPOLYLINE
  5
270
330
17
100
AcDbEntity
  8
M-GOST-PENCEREPOZ
100
AcDbPolyline
 90
6
 70
1
 10
366.44500000000005
 20
-42.0
 10
372.44500000000005
 20
-31.499999999999773
 10
407.55499999999995
 20
-31.499999999999773
 10
413.55499999999995
 20
-42.0
 10
407.55499999999995
 20
-52.5
 10
372.44500000000005
 20
-52.5
  0
TEXT
  5
271
330
17
100
AcDbEntity
  8
M-GOST-PENCEREPOZ
100
AcDbText
 10
390.0
 20
-47.0
 30
0.0
 40
9.719999999999999
  1
S01
  7
YAZI-KALIN
 72
1
 11
390.0
 21
-47.0
 31
0.0
100
AcDbText
  0
LWPOLYLINE
  5
272
330
17
100
AcDbEntity
  8
M-GOST-PENCEREPOZ
100
AcDbPolyline
 90
6
 70
1
 10
996.4449999999999
 20
-42.0
 10
1002.4449999999999
 20
-31.499999999999773
 10
1037.555
 20
-31.499999999999773
 10
1043.555
 20
-42.0
 10
1037.555
 20
-52.5
 10
1002.4449999999999
 20
-52.5
  0
TEXT
  5
273
330
17
100
AcDbEntity
  8
M-GOST-PENCEREPOZ
100
AcDbText
 10
1020.0
 20
-47.0
 30
0.0
 40
9.719999999999999
  1
S04
  7
YAZI-KALIN
 72
1
 11
1020.0
 21
-47.0
 31
0.0
100
AcDbText
  0
LWPOLYLINE
  5
274
330
17
100
AcDbEntity
  8
M-GOST-PENCEREPOZ
100
AcDbPolyline
 90
6
 70
1
 10
1586.445
 20
-42.0
 10
1592.445
 20
-31.499999999999773
 10
1627.555
 20
-31.499999999999773
 10
1633.555
 20
-42.0
 10
1627.555
 20
-52.5
 10
1592.445
 20
-52.5
  0
TEXT
  5
275
330
17
100
AcDbEntity
  8
M-GOST-PENCEREPOZ
100
AcDbText
 10
1610.0
 20
-47.0
 30
0.0
 40
9.719999999999999
  1
S01
  7
YAZI-KALIN
 72
1
 11
1610.0
 21
-47.0
 31
0.0
100
AcDbText
  0
LWPOLYLINE
  5
276
330
17
100
AcDbEntity
  8
M-GOST-PENCEREPOZ
100
AcDbPolyline
 90
6
 70
1
 10
2018.4450000000004
 20
260.0
 10
2024.4450000000006
 20
270.5
 10
2059.5550000000003
 20
270.5
 10
2065.5550000000003
 20
260.0
 10
2059.5550000000003
 20
249.5
 10
2024.4450000000006
 20
249.5
  0
TEXT
  5
277
330
17
100
AcDbEntity
  8
M-GOST-PENCEREPOZ
100
AcDbText
 10
2042.0000000000005
 20
255.0
 30
0.0
 40
9.719999999999999
  1
P05
  7
YAZI-KALIN
 72
1
 11
2042.0000000000005
 21
255.0
 31
0.0
100
AcDbText
  0
LWPOLYLINE
  5
278
330
17
100
AcDbEntity
  8
M-GOST-PENCEREPOZ
100
AcDbPolyline
 90
6
 70
1
 10
2018.4450000000004
 20
630.0
 10
2024.4450000000006
 20
640.5000000000001
 10
2059.5550000000003
 20
640.5000000000001
 10
2065.5550000000003
 20
630.0
 10
2059.5550000000003
 20
619.4999999999999
 10
2024.4450000000006
 20
619.4999999999999
  0
TEXT
  5
279
330
17
100
AcDbEntity
  8
M-GOST-PENCEREPOZ
100
AcDbText
 10
2042.0000000000005
 20
625.0
 30
0.0
 40
9.719999999999999
  1
P08
  7
YAZI-KALIN
 72
1
 11
2042.0000000000005
 21
625.0
 31
0.0
100
AcDbText
  0
LWPOLYLINE
  5
27A
330
17
100
AcDbEntity
  8
M-GOST-PENCEREPOZ
100
AcDbPolyline
 90
6
 70
1
 10
2018.4450000000004
 20
1210.0
 10
2024.4450000000006
 20
1220.5
 10
2059.5550000000003
 20
1220.5
 10
2065.5550000000003
 20
1210.0
 10
2059.5550000000003
 20
1199.5
 10
2024.4450000000006
 20
1199.5
  0
TEXT
  5
27B
330
17
100
AcDbEntity
  8
M-GOST-PENCEREPOZ
100
AcDbText
 10
2042.0000000000005
 20
1205.0
 30
0.0
 40
9.719999999999999
  1
P12
  7
YAZI-KALIN
 72
1
 11
2042.0000000000005
 21
1205.0
 31
0.0
100
AcDbText
  0
LWPOLYLINE
  5
27C
330
17
100
AcDbEntity
  8
M-GOST-KAPIPOZ
100
AcDbPolyline
 90
4
 70
1
 10
892.4449999999999
 20
1560.0
 10
927.5549999999998
 20
1560.0
 10
927.5549999999998
 20
1539.0
 10
892.4449999999999
 20
1539.0
  0
TEXT
  5
27D
330
17
100
AcDbEntity
  8
M-GOST-KAPIPOZ
100
AcDbText
 10
910.0
 20
1544.5
 30
0.0
 40
9.719999999999999
  1
K01
  7
YAZI-KALIN
 72
1
 11
910.0
 21
1544.5
 31
0.0
100
AcDbText
  0
LWPOLYLINE
  5
27E
330
17
100
AcDbEntity
  8
M-GOST-KAPIPOZ
100
AcDbPolyline
 90
4
 70
1
 10
722.9449999999999
 20
1110.5
 10
758.055
 20
1110.5
 10
758.055
 20
1089.5
 10
722.9449999999999
 20
1089.5
  0
TEXT
  5
27F
330
17
100
AcDbEntity
  8
M-GOST-KAPIPOZ
100
AcDbText
 10
740.5000000000001
 20
1095.0
 30
0.0
 40
9.719999999999999
  1
K05
  7
YAZI-KALIN
 72
1
 11
740.5000000000001
 21
1095.0
 31
0.0
100
AcDbText
  0
LWPOLYLINE
  5
280
330
17
100
AcDbEntity
  8
M-GOST-KAPIPOZ
100
AcDbPolyline
 90
4
 70
1
 10
522.9449999999999
 20
1075.5
 10
558.055
 20
1075.5
 10
558.055
 20
1054.5
 10
522.9449999999999
 20
1054.5
  0
TEXT
  5
281
330
17
100
AcDbEntity
  8
M-GOST-KAPIPOZ
100
AcDbText
 10
540.5
 20
1060.0
 30
0.0
 40
9.719999999999999
  1
K05
  7
YAZI-KALIN
 72
1
 11
540.5
 21
1060.0
 31
0.0
100
AcDbText
  0
LWPOLYLINE
  5
282
330
17
100
AcDbEntity
  8
M-GOST-KAPIPOZ
100
AcDbPolyline
 90
4
 70
1
 10
622.445
 20
1230.0
 10
657.555
 20
1230.0
 10
657.555
 20
1209.0
 10
622.445
 20
1209.0
  0
TEXT
  5
283
330
17
100
AcDbEntity
  8
M-GOST-KAPIPOZ
100
AcDbText
 10
640.0
 20
1214.5
 30
0.0
 40
9.719999999999999
  1
K06
  7
YAZI-KALIN
 72
1
 11
640.0
 21
1214.5
 31
0.0
100
AcDbText
  0
LWPOLYLINE
  5
284
330
17
100
AcDbEntity
  8
M-GOST-KAPIPOZ
100
AcDbPolyline
 90
4
 70
1
 10
722.9449999999999
 20
850.5000000000001
 10
758.055
 20
850.5000000000001
 10
758.055
 20
829.5000000000002
 10
722.9449999999999
 20
829.5000000000002
  0
TEXT
  5
285
330
17
100
AcDbEntity
  8
M-GOST-KAPIPOZ
100
AcDbText
 10
740.5000000000001
 20
835.0
 30
0.0
 40
9.719999999999999
  1
K04
  7
YAZI-KALIN
 72
1
 11
740.5000000000001
 21
835.0
 31
0.0
100
AcDbText
  0
LWPOLYLINE
  5
286
330
17
100
AcDbEntity
  8
M-GOST-KAPIPOZ
100
AcDbPolyline
 90
4
 70
1
 10
942.9449999999999
 20
605.5000000000001
 10
978.055
 20
605.5000000000001
 10
978.055
 20
584.5000000000002
 10
942.9449999999999
 20
584.5000000000002
  0
TEXT
  5
287
330
17
100
AcDbEntity
  8
M-GOST-KAPIPOZ
100
AcDbText
 10
960.5000000000001
 20
590.0
 30
0.0
 40
9.719999999999999
  1
K10
  7
YAZI-KALIN
 72
1
 11
960.5000000000001
 21
590.0
 31
0.0
100
AcDbText
  0
LWPOLYLINE
  5
288
330
17
100
AcDbEntity
  8
M-GOST-KAPIPOZ
100
AcDbPolyline
 90
4
 70
1
 10
1281.9449999999997
 20
640.5000000000001
 10
1317.0549999999998
 20
640.5000000000001
 10
1317.0549999999998
 20
619.5000000000002
 10
1281.9449999999997
 20
619.5000000000002
  0
TEXT
  5
289
330
17
100
AcDbEntity
  8
M-GOST-KAPIPOZ
100
AcDbText
 10
1299.5
 20
625.0
 30
0.0
 40
9.719999999999999
  1
K11
  7
YAZI-KALIN
 72
1
 11
1299.5
 21
625.0
 31
0.0
100
AcDbText
  0
LWPOLYLINE
  5
28A
330
17
100
AcDbEntity
  8
M-GOST-KAPIPOZ
100
AcDbPolyline
 90
4
 70
1
 10
1421.9449999999997
 20
1110.5
 10
1457.0549999999998
 20
1110.5
 10
1457.0549999999998
 20
1089.5
 10
1421.9449999999997
 20
1089.5
  0
TEXT
  5
28B
330
17
100
AcDbEntity
  8
M-GOST-KAPIPOZ
100
AcDbText
 10
1439.5
 20
1095.0
 30
0.0
 40
9.719999999999999
  1
K07
  7
YAZI-KALIN
 72
1
 11
1439.5
 21
1095.0
 31
0.0
100
AcDbText
  0
LWPOLYLINE
  5
28C
330
17
100
AcDbEntity
  8
M-GOST-KAPIPOZ
100
AcDbPolyline
 90
4
 70
1
 10
1682.445
 20
1560.0
 10
1717.5549999999998
 20
1560.0
 10
1717.5549999999998
 20
1539.0
 10
1682.445
 20
1539.0
  0
TEXT
  5
28D
330
17
100
AcDbEntity
  8
M-GOST-KAPIPOZ
100
AcDbText
 10
1700.0
 20
1544.5
 30
0.0
 40
9.719999999999999
  1
K03
  7
YAZI-KALIN
 72
1
 11
1700.0
 21
1544.5
 31
0.0
100
AcDbText
  0
LWPOLYLINE
  5
28E
330
17
100
AcDbEntity
  8
M-GOST-KAPIPOZ
100
AcDbPolyline
 90
4
 70
1
 10
1421.9449999999997
 20
825.5000000000001
 10
1457.0549999999998
 20
825.5000000000001
 10
1457.0549999999998
 20
804.5000000000002
 10
1421.9449999999997
 20
804.5000000000002
  0
TEXT
  5
28F
330
17
100
AcDbEntity
  8
M-GOST-KAPIPOZ
100
AcDbText
 10
1439.5
 20
810.0
 30
0.0
 40
9.719999999999999
  1
K06
  7
YAZI-KALIN
 72
1
 11
1439.5
 21
810.0
 31
0.0
100
AcDbText
  0
LWPOLYLINE
  5
290
330
17
100
AcDbEntity
  8
M-GOST-KAPIPOZ
100
AcDbPolyline
 90
4
 70
1
 10
1421.9449999999997
 20
640.5000000000001
 10
1457.0549999999998
 20
640.5000000000001
 10
1457.0549999999998
 20
619.5000000000002
 10
1421.9449999999997
 20
619.5000000000002
  0
TEXT
  5
291
330
17
100
AcDbEntity
  8
M-GOST-KAPIPOZ
100
AcDbText
 10
1439.5
 20
625.0
 30
0.0
 40
9.719999999999999
  1
K05
  7
YAZI-KALIN
 72
1
 11
1439.5
 21
625.0
 31
0.0
100
AcDbText
  0
LWPOLYLINE
  5
292
330
17
100
AcDbEntity
  8
M-GOST-KAPIPOZ
100
AcDbPolyline
 90
4
 70
1
 10
1312.445
 20
570.0
 10
1347.5549999999998
 20
570.0
 10
1347.5549999999998
 20
549.0
 10
1312.445
 20
549.0
  0
TEXT
  5
293
330
17
100
AcDbEntity
  8
M-GOST-KAPIPOZ
100
AcDbText
 10
1330.0
 20
554.4999999999999
 30
0.0
 40
9.719999999999999
  1
K08
  7
YAZI-KALIN
 72
1
 11
1330.0
 21
554.4999999999999
 31
0.0
100
AcDbText
  0
LWPOLYLINE
  5
294
330
17
100
AcDbEntity
  8
M-GOST-KAPIPOZ
100
AcDbPolyline
 90
4
 70
1
 10
1767.445
 20
570.0
 10
1802.5549999999998
 20
570.0
 10
1802.5549999999998
 20
549.0
 10
1767.445
 20
549.0
  0
TEXT
  5
295
330
17
100
AcDbEntity
  8
M-GOST-KAPIPOZ
100
AcDbText
 10
1785.0
 20
554.4999999999999
 30
0.0
 40
9.719999999999999
  1
K05
  7
YAZI-KALIN
 72
1
 11
1785.0
 21
554.4999999999999
 31
0.0
100
AcDbText
  0
LWPOLYLINE
  5
296
330
17
100
AcDbEntity
  8
M-GOST-KAPIPOZ
100
AcDbPolyline
 90
4
 70
1
 10
2031.9450000000006
 20
810.5000000000001
 10
2067.0550000000007
 20
810.5000000000001
 10
2067.0550000000007
 20
789.5000000000002
 10
2031.9450000000006
 20
789.5000000000002
  0
TEXT
  5
297
330
17
100
AcDbEntity
  8
M-GOST-KAPIPOZ
100
AcDbText
 10
2049.5000000000005
 20
795.0
 30
0.0
 40
9.719999999999999
  1
K02
  7
YAZI-KALIN
 72
1
 11
2049.5000000000005
 21
795.0
 31
0.0
100
AcDbText
  0
LWPOLYLINE
  5
29A
330
17
100
AcDbEntity
  8
M-BACA-TUGLA
100
AcDbPolyline
 90
4
 70
1
 10
35.0
 20
535.0
 10
80.0
 20
535.0
 10
80.0
 20
445.0
 10
35.0
 20
445.0
  0
HATCH
  5
29B
330
17
100
AcDbEntity
  8
M-BACA-TUGLA-T
100
AcDbHatch
 10
0.0
 20
0.0
 30
0.0
210
0.0
220
0.0
230
1.0
  2
SOLID
 70
1
 71
0
 91
1
 92
3
 72
0
 73
1
 93
4
 10
35.0
 20
515.0
 10
60.0
 20
515.0
 10
60.0
 20
465.0
 10
35.0
 20
465.0
 97
0
 75
1
 76
1
 98
0
  0
LWPOLYLINE
  5
29C
330
17
100
AcDbEntity
  8
M-BACA-TUGLA
100
AcDbPolyline
 90
4
 70
1
 10
80.0
 20
575.0
 10
120.0
 20
575.0
 10
120.0
 20
405.0
 10
80.0
 20
405.0
  0
TEXT
  5
29D
330
17
100
AcDbEntity
  8
M-GOST-YAZI
100
AcDbText
 10
145.0
 20
481.9999999999999
 30
0.0
 40
11.52
  1
şömine
  7
YAZI
 11
145.0
 21
481.9999999999999
 31
0.0
100
AcDbText
  0
HATCH
  5
29E
330
17
100
AcDbEntity
  8
M-BACA-TUGLA-T
 62
7
100
AcDbHatch
 10
0.0
 20
0.0
 30
0.0
210
0.0
220
0.0
230
1.0
  2
ANSI31
 70
0
 71
0
 91
1
 92
3
 72
0
 73
1
 93
4
 10
-60.0
 20
540.0
 10
0.0
 20
540.0
 10
0.0
 20
440.0
 10
-60.0
 20
440.0
 97
0
 75
1
 76
1
 52
0.0
 41
6.0
 77
0
 78
1
 53
45.0
 43
0.0
 44
0.0
 45
-13.4703841818
 46
13.4703841818
 79
0
 98
0
  0
LWPOLYLINE
  5
29F
330
17
100
AcDbEntity
  8
M-BACA-TUGLA
100
AcDbPolyline
 90
4
 70
1
 10
-60.0
 20
540.0
 10
0.0
 20
540.0
 10
0.0
 20
440.0
 10
-60.0
 20
440.0
  0
LWPOLYLINE
  5
2A0
330
17
100
AcDbEntity
  8
M-BACA-TUGLA
100
AcDbPolyline
 90
4
 70
1
 10
-45.0
 20
520.0
 10
-15.0
 20
520.0
 10
-15.0
 20
460.0
 10
-45.0
 20
460.0
  0
TEXT
  5
2A2
330
17
100
AcDbEntity
  8
M-GOST-MAHALPOZ
100
AcDbText
 10
1130.0
 20
1370.0
 30
0.0
 40
14.759999999999998
  1
ANTRE / GIRIŞ HOLÜ
  7
YAZI-KALIN
 72
1
 11
1130.0
 21
1370.0
 31
0.0
100
AcDbText
  0
TEXT
  5
2A3
330
17
100
AcDbEntity
  8
M-GOST-MAHALPOZ
100
AcDbText
 10
1130.0
 20
1346.475
 30
0.0
 40
11.159999999999998
  1
Z-01 · 16,80 m²
  7
YAZI
 72
1
 11
1130.0
 21
1346.475
 31
0.0
100
AcDbText
  0
TEXT
  5
2A4
330
17
100
AcDbEntity
  8
M-GOST-MAHALPOZ
100
AcDbText
 10
1130.0
 20
1325.475
 30
0.0
 40
10.08
  1
traverten
  7
YAZI
 72
1
 11
1130.0
 21
1325.475
 31
0.0
100
AcDbText
  0
TEXT
  5
2A5
330
17
100
AcDbEntity
  8
M-GOST-MAHALPOZ
100
AcDbText
 10
890.0
 20
770.0
 30
0.0
 40
14.759999999999998
  1
HOL
  7
YAZI-KALIN
 72
1
 11
890.0
 21
770.0
 31
0.0
100
AcDbText
  0
TEXT
  5
2A6
330
17
100
AcDbEntity
  8
M-GOST-MAHALPOZ
100
AcDbText
 10
890.0
 20
746.4750000000001
 30
0.0
 40
11.159999999999998
  1
Z-02 · 14,00 m²
  7
YAZI
 72
1
 11
890.0
 21
746.4750000000001
 31
0.0
100
AcDbText
  0
TEXT
  5
2A7
330
17
100
AcDbEntity
  8
M-GOST-MAHALPOZ
100
AcDbText
 10
890.0
 20
725.4750000000001
 30
0.0
 40
10.08
  1
traverten
  7
YAZI
 72
1
 11
890.0
 21
725.4750000000001
 31
0.0
100
AcDbText
  0
TEXT
  5
2A8
330
17
100
AcDbEntity
  8
M-GOST-MAHALPOZ
100
AcDbText
 10
1230.0
 20
590.0
 30
0.0
 40
10.08
  1
ŞAFT
 50
90.0
  7
YAZI-KALIN
 72
1
 11
1230.0
 21
590.0
 31
0.0
100
AcDbText
  0
TEXT
  5
2A9
330
17
100
AcDbEntity
  8
M-GOST-MAHALPOZ
100
AcDbText
 10
260.0
 20
1310.0
 30
0.0
 40
14.759999999999998
  1
MISAFIR YATAK ODASI
  7
YAZI-KALIN
 72
1
 11
260.0
 21
1310.0
 31
0.0
100
AcDbText
  0
TEXT
  5
2AA
330
17
100
AcDbEntity
  8
M-GOST-MAHALPOZ
100
AcDbText
 10
260.0
 20
1286.475
 30
0.0
 40
11.159999999999998
  1
Z-06 · 25,70 m²
  7
YAZI
 72
1
 11
260.0
 21
1286.475
 31
0.0
100
AcDbText
  0
TEXT
  5
2AB
330
17
100
AcDbEntity
  8
M-GOST-MAHALPOZ
100
AcDbText
 10
260.0
 20
1265.475
 30
0.0
 40
10.08
  1
meşe parke
  7
YAZI
 72
1
 11
260.0
 21
1265.475
 31
0.0
100
AcDbText
  0
TEXT
  5
2AC
330
17
100
AcDbEntity
  8
M-GOST-MAHALPOZ
100
AcDbText
 10
655.0
 20
1290.0
 30
0.0
 40
14.759999999999998
  1
MISAFIR BANYOSU
  7
YAZI-KALIN
 72
1
 11
655.0
 21
1290.0
 31
0.0
100
AcDbText
  0
TEXT
  5
2AD
330
17
100
AcDbEntity
  8
M-GOST-MAHALPOZ
100
AcDbText
 10
655.0
 20
1266.475
 30
0.0
 40
11.159999999999998
  1
Z-07 · 5,10 m²
  7
YAZI
 72
1
 11
655.0
 21
1266.475
 31
0.0
100
AcDbText
  0
TEXT
  5
2AE
330
17
100
AcDbEntity
  8
M-GOST-MAHALPOZ
100
AcDbText
 10
655.0
 20
1245.475
 30
0.0
 40
10.08
  1
porselen R10
  7
YAZI
 72
1
 11
655.0
 21
1245.475
 31
0.0
100
AcDbText
  0
TEXT
  5
2AF
330
17
100
AcDbEntity
  8
M-GOST-MAHALPOZ
100
AcDbText
 10
645.0
 20
1085.0
 30
0.0
 40
14.759999999999998
  1
MISAFIR SÜIT HOLÜ
  7
YAZI-KALIN
 72
1
 11
645.0
 21
1085.0
 31
0.0
100
AcDbText
  0
TEXT
  5
2B0
330
17
100
AcDbEntity
  8
M-GOST-MAHALPOZ
100
AcDbText
 10
645.0
 20
1061.475
 30
0.0
 40
11.159999999999998
  1
Z-08 · 3,40 m²
  7
YAZI
 72
1
 11
645.0
 21
1061.475
 31
0.0
100
AcDbText
  0
TEXT
  5
2B1
330
17
100
AcDbEntity
  8
M-GOST-MAHALPOZ
100
AcDbText
 10
645.0
 20
1040.475
 30
0.0
 40
10.08
  1
traverten
  7
YAZI
 72
1
 11
645.0
 21
1040.475
 31
0.0
100
AcDbText
  0
TEXT
  5
2B2
330
17
100
AcDbEntity
  8
M-GOST-MAHALPOZ
100
AcDbText
 10
400.0
 20
190.0
 30
0.0
 40
14.759999999999998
  1
SALON (ŞÖMINELI)
  7
YAZI-KALIN
 72
1
 11
400.0
 21
190.0
 31
0.0
100
AcDbText
  0
TEXT
  5
2B3
330
17
100
AcDbEntity
  8
M-GOST-MAHALPOZ
100
AcDbText
 10
400.0
 20
166.47500000000014
 30
0.0
 40
11.159999999999998
  1
Z-09 · 69,10 m²
  7
YAZI
 72
1
 11
400.0
 21
166.47500000000014
 31
0.0
100
AcDbText
  0
TEXT
  5
2B4
330
17
100
AcDbEntity
  8
M-GOST-MAHALPOZ
100
AcDbText
 10
400.0
 20
145.47500000000014
 30
0.0
 40
10.08
  1
traverten
  7
YAZI
 72
1
 11
400.0
 21
145.47500000000014
 31
0.0
100
AcDbText
  0
TEXT
  5
2B5
330
17
100
AcDbEntity
  8
M-GOST-MAHALPOZ
100
AcDbText
 10
1020.0
 20
90.0
 30
0.0
 40
14.759999999999998
  1
YEMEK ALANI
  7
YAZI-KALIN
 72
1
 11
1020.0
 21
90.0
 31
0.0
100
AcDbText
  0
TEXT
  5
2B6
330
17
100
AcDbEntity
  8
M-GOST-MAHALPOZ
100
AcDbText
 10
1020.0
 20
66.47500000000014
 30
0.0
 40
11.159999999999998
  1
Z-10 · 20,30 m²
  7
YAZI
 72
1
 11
1020.0
 21
66.47500000000014
 31
0.0
100
AcDbText
  0
TEXT
  5
2B7
330
17
100
AcDbEntity
  8
M-GOST-MAHALPOZ
100
AcDbText
 10
1020.0
 20
45.475000000000136
 30
0.0
 40
10.08
  1
traverten
  7
YAZI
 72
1
 11
1020.0
 21
45.475000000000136
 31
0.0
100
AcDbText
  0
TEXT
  5
2B8
330
17
100
AcDbEntity
  8
M-GOST-MAHALPOZ
100
AcDbText
 10
1640.0
 20
405.0
 30
0.0
 40
14.759999999999998
  1
MUTFAK (ADALI)
  7
YAZI-KALIN
 72
1
 11
1640.0
 21
405.0
 31
0.0
100
AcDbText
  0
TEXT
  5
2B9
330
17
100
AcDbEntity
  8
M-GOST-MAHALPOZ
100
AcDbText
 10
1640.0
 20
381.47500000000014
 30
0.0
 40
11.159999999999998
  1
Z-11 · 33,30 m²
  7
YAZI
 72
1
 11
1640.0
 21
381.47500000000014
 31
0.0
100
AcDbText
  0
TEXT
  5
2BA
330
17
100
AcDbEntity
  8
M-GOST-MAHALPOZ
100
AcDbText
 10
1640.0
 20
360.47500000000014
 30
0.0
 40
10.08
  1
porselen 60×120
  7
YAZI
 72
1
 11
1640.0
 21
360.47500000000014
 31
0.0
100
AcDbText
  0
TEXT
  5
2BB
330
17
100
AcDbEntity
  8
M-GOST-MAHALPOZ
100
AcDbText
 10
1330.0
 20
960.0
 30
0.0
 40
11.52
  1
SERVIS KORIDORU · 8,10 m²
 50
90.0
  7
YAZI-KALIN
 72
1
 11
1330.0
 21
960.0
 31
0.0
100
AcDbText
  0
TEXT
  5
2BC
330
17
100
AcDbEntity
  8
M-GOST-MAHALPOZ
100
AcDbText
 10
1725.0
 20
955.0
 30
0.0
 40
14.759999999999998
  1
GARAJ (2 ARAÇ)
  7
YAZI-KALIN
 72
1
 11
1725.0
 21
955.0
 31
0.0
100
AcDbText
  0
TEXT
  5
2BD
330
17
100
AcDbEntity
  8
M-GOST-MAHALPOZ
100
AcDbText
 10
1725.0
 20
931.4750000000001
 30
0.0
 40
11.159999999999998
  1
Z-13 · 31,10 m²
  7
YAZI
 72
1
 11
1725.0
 21
931.4750000000001
 31
0.0
100
AcDbText
  0
TEXT
  5
2BE
330
17
100
AcDbEntity
  8
M-GOST-MAHALPOZ
100
AcDbText
 10
1725.0
 20
910.4750000000001
 30
0.0
 40
10.08
  1
epoksi
  7
YAZI
 72
1
 11
1725.0
 21
910.4750000000001
 31
0.0
100
AcDbText
  0
TEXT
  5
2BF
330
17
100
AcDbEntity
  8
M-GOST-MAHALPOZ
100
AcDbText
 10
1530.0
 20
765.0
 30
0.0
 40
14.759999999999998
  1
MISAFIR WC
  7
YAZI-KALIN
 72
1
 11
1530.0
 21
765.0
 31
0.0
100
AcDbText
  0
TEXT
  5
2C0
330
17
100
AcDbEntity
  8
M-GOST-MAHALPOZ
100
AcDbText
 10
1530.0
 20
741.4750000000001
 30
0.0
 40
11.159999999999998
  1
Z-14 · 4,00 m²
  7
YAZI
 72
1
 11
1530.0
 21
741.4750000000001
 31
0.0
100
AcDbText
  0
TEXT
  5
2C1
330
17
100
AcDbEntity
  8
M-GOST-MAHALPOZ
100
AcDbText
 10
1530.0
 20
720.4750000000001
 30
0.0
 40
10.08
  1
porselen R10
  7
YAZI
 72
1
 11
1530.0
 21
720.4750000000001
 31
0.0
100
AcDbText
  0
TEXT
  5
2C2
330
17
100
AcDbEntity
  8
M-GOST-MAHALPOZ
100
AcDbText
 10
1530.0
 20
620.0
 30
0.0
 40
14.759999999999998
  1
KILER
  7
YAZI-KALIN
 72
1
 11
1530.0
 21
620.0
 31
0.0
100
AcDbText
  0
TEXT
  5
2C3
330
17
100
AcDbEntity
  8
M-GOST-MAHALPOZ
100
AcDbText
 10
1530.0
 20
596.4750000000001
 30
0.0
 40
11.159999999999998
  1
Z-15 · 4,50 m²
  7
YAZI
 72
1
 11
1530.0
 21
596.4750000000001
 31
0.0
100
AcDbText
  0
TEXT
  5
2C4
330
17
100
AcDbEntity
  8
M-GOST-MAHALPOZ
100
AcDbText
 10
1530.0
 20
575.4750000000001
 30
0.0
 40
10.08
  1
epoksi / seramik
  7
YAZI
 72
1
 11
1530.0
 21
575.4750000000001
 31
0.0
100
AcDbText
  0
TEXT
  5
2C5
330
17
100
AcDbEntity
  8
M-GOST-MAHALPOZ
100
AcDbText
 10
1830.0
 20
676.275
 30
0.0
 40
14.759999999999998
  1
ARKA MUTFAK / SERVIS
  7
YAZI-KALIN
 72
1
 11
1830.0
 21
676.275
 31
0.0
100
AcDbText
  0
TEXT
  5
2C6
330
17
100
AcDbEntity
  8
M-GOST-MAHALPOZ
100
AcDbText
 10
1830.0
 20
654.75
 30
0.0
 40
14.759999999999998
  1
GIRIŞI
  7
YAZI-KALIN
 72
1
 11
1830.0
 21
654.75
 31
0.0
100
AcDbText
  0
TEXT
  5
2C7
330
17
100
AcDbEntity
  8
M-GOST-MAHALPOZ
100
AcDbText
 10
1830.0
 20
631.225
 30
0.0
 40
11.159999999999998
  1
Z-16 · 10,90 m²
  7
YAZI
 72
1
 11
1830.0
 21
631.225
 31
0.0
100
AcDbText
  0
TEXT
  5
2C8
330
17
100
AcDbEntity
  8
M-GOST-MAHALPOZ
100
AcDbText
 10
1830.0
 20
610.2250000000001
 30
0.0
 40
10.08
  1
porselen 60×120
  7
YAZI
 72
1
 11
1830.0
 21
610.2250000000001
 31
0.0
100
AcDbText
  0
LWPOLYLINE
  5
2CA
330
17
100
AcDbEntity
  8
M-GOST-PLANKOT
100
AcDbPolyline
 90
3
 70
1
 10
919.0
 20
549.0
 10
941.0
 20
549.0
 10
930.0
 20
530.0
  0
HATCH
  5
2CB
330
17
100
AcDbEntity
  8
M-GOST-PLANKOT
100
AcDbHatch
 10
0.0
 20
0.0
 30
0.0
210
0.0
220
0.0
230
1.0
  2
SOLID
 70
1
 71
0
 91
1
 92
3
 72
0
 73
1
 93
3
 10
919.0
 20
549.0
 10
930.0
 20
549.0
 10
930.0
 20
530.0
 97
0
 75
1
 76
1
 98
0
  0
TEXT
  5
2CC
330
17
100
AcDbEntity
  8
M-GOST-PLANKOT
100
AcDbText
 10
948.0000000000001
 20
534.0
 30
0.0
 40
13.68
  1
%%p0.00
  7
YAZI-KALIN
 11
948.0000000000001
 21
534.0
 31
0.0
100
AcDbText
  0
LWPOLYLINE
  5
2CD
330
17
100
AcDbEntity
  8
M-GOST-PLANKOT
100
AcDbPolyline
 90
3
 70
1
 10
1489.0
 20
1409.0
 10
1511.0
 20
1409.0
 10
1500.0
 20
1390.0
  0
HATCH
  5
2CE
330
17
100
AcDbEntity
  8
M-GOST-PLANKOT
100
AcDbHatch
 10
0.0
 20
0.0
 30
0.0
210
0.0
220
0.0
230
1.0
  2
SOLID
 70
1
 71
0
 91
1
 92
3
 72
0
 73
1
 93
3
 10
1489.0
 20
1409.0
 10
1500.0
 20
1409.0
 10
1500.0
 20
1390.0
 97
0
 75
1
 76
1
 98
0
  0
TEXT
  5
2CF
330
17
100
AcDbEntity
  8
M-GOST-PLANKOT
100
AcDbText
 10
1518.0
 20
1394.0
 30
0.0
 40
13.68
  1
-0.17
  7
YAZI-KALIN
 11
1518.0
 21
1394.0
 31
0.0
100
AcDbText
  0
LWPOLYLINE
  5
2D0
330
17
100
AcDbEntity
  8
M-GOST-PLANKOT
100
AcDbPolyline
 90
3
 70
1
 10
389.00000000000006
 20
-71.0
 10
410.99999999999994
 20
-71.0
 10
400.0
 20
-90.0
  0
HATCH
  5
2D1
330
17
100
AcDbEntity
  8
M-GOST-PLANKOT
100
AcDbHatch
 10
0.0
 20
0.0
 30
0.0
210
0.0
220
0.0
230
1.0
  2
SOLID
 70
1
 71
0
 91
1
 92
3
 72
0
 73
1
 93
3
 10
389.00000000000006
 20
-71.0
 10
400.0
 20
-71.0
 10
400.0
 20
-90.0
 97
0
 75
1
 76
1
 98
0
  0
TEXT
  5
2D2
330
17
100
AcDbEntity
  8
M-GOST-PLANKOT
100
AcDbText
 10
418.0
 20
-86.0
 30
0.0
 40
13.68
  1
-0.02
  7
YAZI-KALIN
 11
418.0
 21
-86.0
 31
0.0
100
AcDbText
  0
LWPOLYLINE
  5
2D3
330
17
100
AcDbEntity
  8
M-GOST-PLANKOT
100
AcDbPolyline
 90
3
 70
1
 10
-151.0
 20
-141.0
 10
-129.0
 20
-141.0
 10
-140.0
 20
-160.0
  0
HATCH
  5
2D4
330
17
100
AcDbEntity
  8
M-GOST-PLANKOT
100
AcDbHatch
 10
0.0
 20
0.0
 30
0.0
210
0.0
220
0.0
230
1.0
  2
SOLID
 70
1
 71
0
 91
1
 92
3
 72
0
 73
1
 93
3
 10
-151.0
 20
-141.0
 10
-140.0
 20
-141.0
 10
-140.0
 20
-160.0
 97
0
 75
1
 76
1
 98
0
  0
TEXT
  5
2D5
330
17
100
AcDbEntity
  8
M-GOST-PLANKOT
100
AcDbText
 10
-122.00000000000003
 20
-156.0
 30
0.0
 40
13.68
  1
-0.30
  7
YAZI-KALIN
 11
-122.00000000000003
 21
-156.0
 31
0.0
100
AcDbText
  0
DIMENSION
  5
2D8
330
17
100
AcDbEntity
  8
M-GOST-DISOLCU
100
AcDbDimension
280
0
  2
*D1
  3
MIMARI-1-100
 10
0.0
 20
1810.0
 30
0.0
 11
80.0
 21
1821.48
 31
0.0
 70
32
 71
5
  1
<>
100
AcDbAlignedDimension
 13
0.0
 23
1510.0
 33
0.0
 14
160.0
 24
1510.0
 34
0.0
 50
0.0
100
AcDbRotatedDimension
  0
DIMENSION
  5
2EB
330
17
100
AcDbEntity
  8
M-GOST-DISOLCU
100
AcDbDimension
280
0
  2
*D2
  3
MIMARI-1-100
 10
160.0
 20
1810.0
 30
0.0
 11
290.0
 21
1821.48
 31
0.0
 70
32
 71
5
  1
<>
100
AcDbAlignedDimension
 13
160.0
 23
1510.0
 33
0.0
 14
420.0
 24
1510.0
 34
0.0
 50
0.0
100
AcDbRotatedDimension
  0
DIMENSION
  5
2FA
330
17
100
AcDbEntity
  8
M-GOST-DISOLCU
100
AcDbDimension
280
0
  2
*D3
  3
MIMARI-1-100
 10
420.0
 20
1810.0
 30
0.0
 11
525.0
 21
1821.48
 31
0.0
 70
32
 71
5
  1
<>
100
AcDbAlignedDimension
 13
420.0
 23
1510.0
 33
0.0
 14
630.0
 24
1510.0
 34
0.0
 50
0.0
100
AcDbRotatedDimension
  0
DIMENSION
  5
309
330
17
100
AcDbEntity
  8
M-GOST-DISOLCU
100
AcDbDimension
280
0
  2
*D4
  3
MIMARI-1-100
 10
630.0
 20
1810.0
 30
0.0
 11
680.0
 21
1821.48
 31
0.0
 70
32
 71
5
  1
<>
100
AcDbAlignedDimension
 13
630.0
 23
1510.0
 33
0.0
 14
730.0
 24
1510.0
 34
0.0
 50
0.0
100
AcDbRotatedDimension
  0
DIMENSION
  5
318
330
17
100
AcDbEntity
  8
M-GOST-DISOLCU
100
AcDbDimension
280
0
  2
*D5
  3
MIMARI-1-100
 10
730.0
 20
1810.0
 30
0.0
 11
792.5
 21
1821.48
 31
0.0
 70
32
 71
5
  1
<>
100
AcDbAlignedDimension
 13
730.0
 23
1510.0
 33
0.0
 14
855.0
 24
1510.0
 34
0.0
 50
0.0
100
AcDbRotatedDimension
  0
DIMENSION
  5
327
330
17
100
AcDbEntity
  8
M-GOST-DISOLCU
100
AcDbDimension
280
0
  2
*D6
  3
MIMARI-1-100
 10
855.0
 20
1810.0
 30
0.0
 11
910.0
 21
1821.48
 31
0.0
 70
32
 71
5
  1
<>
100
AcDbAlignedDimension
 13
855.0
 23
1510.0
 33
0.0
 14
965.0
 24
1510.0
 34
0.0
 50
0.0
100
AcDbRotatedDimension
  0
DIMENSION
  5
336
330
17
100
AcDbEntity
  8
M-GOST-DISOLCU
100
AcDbDimension
280
0
  2
*D7
  3
MIMARI-1-100
 10
965.0
 20
1810.0
 30
0.0
 11
992.5
 21
1821.48
 31
0.0
 70
32
 71
5
  1
<>
100
AcDbAlignedDimension
 13
965.0
 23
1510.0
 33
0.0
 14
1020.0
 24
1510.0
 34
0.0
 50
0.0
100
AcDbRotatedDimension
  0
DIMENSION
  5
345
330
17
100
AcDbEntity
  8
M-GOST-DISOLCU
100
AcDbDimension
280
0
  2
*D8
  3
MIMARI-1-100
 10
1020.0
 20
1810.0
 30
0.0
 11
1110.0
 21
1821.48
 31
0.0
 70
32
 71
5
  1
<>
100
AcDbAlignedDimension
 13
1020.0
 23
1510.0
 33
0.0
 14
1200.0
 24
1510.0
 34
0.0
 50
0.0
100
AcDbRotatedDimension
  0
DIMENSION
  5
354
330
17
100
AcDbEntity
  8
M-GOST-DISOLCU
100
AcDbDimension
280
0
  2
*D9
  3
MIMARI-1-100
 10
1200.0
 20
1810.0
 30
0.0
 11
1330.0
 21
1821.48
 31
0.0
 70
32
 71
5
  1
<>
100
AcDbAlignedDimension
 13
1200.0
 23
1510.0
 33
0.0
 14
1460.0
 24
1510.0
 34
0.0
 50
0.0
100
AcDbRotatedDimension
  0
DIMENSION
  5
363
330
17
100
AcDbEntity
  8
M-GOST-DISOLCU
100
AcDbDimension
280
0
  2
*D10
  3
MIMARI-1-100
 10
1460.0
 20
1810.0
 30
0.0
 11
1700.0
 21
1821.48
 31
0.0
 70
32
 71
5
  1
<>
100
AcDbAlignedDimension
 13
1460.0
 23
1510.0
 33
0.0
 14
1940.0
 24
1510.0
 34
0.0
 50
0.0
100
AcDbRotatedDimension
  0
DIMENSION
  5
372
330
17
100
AcDbEntity
  8
M-GOST-DISOLCU
100
AcDbDimension
280
0
  2
*D11
  3
MIMARI-1-100
 10
1940.0
 20
1810.0
 30
0.0
 11
1970.0
 21
1821.48
 31
0.0
 70
32
 71
5
  1
<>
100
AcDbAlignedDimension
 13
1940.0
 23
1510.0
 33
0.0
 14
2000.0
 24
1510.0
 34
0.0
 50
0.0
100
AcDbRotatedDimension
  0
DIMENSION
  5
381
330
17
100
AcDbEntity
  8
M-GOST-DISOLCU
100
AcDbDimension
280
0
  2
*D12
  3
MIMARI-1-100
 10
0.0
 20
1870.0
 30
0.0
 11
390.0
 21
1881.48
 31
0.0
 70
32
 71
5
  1
<>
100
AcDbAlignedDimension
 13
0.0
 23
1870.0
 33
0.0
 14
780.0
 24
1870.0
 34
0.0
 50
0.0
100
AcDbRotatedDimension
  0
DIMENSION
  5
390
330
17
100
AcDbEntity
  8
M-GOST-DISOLCU
100
AcDbDimension
280
0
  2
*D13
  3
MIMARI-1-100
 10
780.0
 20
1870.0
 30
0.0
 11
1020.0
 21
1881.48
 31
0.0
 70
32
 71
5
  1
<>
100
AcDbAlignedDimension
 13
780.0
 23
1870.0
 33
0.0
 14
1260.0
 24
1870.0
 34
0.0
 50
0.0
100
AcDbRotatedDimension
  0
DIMENSION
  5
39F
330
17
100
AcDbEntity
  8
M-GOST-DISOLCU
100
AcDbDimension
280
0
  2
*D14
  3
MIMARI-1-100
 10
1260.0
 20
1870.0
 30
0.0
 11
1630.0
 21
1881.48
 31
0.0
 70
32
 71
5
  1
<>
100
AcDbAlignedDimension
 13
1260.0
 23
1870.0
 33
0.0
 14
2000.0
 24
1870.0
 34
0.0
 50
0.0
100
AcDbRotatedDimension
  0
DIMENSION
  5
3AE
330
17
100
AcDbEntity
  8
M-GOST-DISOLCU
100
AcDbDimension
280
0
  2
*D15
  3
MIMARI-1-100
 10
0.0
 20
1930.0
 30
0.0
 11
1000.0
 21
1941.48
 31
0.0
 70
32
 71
5
  1
<>
100
AcDbAlignedDimension
 13
0.0
 23
1930.0
 33
0.0
 14
2000.0
 24
1930.0
 34
0.0
 50
0.0
100
AcDbRotatedDimension
  0
LINE
  5
3BE
330
17
100
AcDbEntity
  8
M-GOST-AKS
100
AcDbLine
 10
0.0
 20
1950.0
 30
0.0
 11
0.0
 21
-210.0
 31
0.0
  0
CIRCLE
  5
3C0
330
17
100
AcDbEntity
  8
M-GOST-AKSPOZ
100
AcDbCircle
 10
0.0
 20
1990.0
 30
0.0
 40
32.0
  0
TEXT
  5
3C1
330
17
100
AcDbEntity
  8
M-GOST-AKSPOZ
100
AcDbText
 10
0.0
 20
1978.0
 30
0.0
 40
23.04
  1
1
  7
YAZI-KALIN
 72
1
 11
0.0
 21
1978.0
 31
0.0
100
AcDbText
  0
LINE
  5
3C2
330
17
100
AcDbEntity
  8
M-GOST-AKS
100
AcDbLine
 10
780.0
 20
1950.0
 30
0.0
 11
780.0
 21
-210.0
 31
0.0
  0
CIRCLE
  5
3C3
330
17
100
AcDbEntity
  8
M-GOST-AKSPOZ
100
AcDbCircle
 10
780.0
 20
1990.0
 30
0.0
 40
32.0
  0
TEXT
  5
3C4
330
17
100
AcDbEntity
  8
M-GOST-AKSPOZ
100
AcDbText
 10
780.0
 20
1978.0
 30
0.0
 40
23.04
  1
2
  7
YAZI-KALIN
 72
1
 11
780.0
 21
1978.0
 31
0.0
100
AcDbText
  0
LINE
  5
3C5
330
17
100
AcDbEntity
  8
M-GOST-AKS
100
AcDbLine
 10
1260.0
 20
1950.0
 30
0.0
 11
1260.0
 21
-210.0
 31
0.0
  0
CIRCLE
  5
3C6
330
17
100
AcDbEntity
  8
M-GOST-AKSPOZ
100
AcDbCircle
 10
1260.0
 20
1990.0
 30
0.0
 40
32.0
  0
TEXT
  5
3C7
330
17
100
AcDbEntity
  8
M-GOST-AKSPOZ
100
AcDbText
 10
1260.0
 20
1978.0
 30
0.0
 40
23.04
  1
3
  7
YAZI-KALIN
 72
1
 11
1260.0
 21
1978.0
 31
0.0
100
AcDbText
  0
LINE
  5
3C8
330
17
100
AcDbEntity
  8
M-GOST-AKS
100
AcDbLine
 10
2000.0
 20
1950.0
 30
0.0
 11
2000.0
 21
-210.0
 31
0.0
  0
CIRCLE
  5
3C9
330
17
100
AcDbEntity
  8
M-GOST-AKSPOZ
100
AcDbCircle
 10
2000.0
 20
1990.0
 30
0.0
 40
32.0
  0
TEXT
  5
3CA
330
17
100
AcDbEntity
  8
M-GOST-AKSPOZ
100
AcDbText
 10
2000.0
 20
1978.0
 30
0.0
 40
23.04
  1
4
  7
YAZI-KALIN
 72
1
 11
2000.0
 21
1978.0
 31
0.0
100
AcDbText
  0
DIMENSION
  5
3CB
330
17
100
AcDbEntity
  8
M-GOST-DISOLCU
100
AcDbDimension
280
0
  2
*D16
  3
MIMARI-1-100
 10
0.0
 20
-70.0
 30
0.0
 11
60.0
 21
-58.519999999999996
 31
0.0
 70
32
 71
5
  1
<>
100
AcDbAlignedDimension
 13
0.0
 23
-70.0
 33
0.0
 14
120.0
 24
-70.0
 34
0.0
 50
0.0
100
AcDbRotatedDimension
  0
DIMENSION
  5
3DA
330
17
100
AcDbEntity
  8
M-GOST-DISOLCU
100
AcDbDimension
280
0
  2
*D17
  3
MIMARI-1-100
 10
120.0
 20
-70.0
 30
0.0
 11
390.0
 21
-58.519999999999996
 31
0.0
 70
32
 71
5
  1
<>
100
AcDbAlignedDimension
 13
120.0
 23
-70.0
 33
0.0
 14
660.0
 24
-70.0
 34
0.0
 50
0.0
100
AcDbRotatedDimension
  0
DIMENSION
  5
3E9
330
17
100
AcDbEntity
  8
M-GOST-DISOLCU
100
AcDbDimension
280
0
  2
*D18
  3
MIMARI-1-100
 10
660.0
 20
-70.0
 30
0.0
 11
750.0
 21
-58.519999999999996
 31
0.0
 70
32
 71
5
  1
<>
100
AcDbAlignedDimension
 13
660.0
 23
-70.0
 33
0.0
 14
840.0
 24
-70.0
 34
0.0
 50
0.0
100
AcDbRotatedDimension
  0
DIMENSION
  5
3F8
330
17
100
AcDbEntity
  8
M-GOST-DISOLCU
100
AcDbDimension
280
0
  2
*D19
  3
MIMARI-1-100
 10
840.0
 20
-70.0
 30
0.0
 11
1020.0
 21
-58.519999999999996
 31
0.0
 70
32
 71
5
  1
<>
100
AcDbAlignedDimension
 13
840.0
 23
-70.0
 33
0.0
 14
1200.0
 24
-70.0
 34
0.0
 50
0.0
100
AcDbRotatedDimension
  0
DIMENSION
  5
407
330
17
100
AcDbEntity
  8
M-GOST-DISOLCU
100
AcDbDimension
280
0
  2
*D20
  3
MIMARI-1-100
 10
1200.0
 20
-70.0
 30
0.0
 11
1270.0
 21
-58.519999999999996
 31
0.0
 70
32
 71
5
  1
<>
100
AcDbAlignedDimension
 13
1200.0
 23
-70.0
 33
0.0
 14
1340.0
 24
-70.0
 34
0.0
 50
0.0
100
AcDbRotatedDimension
  0
DIMENSION
  5
416
330
17
100
AcDbEntity
  8
M-GOST-DISOLCU
100
AcDbDimension
280
0
  2
*D21
  3
MIMARI-1-100
 10
1340.0
 20
-70.0
 30
0.0
 11
1610.0
 21
-58.519999999999996
 31
0.0
 70
32
 71
5
  1
<>
100
AcDbAlignedDimension
 13
1340.0
 23
-70.0
 33
0.0
 14
1880.0
 24
-70.0
 34
0.0
 50
0.0
100
AcDbRotatedDimension
  0
DIMENSION
  5
425
330
17
100
AcDbEntity
  8
M-GOST-DISOLCU
100
AcDbDimension
280
0
  2
*D22
  3
MIMARI-1-100
 10
1880.0
 20
-70.0
 30
0.0
 11
1940.0
 21
-58.519999999999996
 31
0.0
 70
32
 71
5
  1
<>
100
AcDbAlignedDimension
 13
1880.0
 23
-70.0
 33
0.0
 14
2000.0
 24
-70.0
 34
0.0
 50
0.0
100
AcDbRotatedDimension
  0
DIMENSION
  5
434
330
17
100
AcDbEntity
  8
M-GOST-DISOLCU
100
AcDbDimension
280
0
  2
*D23
  3
MIMARI-1-100
 10
0.0
 20
-130.0
 30
0.0
 11
390.0
 21
-118.52
 31
0.0
 70
32
 71
5
  1
<>
100
AcDbAlignedDimension
 13
0.0
 23
-130.0
 33
0.0
 14
780.0
 24
-130.0
 34
0.0
 50
0.0
100
AcDbRotatedDimension
  0
DIMENSION
  5
443
330
17
100
AcDbEntity
  8
M-GOST-DISOLCU
100
AcDbDimension
280
0
  2
*D24
  3
MIMARI-1-100
 10
780.0
 20
-130.0
 30
0.0
 11
1020.0
 21
-118.52
 31
0.0
 70
32
 71
5
  1
<>
100
AcDbAlignedDimension
 13
780.0
 23
-130.0
 33
0.0
 14
1260.0
 24
-130.0
 34
0.0
 50
0.0
100
AcDbRotatedDimension
  0
DIMENSION
  5
452
330
17
100
AcDbEntity
  8
M-GOST-DISOLCU
100
AcDbDimension
280
0
  2
*D25
  3
MIMARI-1-100
 10
1260.0
 20
-130.0
 30
0.0
 11
1630.0
 21
-118.52
 31
0.0
 70
32
 71
5
  1
<>
100
AcDbAlignedDimension
 13
1260.0
 23
-130.0
 33
0.0
 14
2000.0
 24
-130.0
 34
0.0
 50
0.0
100
AcDbRotatedDimension
  0
DIMENSION
  5
461
330
17
100
AcDbEntity
  8
M-GOST-DISOLCU
100
AcDbDimension
280
0
  2
*D26
  3
MIMARI-1-100
 10
0.0
 20
-190.0
 30
0.0
 11
1000.0
 21
-178.52
 31
0.0
 70
32
 71
5
  1
<>
100
AcDbAlignedDimension
 13
0.0
 23
-190.0
 33
0.0
 14
2000.0
 24
-190.0
 34
0.0
 50
0.0
100
AcDbRotatedDimension
  0
CIRCLE
  5
470
330
17
100
AcDbEntity
  8
M-GOST-AKSPOZ
100
AcDbCircle
 10
0.0
 20
-255.0
 30
0.0
 40
32.0
  0
TEXT
  5
471
330
17
100
AcDbEntity
  8
M-GOST-AKSPOZ
100
AcDbText
 10
0.0
 20
-267.0
 30
0.0
 40
23.04
  1
1
  7
YAZI-KALIN
 72
1
 11
0.0
 21
-267.0
 31
0.0
100
AcDbText
  0
CIRCLE
  5
472
330
17
100
AcDbEntity
  8
M-GOST-AKSPOZ
100
AcDbCircle
 10
780.0
 20
-255.0
 30
0.0
 40
32.0
  0
TEXT
  5
473
330
17
100
AcDbEntity
  8
M-GOST-AKSPOZ
100
AcDbText
 10
780.0
 20
-267.0
 30
0.0
 40
23.04
  1
2
  7
YAZI-KALIN
 72
1
 11
780.0
 21
-267.0
 31
0.0
100
AcDbText
  0
CIRCLE
  5
474
330
17
100
AcDbEntity
  8
M-GOST-AKSPOZ
100
AcDbCircle
 10
1260.0
 20
-255.0
 30
0.0
 40
32.0
  0
TEXT
  5
475
330
17
100
AcDbEntity
  8
M-GOST-AKSPOZ
100
AcDbText
 10
1260.0
 20
-267.0
 30
0.0
 40
23.04
  1
3
  7
YAZI-KALIN
 72
1
 11
1260.0
 21
-267.0
 31
0.0
100
AcDbText
  0
CIRCLE
  5
476
330
17
100
AcDbEntity
  8
M-GOST-AKSPOZ
100
AcDbCircle
 10
2000.0
 20
-255.0
 30
0.0
 40
32.0
  0
TEXT
  5
477
330
17
100
AcDbEntity
  8
M-GOST-AKSPOZ
100
AcDbText
 10
2000.0
 20
-267.0
 30
0.0
 40
23.04
  1
4
  7
YAZI-KALIN
 72
1
 11
2000.0
 21
-267.0
 31
0.0
100
AcDbText
  0
DIMENSION
  5
478
330
17
100
AcDbEntity
  8
M-GOST-DISOLCU
100
AcDbDimension
280
0
  2
*D27
  3
MIMARI-1-100
 10
-210.0
 20
1500.0
 30
0.0
 11
-198.52
 21
1440.0
 31
0.0
 70
32
 71
5
  1
<>
100
AcDbAlignedDimension
 13
-210.0
 23
1500.0
 33
0.0
 14
-210.0
 24
1380.0
 34
0.0
 50
90.0
100
AcDbRotatedDimension
  0
DIMENSION
  5
487
330
17
100
AcDbEntity
  8
M-GOST-DISOLCU
100
AcDbDimension
280
0
  2
*D28
  3
MIMARI-1-100
 10
-210.0
 20
1380.0
 30
0.0
 11
-198.52
 21
1250.0
 31
0.0
 70
32
 71
5
  1
<>
100
AcDbAlignedDimension
 13
-210.0
 23
1380.0
 33
0.0
 14
-210.0
 24
1120.0
 34
0.0
 50
90.0
100
AcDbRotatedDimension
  0
DIMENSION
  5
496
330
17
100
AcDbEntity
  8
M-GOST-DISOLCU
100
AcDbDimension
280
0
  2
*D29
  3
MIMARI-1-100
 10
-210.0
 20
1120.0
 30
0.0
 11
-198.52
 21
1010.0
 31
0.0
 70
32
 71
5
  1
<>
100
AcDbAlignedDimension
 13
-210.0
 23
1120.0
 33
0.0
 14
-210.0
 24
900.0
 34
0.0
 50
90.0
100
AcDbRotatedDimension
  0
DIMENSION
  5
4A5
330
17
100
AcDbEntity
  8
M-GOST-DISOLCU
100
AcDbDimension
280
0
  2
*D30
  3
MIMARI-1-100
 10
-210.0
 20
900.0
 30
0.0
 11
-198.52
 21
770.0
 31
0.0
 70
32
 71
5
  1
<>
100
AcDbAlignedDimension
 13
-210.0
 23
900.0
 33
0.0
 14
-210.0
 24
640.0
 34
0.0
 50
90.0
100
AcDbRotatedDimension
  0
DIMENSION
  5
4B4
330
17
100
AcDbEntity
  8
M-GOST-DISOLCU
100
AcDbDimension
280
0
  2
*D31
  3
MIMARI-1-100
 10
-210.0
 20
640.0
 30
0.0
 11
-198.52
 21
495.0
 31
0.0
 70
32
 71
5
  1
<>
100
AcDbAlignedDimension
 13
-210.0
 23
640.0
 33
0.0
 14
-210.0
 24
350.0
 34
0.0
 50
90.0
100
AcDbRotatedDimension
  0
DIMENSION
  5
4C3
330
17
100
AcDbEntity
  8
M-GOST-DISOLCU
100
AcDbDimension
280
0
  2
*D32
  3
MIMARI-1-100
 10
-210.0
 20
350.0
 30
0.0
 11
-198.52
 21
220.0
 31
0.0
 70
32
 71
5
  1
<>
100
AcDbAlignedDimension
 13
-210.0
 23
350.0
 33
0.0
 14
-210.0
 24
90.0
 34
0.0
 50
90.0
100
AcDbRotatedDimension
  0
DIMENSION
  5
4D2
330
17
100
AcDbEntity
  8
M-GOST-DISOLCU
100
AcDbDimension
280
0
  2
*D33
  3
MIMARI-1-100
 10
-210.0
 20
90.0
 30
0.0
 11
-198.52
 21
45.0
 31
0.0
 70
32
 71
5
  1
<>
100
AcDbAlignedDimension
 13
-210.0
 23
90.0
 33
0.0
 14
-210.0
 24
0.0
 34
0.0
 50
90.0
100
AcDbRotatedDimension
  0
DIMENSION
  5
4E1
330
17
100
AcDbEntity
  8
M-GOST-DISOLCU
100
AcDbDimension
280
0
  2
*D34
  3
MIMARI-1-100
 10
-270.0
 20
1500.0
 30
0.0
 11
-258.52
 21
1240.0
 31
0.0
 70
32
 71
5
  1
<>
100
AcDbAlignedDimension
 13
-270.0
 23
1500.0
 33
0.0
 14
-270.0
 24
980.0
 34
0.0
 50
90.0
100
AcDbRotatedDimension
  0
DIMENSION
  5
4F0
330
17
100
AcDbEntity
  8
M-GOST-DISOLCU
100
AcDbDimension
280
0
  2
*D35
  3
MIMARI-1-100
 10
-270.0
 20
980.0
 30
0.0
 11
-258.52
 21
740.0
 31
0.0
 70
32
 71
5
  1
<>
100
AcDbAlignedDimension
 13
-270.0
 23
980.0
 33
0.0
 14
-270.0
 24
500.0
 34
0.0
 50
90.0
100
AcDbRotatedDimension
  0
DIMENSION
  5
4FF
330
17
100
AcDbEntity
  8
M-GOST-DISOLCU
100
AcDbDimension
280
0
  2
*D36
  3
MIMARI-1-100
 10
-270.0
 20
500.0
 30
0.0
 11
-258.52
 21
250.0
 31
0.0
 70
32
 71
5
  1
<>
100
AcDbAlignedDimension
 13
-270.0
 23
500.0
 33
0.0
 14
-270.0
 24
0.0
 34
0.0
 50
90.0
100
AcDbRotatedDimension
  0
DIMENSION
  5
50E
330
17
100
AcDbEntity
  8
M-GOST-DISOLCU
100
AcDbDimension
280
0
  2
*D37
  3
MIMARI-1-100
 10
-330.0
 20
1500.0
 30
0.0
 11
-318.52
 21
750.0
 31
0.0
 70
32
 71
5
  1
<>
100
AcDbAlignedDimension
 13
-330.0
 23
1500.0
 33
0.0
 14
-330.0
 24
0.0
 34
0.0
 50
90.0
100
AcDbRotatedDimension
  0
LINE
  5
51D
330
17
100
AcDbEntity
  8
M-GOST-AKS
100
AcDbLine
 10
-350.0
 20
1500.0
 30
0.0
 11
2350.0
 21
1500.0
 31
0.0
  0
CIRCLE
  5
51E
330
17
100
AcDbEntity
  8
M-GOST-AKSPOZ
100
AcDbCircle
 10
-390.0
 20
1500.0
 30
0.0
 40
32.0
  0
TEXT
  5
51F
330
17
100
AcDbEntity
  8
M-GOST-AKSPOZ
100
AcDbText
 10
-390.0
 20
1488.0
 30
0.0
 40
23.04
  1
A
  7
YAZI-KALIN
 72
1
 11
-390.0
 21
1488.0
 31
0.0
100
AcDbText
  0
LINE
  5
520
330
17
100
AcDbEntity
  8
M-GOST-AKS
100
AcDbLine
 10
-350.0
 20
980.0
 30
0.0
 11
2350.0
 21
980.0
 31
0.0
  0
CIRCLE
  5
521
330
17
100
AcDbEntity
  8
M-GOST-AKSPOZ
100
AcDbCircle
 10
-390.0
 20
980.0
 30
0.0
 40
32.0
  0
TEXT
  5
522
330
17
100
AcDbEntity
  8
M-GOST-AKSPOZ
100
AcDbText
 10
-390.0
 20
968.0
 30
0.0
 40
23.04
  1
B
  7
YAZI-KALIN
 72
1
 11
-390.0
 21
968.0
 31
0.0
100
AcDbText
  0
LINE
  5
523
330
17
100
AcDbEntity
  8
M-GOST-AKS
100
AcDbLine
 10
-350.0
 20
500.0
 30
0.0
 11
2350.0
 21
500.0
 31
0.0
  0
CIRCLE
  5
524
330
17
100
AcDbEntity
  8
M-GOST-AKSPOZ
100
AcDbCircle
 10
-390.0
 20
500.0
 30
0.0
 40
32.0
  0
TEXT
  5
525
330
17
100
AcDbEntity
  8
M-GOST-AKSPOZ
100
AcDbText
 10
-390.0
 20
488.0000000000001
 30
0.0
 40
23.04
  1
C
  7
YAZI-KALIN
 72
1
 11
-390.0
 21
488.0000000000001
 31
0.0
100
AcDbText
  0
LINE
  5
526
330
17
100
AcDbEntity
  8
M-GOST-AKS
100
AcDbLine
 10
-350.0
 20
0.0
 30
0.0
 11
2350.0
 21
0.0
 31
0.0
  0
CIRCLE
  5
527
330
17
100
AcDbEntity
  8
M-GOST-AKSPOZ
100
AcDbCircle
 10
-390.0
 20
0.0
 30
0.0
 40
32.0
  0
TEXT
  5
528
330
17
100
AcDbEntity
  8
M-GOST-AKSPOZ
100
AcDbText
 10
-390.0
 20
-12.0
 30
0.0
 40
23.04
  1
D
  7
YAZI-KALIN
 72
1
 11
-390.0
 21
-12.0
 31
0.0
100
AcDbText
  0
DIMENSION
  5
529
330
17
100
AcDbEntity
  8
M-GOST-DISOLCU
100
AcDbDimension
280
0
  2
*D38
  3
MIMARI-1-100
 10
2210.0
 20
1500.0
 30
0.0
 11
2221.48
 21
1380.0
 31
0.0
 70
32
 71
5
  1
<>
100
AcDbAlignedDimension
 13
2210.0
 23
1500.0
 33
0.0
 14
2210.0
 24
1260.0
 34
0.0
 50
90.0
100
AcDbRotatedDimension
  0
DIMENSION
  5
538
330
17
100
AcDbEntity
  8
M-GOST-DISOLCU
100
AcDbDimension
280
0
  2
*D39
  3
MIMARI-1-100
 10
2210.0
 20
1260.0
 30
0.0
 11
2221.48
 21
1210.0
 31
0.0
 70
32
 71
5
  1
<>
100
AcDbAlignedDimension
 13
2210.0
 23
1260.0
 33
0.0
 14
2210.0
 24
1160.0
 34
0.0
 50
90.0
100
AcDbRotatedDimension
  0
DIMENSION
  5
547
330
17
100
AcDbEntity
  8
M-GOST-DISOLCU
100
AcDbDimension
280
0
  2
*D40
  3
MIMARI-1-100
 10
2210.0
 20
1160.0
 30
0.0
 11
2221.48
 21
1002.5
 31
0.0
 70
32
 71
5
  1
<>
100
AcDbAlignedDimension
 13
2210.0
 23
1160.0
 33
0.0
 14
2210.0
 24
845.0
 34
0.0
 50
90.0
100
AcDbRotatedDimension
  0
DIMENSION
  5
556
330
17
100
AcDbEntity
  8
M-GOST-DISOLCU
100
AcDbDimension
280
0
  2
*D41
  3
MIMARI-1-100
 10
2210.0
 20
845.0
 30
0.0
 11
2221.48
 21
800.0
 31
0.0
 70
32
 71
5
  1
<>
100
AcDbAlignedDimension
 13
2210.0
 23
845.0
 33
0.0
 14
2210.0
 24
755.0
 34
0.0
 50
90.0
100
AcDbRotatedDimension
  0
DIMENSION
  5
565
330
17
100
AcDbEntity
  8
M-GOST-DISOLCU
100
AcDbDimension
280
0
  2
*D42
  3
MIMARI-1-100
 10
2210.0
 20
755.0
 30
0.0
 11
2221.48
 21
737.5
 31
0.0
 70
32
 71
5
  1
<>
100
AcDbAlignedDimension
 13
2210.0
 23
755.0
 33
0.0
 14
2210.0
 24
720.0
 34
0.0
 50
90.0
100
AcDbRotatedDimension
  0
DIMENSION
  5
574
330
17
100
AcDbEntity
  8
M-GOST-DISOLCU
100
AcDbDimension
280
0
  2
*D43
  3
MIMARI-1-100
 10
2210.0
 20
720.0
 30
0.0
 11
2221.48
 21
630.0
 31
0.0
 70
32
 71
5
  1
<>
100
AcDbAlignedDimension
 13
2210.0
 23
720.0
 33
0.0
 14
2210.0
 24
540.0
 34
0.0
 50
90.0
100
AcDbRotatedDimension
  0
DIMENSION
  5
583
330
17
100
AcDbEntity
  8
M-GOST-DISOLCU
100
AcDbDimension
280
0
  2
*D44
  3
MIMARI-1-100
 10
2210.0
 20
540.0
 30
0.0
 11
2221.48
 21
480.0
 31
0.0
 70
32
 71
5
  1
<>
100
AcDbAlignedDimension
 13
2210.0
 23
540.0
 33
0.0
 14
2210.0
 24
420.0
 34
0.0
 50
90.0
100
AcDbRotatedDimension
  0
DIMENSION
  5
592
330
17
100
AcDbEntity
  8
M-GOST-DISOLCU
100
AcDbDimension
280
0
  2
*D45
  3
MIMARI-1-100
 10
2210.0
 20
420.0
 30
0.0
 11
2221.48
 21
260.0
 31
0.0
 70
32
 71
5
  1
<>
100
AcDbAlignedDimension
 13
2210.0
 23
420.0
 33
0.0
 14
2210.0
 24
100.0
 34
0.0
 50
90.0
100
AcDbRotatedDimension
  0
DIMENSION
  5
5A1
330
17
100
AcDbEntity
  8
M-GOST-DISOLCU
100
AcDbDimension
280
0
  2
*D46
  3
MIMARI-1-100
 10
2210.0
 20
100.0
 30
0.0
 11
2221.48
 21
50.0
 31
0.0
 70
32
 71
5
  1
<>
100
AcDbAlignedDimension
 13
2210.0
 23
100.0
 33
0.0
 14
2210.0
 24
0.0
 34
0.0
 50
90.0
100
AcDbRotatedDimension
  0
DIMENSION
  5
5B0
330
17
100
AcDbEntity
  8
M-GOST-DISOLCU
100
AcDbDimension
280
0
  2
*D47
  3
MIMARI-1-100
 10
2270.0
 20
1500.0
 30
0.0
 11
2281.48
 21
1240.0
 31
0.0
 70
32
 71
5
  1
<>
100
AcDbAlignedDimension
 13
2270.0
 23
1500.0
 33
0.0
 14
2270.0
 24
980.0
 34
0.0
 50
90.0
100
AcDbRotatedDimension
  0
DIMENSION
  5
5BF
330
17
100
AcDbEntity
  8
M-GOST-DISOLCU
100
AcDbDimension
280
0
  2
*D48
  3
MIMARI-1-100
 10
2270.0
 20
980.0
 30
0.0
 11
2281.48
 21
740.0
 31
0.0
 70
32
 71
5
  1
<>
100
AcDbAlignedDimension
 13
2270.0
 23
980.0
 33
0.0
 14
2270.0
 24
500.0
 34
0.0
 50
90.0
100
AcDbRotatedDimension
  0
DIMENSION
  5
5CE
330
17
100
AcDbEntity
  8
M-GOST-DISOLCU
100
AcDbDimension
280
0
  2
*D49
  3
MIMARI-1-100
 10
2270.0
 20
500.0
 30
0.0
 11
2281.48
 21
250.0
 31
0.0
 70
32
 71
5
  1
<>
100
AcDbAlignedDimension
 13
2270.0
 23
500.0
 33
0.0
 14
2270.0
 24
0.0
 34
0.0
 50
90.0
100
AcDbRotatedDimension
  0
DIMENSION
  5
5DD
330
17
100
AcDbEntity
  8
M-GOST-DISOLCU
100
AcDbDimension
280
0
  2
*D50
  3
MIMARI-1-100
 10
2330.0
 20
1500.0
 30
0.0
 11
2341.48
 21
750.0
 31
0.0
 70
32
 71
5
  1
<>
100
AcDbAlignedDimension
 13
2330.0
 23
1500.0
 33
0.0
 14
2330.0
 24
0.0
 34
0.0
 50
90.0
100
AcDbRotatedDimension
  0
CIRCLE
  5
5EC
330
17
100
AcDbEntity
  8
M-GOST-AKSPOZ
100
AcDbCircle
 10
2395.0
 20
1500.0
 30
0.0
 40
32.0
  0
TEXT
  5
5ED
330
17
100
AcDbEntity
  8
M-GOST-AKSPOZ
100
AcDbText
 10
2395.0
 20
1488.0
 30
0.0
 40
23.04
  1
A
  7
YAZI-KALIN
 72
1
 11
2395.0
 21
1488.0
 31
0.0
100
AcDbText
  0
CIRCLE
  5
5EE
330
17
100
AcDbEntity
  8
M-GOST-AKSPOZ
100
AcDbCircle
 10
2395.0
 20
980.0
 30
0.0
 40
32.0
  0
TEXT
  5
5EF
330
17
100
AcDbEntity
  8
M-GOST-AKSPOZ
100
AcDbText
 10
2395.0
 20
968.0
 30
0.0
 40
23.04
  1
B
  7
YAZI-KALIN
 72
1
 11
2395.0
 21
968.0
 31
0.0
100
AcDbText
  0
CIRCLE
  5
5F0
330
17
100
AcDbEntity
  8
M-GOST-AKSPOZ
100
AcDbCircle
 10
2395.0
 20
500.0
 30
0.0
 40
32.0
  0
TEXT
  5
5F1
330
17
100
AcDbEntity
  8
M-GOST-AKSPOZ
100
AcDbText
 10
2395.0
 20
488.0000000000001
 30
0.0
 40
23.04
  1
C
  7
YAZI-KALIN
 72
1
 11
2395.0
 21
488.0000000000001
 31
0.0
100
AcDbText
  0
CIRCLE
  5
5F2
330
17
100
AcDbEntity
  8
M-GOST-AKSPOZ
100
AcDbCircle
 10
2395.0
 20
0.0
 30
0.0
 40
32.0
  0
TEXT
  5
5F3
330
17
100
AcDbEntity
  8
M-GOST-AKSPOZ
100
AcDbText
 10
2395.0
 20
-12.0
 30
0.0
 40
23.04
  1
D
  7
YAZI-KALIN
 72
1
 11
2395.0
 21
-12.0
 31
0.0
100
AcDbText
  0
DIMENSION
  5
5F5
330
17
100
AcDbEntity
  8
M-GOST-ICOLCU
100
AcDbDimension
280
0
  2
*D51
  3
MIMARI-1-100
 10
0.0
 20
270.0
 30
0.0
 11
17.5
 21
281.48
 31
0.0
 70
32
 71
5
  1
<>
100
AcDbAlignedDimension
 13
0.0
 23
270.0
 33
0.0
 14
35.0
 24
270.0
 34
0.0
 50
0.0
100
AcDbRotatedDimension
  0
DIMENSION
  5
604
330
17
100
AcDbEntity
  8
M-GOST-ICOLCU
100
AcDbDimension
280
0
  2
*D52
  3
MIMARI-1-100
 10
35.0
 20
270.0
 30
0.0
 11
403.75
 21
281.48
 31
0.0
 70
32
 71
5
  1
<>
100
AcDbAlignedDimension
 13
35.0
 23
270.0
 33
0.0
 14
772.5
 24
270.0
 34
0.0
 50
0.0
100
AcDbRotatedDimension
  0
DIMENSION
  5
613
330
17
100
AcDbEntity
  8
M-GOST-ICOLCU
100
AcDbDimension
280
0
  2
*D53
  3
MIMARI-1-100
 10
772.5
 20
270.0
 30
0.0
 11
780.0
 21
293.48
 31
0.0
 70
32
 71
5
  1
<>
100
AcDbAlignedDimension
 13
772.5
 23
270.0
 33
0.0
 14
787.5
 24
270.0
 34
0.0
 50
0.0
100
AcDbRotatedDimension
  0
DIMENSION
  5
622
330
17
100
AcDbEntity
  8
M-GOST-ICOLCU
100
AcDbDimension
280
0
  2
*D54
  3
MIMARI-1-100
 10
787.5
 20
270.0
 30
0.0
 11
1020.0
 21
281.48
 31
0.0
 70
32
 71
5
  1
<>
100
AcDbAlignedDimension
 13
787.5
 23
270.0
 33
0.0
 14
1252.5
 24
270.0
 34
0.0
 50
0.0
100
AcDbRotatedDimension
  0
DIMENSION
  5
631
330
17
100
AcDbEntity
  8
M-GOST-ICOLCU
100
AcDbDimension
280
0
  2
*D55
  3
MIMARI-1-100
 10
1252.5
 20
270.0
 30
0.0
 11
1260.0
 21
293.48
 31
0.0
 70
32
 71
5
  1
<>
100
AcDbAlignedDimension
 13
1252.5
 23
270.0
 33
0.0
 14
1267.5
 24
270.0
 34
0.0
 50
0.0
100
AcDbRotatedDimension
  0
DIMENSION
  5
640
330
17
100
AcDbEntity
  8
M-GOST-ICOLCU
100
AcDbDimension
280
0
  2
*D56
  3
MIMARI-1-100
 10
1267.5
 20
270.0
 30
0.0
 11
1616.25
 21
281.48
 31
0.0
 70
32
 71
5
  1
<>
100
AcDbAlignedDimension
 13
1267.5
 23
270.0
 33
0.0
 14
1965.0
 24
270.0
 34
0.0
 50
0.0
100
AcDbRotatedDimension
  0
DIMENSION
  5
64F
330
17
100
AcDbEntity
  8
M-GOST-ICOLCU
100
AcDbDimension
280
0
  2
*D57
  3
MIMARI-1-100
 10
1965.0
 20
270.0
 30
0.0
 11
1982.5
 21
281.48
 31
0.0
 70
32
 71
5
  1
<>
100
AcDbAlignedDimension
 13
1965.0
 23
270.0
 33
0.0
 14
2000.0
 24
270.0
 34
0.0
 50
0.0
100
AcDbRotatedDimension
  0
DIMENSION
  5
65E
330
17
100
AcDbEntity
  8
M-GOST-ICOLCU
100
AcDbDimension
280
0
  2
*D58
  3
MIMARI-1-100
 10
300.0
 20
1500.0
 30
0.0
 11
311.48
 21
1482.5
 31
0.0
 70
32
 71
5
  1
<>
100
AcDbAlignedDimension
 13
300.0
 23
1500.0
 33
0.0
 14
300.0
 24
1465.0
 34
0.0
 50
90.0
100
AcDbRotatedDimension
  0
DIMENSION
  5
66D
330
17
100
AcDbEntity
  8
M-GOST-ICOLCU
100
AcDbDimension
280
0
  2
*D59
  3
MIMARI-1-100
 10
300.0
 20
1465.0
 30
0.0
 11
311.48
 21
1226.25
 31
0.0
 70
32
 71
5
  1
<>
100
AcDbAlignedDimension
 13
300.0
 23
1465.0
 33
0.0
 14
300.0
 24
987.5
 34
0.0
 50
90.0
100
AcDbRotatedDimension
  0
DIMENSION
  5
67C
330
17
100
AcDbEntity
  8
M-GOST-ICOLCU
100
AcDbDimension
280
0
  2
*D60
  3
MIMARI-1-100
 10
300.0
 20
987.5
 30
0.0
 11
323.48
 21
980.0
 31
0.0
 70
32
 71
5
  1
<>
100
AcDbAlignedDimension
 13
300.0
 23
987.5
 33
0.0
 14
300.0
 24
972.5
 34
0.0
 50
90.0
100
AcDbRotatedDimension
  0
DIMENSION
  5
68B
330
17
100
AcDbEntity
  8
M-GOST-ICOLCU
100
AcDbDimension
280
0
  2
*D61
  3
MIMARI-1-100
 10
300.0
 20
972.5
 30
0.0
 11
311.48
 21
503.75
 31
0.0
 70
32
 71
5
  1
<>
100
AcDbAlignedDimension
 13
300.0
 23
972.5
 33
0.0
 14
300.0
 24
35.0
 34
0.0
 50
90.0
100
AcDbRotatedDimension
  0
DIMENSION
  5
69A
330
17
100
AcDbEntity
  8
M-GOST-ICOLCU
100
AcDbDimension
280
0
  2
*D62
  3
MIMARI-1-100
 10
300.0
 20
35.0
 30
0.0
 11
311.48
 21
17.5
 31
0.0
 70
32
 71
5
  1
<>
100
AcDbAlignedDimension
 13
300.0
 23
35.0
 33
0.0
 14
300.0
 24
0.0
 34
0.0
 50
90.0
100
AcDbRotatedDimension
  0
LINE
  5
6AA
330
17
100
AcDbEntity
  8
M-GOST-KESITHATTI
100
AcDbLine
 10
920.0
 20
2100.0
 30
0.0
 11
920.0
 21
2010.0
 31
0.0
  0
LINE
  5
6AB
330
17
100
AcDbEntity
  8
M-GOST-KESITHATTI
100
AcDbLine
 10
920.0
 20
-280.0
 30
0.0
 11
920.0
 21
-370.0
 31
0.0
  0
LINE
  5
6AC
330
17
100
AcDbEntity
  8
M-GOST-KESITHATTI
100
AcDbLine
 10
920.0
 20
2010.0
 30
0.0
 11
920.0
 21
-280.0
 31
0.0
  0
HATCH
  5
6AD
330
17
100
AcDbEntity
  8
M-GOST-KESITHATTI
100
AcDbHatch
 10
0.0
 20
0.0
 30
0.0
210
0.0
220
0.0
230
1.0
  2
SOLID
 70
1
 71
0
 91
1
 92
3
 72
0
 73
1
 93
3
 10
920.0
 20
2118.0
 10
965.0
 20
2100.0
 10
920.0
 20
2082.0
 97
0
 75
1
 76
1
 98
0
  0
TEXT
  5
6AE
330
17
100
AcDbEntity
  8
M-GOST-KESITHATTI
100
AcDbText
 10
901.9999999999999
 20
2088.0
 30
0.0
 40
25.92
  1
A
  7
YAZI-KALIN
 72
2
 11
901.9999999999999
 21
2088.0
 31
0.0
100
AcDbText
  0
HATCH
  5
6AF
330
17
100
AcDbEntity
  8
M-GOST-KESITHATTI
100
AcDbHatch
 10
0.0
 20
0.0
 30
0.0
210
0.0
220
0.0
230
1.0
  2
SOLID
 70
1
 71
0
 91
1
 92
3
 72
0
 73
1
 93
3
 10
920.0
 20
-352.0
 10
965.0
 20
-370.0
 10
920.0
 20
-388.0
 97
0
 75
1
 76
1
 98
0
  0
TEXT
  5
6B0
330
17
100
AcDbEntity
  8
M-GOST-KESITHATTI
100
AcDbText
 10
901.9999999999999
 20
-382.0
 30
0.0
 40
25.92
  1
A
  7
YAZI-KALIN
 72
2
 11
901.9999999999999
 21
-382.0
 31
0.0
100
AcDbText
  0
LINE
  5
6B1
330
17
100
AcDbEntity
  8
M-GOST-KESITHATTI
100
AcDbLine
 10
-500.0
 20
270.0
 30
0.0
 11
-410.0
 21
270.0
 31
0.0
  0
LINE
  5
6B2
330
17
100
AcDbEntity
  8
M-GOST-KESITHATTI
100
AcDbLine
 10
2410.0
 20
270.0
 30
0.0
 11
2500.0
 21
270.0
 31
0.0
  0
LINE
  5
6B3
330
17
100
AcDbEntity
  8
M-GOST-KESITHATTI
100
AcDbLine
 10
-410.0
 20
270.0
 30
0.0
 11
2410.0
 21
270.0
 31
0.0
  0
HATCH
  5
6B4
330
17
100
AcDbEntity
  8
M-GOST-KESITHATTI
100
AcDbHatch
 10
0.0
 20
0.0
 30
0.0
210
0.0
220
0.0
230
1.0
  2
SOLID
 70
1
 71
0
 91
1
 92
3
 72
0
 73
1
 93
3
 10
-518.0
 20
270.0
 10
-500.0
 20
315.0
 10
-482.0
 20
270.0
 97
0
 75
1
 76
1
 98
0
  0
TEXT
  5
6B5
330
17
100
AcDbEntity
  8
M-GOST-KESITHATTI
100
AcDbText
 10
-488.0
 20
228.0
 30
0.0
 40
25.92
  1
B
  7
YAZI-KALIN
 72
1
 11
-488.0
 21
228.0
 31
0.0
100
AcDbText
  0
HATCH
  5
6B6
330
17
100
AcDbEntity
  8
M-GOST-KESITHATTI
100
AcDbHatch
 10
0.0
 20
0.0
 30
0.0
210
0.0
220
0.0
230
1.0
  2
SOLID
 70
1
 71
0
 91
1
 92
3
 72
0
 73
1
 93
3
 10
2482.0
 20
270.0
 10
2500.0
 20
315.0
 10
2518.0
 20
270.0
 97
0
 75
1
 76
1
 98
0
  0
TEXT
  5
6B7
330
17
100
AcDbEntity
  8
M-GOST-KESITHATTI
100
AcDbText
 10
2512.0
 20
228.0
 30
0.0
 40
25.92
  1
B
  7
YAZI-KALIN
 72
1
 11
2512.0
 21
228.0
 31
0.0
100
AcDbText
  0
VIEWPORT
  5
4F
330
1B
100
AcDbEntity
 67
1
  8
VIEWPORTS
100
AcDbViewport
 10
210.0
 20
148.5
 30
0.0
 40
462.00000000000006
 41
326.70000000000005
 68
1
 69
1
 12
210.0
 22
148.5
 13
0.0
 23
0.0
 14
10.0
 24
10.0
 15
10.0
 25
10.0
 16
0.0
 26
0.0
 36
1.0
 17
0.0
 27
0.0
 37
0.0
 42
50.0
 43
0.0
 44
0.0
 45
326.70000000000005
 50
0.0
 51
0.0
 72
100
 90
557088
  1

281
0
 71
0
 74
0
110
0.0
120
0.0
130
0.0
111
1.0
121
0.0
131
0.0
112
0.0
122
1.0
132
0.0
 79
0
146
0.0
282
0
  0
TEXT
  5
6B9
330
1B
100
AcDbEntity
 67
1
  8
M-GOST-ANTETYAZI
100
AcDbText
 10
24.0
 20
18.0
 30
0.0
 40
2.7359999999999998
  1
ZEMİN KAT PLANI · Ö: 1/100
  7
YAZI-KALIN
 11
24.0
 21
18.0
 31
0.0
100
AcDbText
  0
TEXT
  5
6BA
330
1B
100
AcDbEntity
 67
1
  8
M-GOST-ANTETYAZI
100
AcDbText
 10
24.0
 20
13.0
 30
0.0
 40
1.656
  1
Döşeme kotu %%p0.00 · Net kullanım alanı 246,30 m² · Brüt 300,00 m²
  7
YAZI
 11
24.0
 21
13.0
 31
0.0
100
AcDbText
  0
HATCH
  5
6BB
330
1B
100
AcDbEntity
 67
1
  8
M-GOST-ANTETYAZI
100
AcDbHatch
 10
0.0
 20
0.0
 30
0.0
210
0.0
220
0.0
230
1.0
  2
SOLID
 70
1
 71
0
 91
1
 92
3
 72
0
 73
1
 93
4
 10
230.0
 20
18.19999999999999
 10
240.0
 20
18.19999999999999
 10
240.0
 20
17.0
 10
230.0
 20
17.0
 97
0
 75
1
 76
1
 98
0
  0
LWPOLYLINE
  5
6BC
330
1B
100
AcDbEntity
 67
1
  8
M-GOST-ANTETYAZI
100
AcDbPolyline
 90
4
 70
1
 10
230.0
 20
18.19999999999999
 10
240.0
 20
18.19999999999999
 10
240.0
 20
17.0
 10
230.0
 20
17.0
  0
TEXT
  5
6BD
330
1B
100
AcDbEntity
 67
1
  8
M-GOST-ANTETYAZI
100
AcDbText
 10
230.0
 20
14.399999999999977
 30
0.0
 40
1.224
  1
0
  7
YAZI
 72
1
 11
230.0
 21
14.399999999999977
 31
0.0
100
AcDbText
  0
LWPOLYLINE
  5
6BE
330
1B
100
AcDbEntity
 67
1
  8
M-GOST-ANTETYAZI
100
AcDbPolyline
 90
4
 70
1
 10
240.0
 20
18.19999999999999
 10
250.0
 20
18.19999999999999
 10
250.0
 20
17.0
 10
240.0
 20
17.0
  0
TEXT
  5
6BF
330
1B
100
AcDbEntity
 67
1
  8
M-GOST-ANTETYAZI
100
AcDbText
 10
240.0
 20
14.399999999999977
 30
0.0
 40
1.224
  1
1
  7
YAZI
 72
1
 11
240.0
 21
14.399999999999977
 31
0.0
100
AcDbText
  0
HATCH
  5
6C0
330
1B
100
AcDbEntity
 67
1
  8
M-GOST-ANTETYAZI
100
AcDbHatch
 10
0.0
 20
0.0
 30
0.0
210
0.0
220
0.0
230
1.0
  2
SOLID
 70
1
 71
0
 91
1
 92
3
 72
0
 73
1
 93
4
 10
250.0
 20
18.19999999999999
 10
260.0
 20
18.19999999999999
 10
260.0
 20
17.0
 10
250.0
 20
17.0
 97
0
 75
1
 76
1
 98
0
  0
LWPOLYLINE
  5
6C1
330
1B
100
AcDbEntity
 67
1
  8
M-GOST-ANTETYAZI
100
AcDbPolyline
 90
4
 70
1
 10
250.0
 20
18.19999999999999
 10
260.0
 20
18.19999999999999
 10
260.0
 20
17.0
 10
250.0
 20
17.0
  0
TEXT
  5
6C2
330
1B
100
AcDbEntity
 67
1
  8
M-GOST-ANTETYAZI
100
AcDbText
 10
250.0
 20
14.399999999999977
 30
0.0
 40
1.224
  1
2
  7
YAZI
 72
1
 11
250.0
 21
14.399999999999977
 31
0.0
100
AcDbText
  0
LWPOLYLINE
  5
6C3
330
1B
100
AcDbEntity
 67
1
  8
M-GOST-ANTETYAZI
100
AcDbPolyline
 90
4
 70
1
 10
260.0
 20
18.19999999999999
 10
270.0
 20
18.19999999999999
 10
270.0
 20
17.0
 10
260.0
 20
17.0
  0
TEXT
  5
6C4
330
1B
100
AcDbEntity
 67
1
  8
M-GOST-ANTETYAZI
100
AcDbText
 10
260.0
 20
14.399999999999977
 30
0.0
 40
1.224
  1
3
  7
YAZI
 72
1
 11
260.0
 21
14.399999999999977
 31
0.0
100
AcDbText
  0
HATCH
  5
6C5
330
1B
100
AcDbEntity
 67
1
  8
M-GOST-ANTETYAZI
100
AcDbHatch
 10
0.0
 20
0.0
 30
0.0
210
0.0
220
0.0
230
1.0
  2
SOLID
 70
1
 71
0
 91
1
 92
3
 72
0
 73
1
 93
4
 10
270.0
 20
18.19999999999999
 10
280.0
 20
18.19999999999999
 10
280.0
 20
17.0
 10
270.0
 20
17.0
 97
0
 75
1
 76
1
 98
0
  0
LWPOLYLINE
  5
6C6
330
1B
100
AcDbEntity
 67
1
  8
M-GOST-ANTETYAZI
100
AcDbPolyline
 90
4
 70
1
 10
270.0
 20
18.19999999999999
 10
280.0
 20
18.19999999999999
 10
280.0
 20
17.0
 10
270.0
 20
17.0
  0
TEXT
  5
6C7
330
1B
100
AcDbEntity
 67
1
  8
M-GOST-ANTETYAZI
100
AcDbText
 10
270.0
 20
14.399999999999977
 30
0.0
 40
1.224
  1
4
  7
YAZI
 72
1
 11
270.0
 21
14.399999999999977
 31
0.0
100
AcDbText
  0
TEXT
  5
6C8
330
1B
100
AcDbEntity
 67
1
  8
M-GOST-ANTETYAZI
100
AcDbText
 10
280.0
 20
14.399999999999977
 30
0.0
 40
1.224
  1
5 m
  7
YAZI
 72
1
 11
280.0
 21
14.399999999999977
 31
0.0
100
AcDbText
  0
LWPOLYLINE
  5
6CA
330
1B
100
AcDbEntity
 67
1
  8
M-GOST-ANTET
100
AcDbPolyline
 90
4
 70
1
 10
10.0
 20
287.0
 10
410.0
 20
287.0
 10
410.0
 20
10.0
 10
10.0
 20
10.0
  0
LWPOLYLINE
  5
6CB
330
1B
100
AcDbEntity
 67
1
  8
M-GOST-ANTET
100
AcDbPolyline
 90
4
 70
1
 10
318.0
 20
287.0
 10
410.0
 20
287.0
 10
410.0
 20
10.0
 10
318.0
 20
10.0
  0
TEXT
  5
6CC
330
1B
100
AcDbEntity
 67
1
  8
M-GOST-ANTETYAZI
100
AcDbText
 10
322.0
 20
278.0
 30
0.0
 40
3.7439999999999998
  1
DURUNDAY VİLLA
  7
YAZI-KALIN
 11
322.0
 21
278.0
 31
0.0
100
AcDbText
  0
TEXT
  5
6CD
330
1B
100
AcDbEntity
 67
1
  8
M-GOST-ANTETYAZI
100
AcDbText
 10
322.0
 20
272.5
 30
0.0
 40
1.8719999999999999
  1
Konya · Meram · Durunday
  7
YAZI
 11
322.0
 21
272.5
 31
0.0
100
AcDbText
  0
TEXT
  5
6CE
330
1B
100
AcDbEntity
 67
1
  8
M-GOST-ANTETYAZI
100
AcDbText
 10
322.0
 20
268.0
 30
0.0
 40
1.656
  1
Bodrumlu dubleks müstakil konut · 300 m² oturum
  7
YAZI
 11
322.0
 21
268.0
 31
0.0
100
AcDbText
  0
LINE
  5
6CF
330
1B
100
AcDbEntity
 67
1
  8
M-GOST-ANTET
100
AcDbLine
 10
318.0
 20
264.0
 30
0.0
 11
410.0
 21
264.0
 31
0.0
  0
TEXT
  5
6D0
330
1B
100
AcDbEntity
 67
1
  8
M-GOST-ANTETYAZI
100
AcDbText
 10
322.0
 20
258.5
 30
0.0
 40
2.016
  1
MİMARİ ÖN PROJE (AVAN)
  7
YAZI-KALIN
 11
322.0
 21
258.5
 31
0.0
100
AcDbText
  0
TEXT
  5
6D1
330
1B
100
AcDbEntity
 67
1
  8
M-GOST-ANTETYAZI
100
AcDbText
 10
322.0
 20
254.2
 30
0.0
 40
1.512
  1
Ruhsat ve uygulamaya esas değildir
  7
YAZI
 11
322.0
 21
254.2
 31
0.0
100
AcDbText
  0
LINE
  5
6D2
330
1B
100
AcDbEntity
 67
1
  8
M-GOST-ANTET
100
AcDbLine
 10
318.0
 20
251.0
 30
0.0
 11
410.0
 21
251.0
 31
0.0
  0
TEXT
  5
6D3
330
1B
100
AcDbEntity
 67
1
  8
M-GOST-ANTETYAZI
100
AcDbText
 10
322.0
 20
246.0
 30
0.0
 40
1.584
  1
LEJANT
  7
YAZI-KALIN
 11
322.0
 21
246.0
 31
0.0
100
AcDbText
  0
HATCH
  5
6D5
330
1B
100
AcDbEntity
 67
1
  8
M-GOST-LEJANT
100
AcDbHatch
 10
0.0
 20
0.0
 30
0.0
210
0.0
220
0.0
230
1.0
  2
SOLID
 70
1
 71
0
 91
1
 92
3
 72
0
 73
1
 93
4
 10
322.0
 20
245.0
 10
331.0
 20
245.0
 10
331.0
 20
242.4
 10
322.0
 20
242.4
 97
0
 75
1
 76
1
 98
0
  0
TEXT
  5
6D6
330
1B
100
AcDbEntity
 67
1
  8
M-GOST-ANTETYAZI
100
AcDbText
 10
333.0
 20
242.8
 30
0.0
 40
1.44
  1
Betonarme kolon / perde
  7
YAZI
 11
333.0
 21
242.8
 31
0.0
100
AcDbText
  0
HATCH
  5
6D7
330
1B
100
AcDbEntity
 67
1
  8
M-GOST-LEJANT
 62
7
100
AcDbHatch
 10
0.0
 20
0.0
 30
0.0
210
0.0
220
0.0
230
1.0
  2
ANSI31
 70
0
 71
0
 91
1
 92
3
 72
0
 73
1
 93
4
 10
322.0
 20
241.4
 10
331.0
 20
241.4
 10
331.0
 20
238.8
 10
322.0
 20
238.8
 97
0
 75
1
 76
1
 52
0.0
 41
0.6
 77
0
 78
1
 53
45.0
 43
0.0
 44
0.0
 45
-1.3470384182
 46
1.3470384182
 79
0
 98
0
  0
LWPOLYLINE
  5
6D8
330
1B
100
AcDbEntity
 67
1
  8
M-GOST-LEJANT
100
AcDbPolyline
 90
4
 70
1
 10
322.0
 20
241.4
 10
331.0
 20
241.4
 10
331.0
 20
238.8
 10
322.0
 20
238.8
  0
TEXT
  5
6D9
330
1B
100
AcDbEntity
 67
1
  8
M-GOST-ANTETYAZI
100
AcDbText
 10
333.0
 20
239.2
 30
0.0
 40
1.44
  1
Duvar (gazbeton, 25 / 13,5 cm)
  7
YAZI
 11
333.0
 21
239.2
 31
0.0
100
AcDbText
  0
HATCH
  5
6DA
330
1B
100
AcDbEntity
 67
1
  8
M-GOST-LEJANT
 62
7
100
AcDbHatch
 10
0.0
 20
0.0
 30
0.0
210
0.0
220
0.0
230
1.0
  2
INSUL
 70
0
 71
0
 91
1
 92
3
 72
0
 73
1
 93
4
 10
322.0
 20
237.8
 10
331.0
 20
237.8
 10
331.0
 20
235.2
 10
322.0
 20
235.2
 97
0
 75
1
 76
1
 52
0.0
 41
0.05
 77
0
 78
3
 53
0.0
 43
0.0
 44
0.0
 45
0.0
 46
0.47625
 79
0
 53
0.0
 43
0.0
 44
0.15875
 45
0.0
 46
0.47625
 79
2
 49
0.15875
 49
-0.15875
 53
0.0
 43
0.0
 44
0.3175
 45
0.0
 46
0.47625
 79
2
 49
0.15875
 49
-0.15875
 98
0
  0
LWPOLYLINE
  5
6DB
330
1B
100
AcDbEntity
 67
1
  8
M-GOST-LEJANT
100
AcDbPolyline
 90
4
 70
1
 10
322.0
 20
237.8
 10
331.0
 20
237.8
 10
331.0
 20
235.2
 10
322.0
 20
235.2
  0
TEXT
  5
6DC
330
1B
100
AcDbEntity
 67
1
  8
M-GOST-ANTETYAZI
100
AcDbText
 10
333.0
 20
235.6
 30
0.0
 40
1.44
  1
Isı yalıtımı (taşyünü, 8 cm)
  7
YAZI
 11
333.0
 21
235.6
 31
0.0
100
AcDbText
  0
LINE
  5
6DD
330
1B
100
AcDbEntity
 67
1
  8
M-GOST-LEJANT
100
AcDbLine
 10
322.0
 20
233.3
 30
0.0
 11
331.0
 21
233.3
 31
0.0
  0
LINE
  5
6DE
330
1B
100
AcDbEntity
 67
1
  8
M-GOST-LEJANT
100
AcDbLine
 10
322.0
 20
232.5
 30
0.0
 11
331.0
 21
232.5
 31
0.0
  0
TEXT
  5
6DF
330
1B
100
AcDbEntity
 67
1
  8
M-GOST-ANTETYAZI
100
AcDbText
 10
333.0
 20
232.0
 30
0.0
 40
1.44
  1
Cam korkuluk h=110 cm
  7
YAZI
 11
333.0
 21
232.0
 31
0.0
100
AcDbText
  0
HATCH
  5
6E0
330
1B
100
AcDbEntity
 67
1
  8
M-GOST-LEJANT
 62
7
100
AcDbHatch
 10
0.0
 20
0.0
 30
0.0
210
0.0
220
0.0
230
1.0
  2
NET
 70
0
 71
0
 91
1
 92
3
 72
0
 73
1
 93
4
 10
322.0
 20
230.60000000000002
 10
331.0
 20
230.60000000000002
 10
331.0
 20
228.0
 10
322.0
 20
228.0
 97
0
 75
1
 76
1
 52
0.0
 41
0.8
 77
0
 78
2
 53
0.0
 43
0.0
 44
0.0
 45
0.0
 46
2.54
 79
0
 53
90.0
 43
0.0
 44
0.0
 45
-2.54
 46
0.0
 79
0
 98
0
  0
LWPOLYLINE
  5
6E1
330
1B
100
AcDbEntity
 67
1
  8
M-GOST-LEJANT
100
AcDbPolyline
 90
4
 70
1
 10
322.0
 20
230.60000000000002
 10
331.0
 20
230.60000000000002
 10
331.0
 20
228.0
 10
322.0
 20
228.0
  0
TEXT
  5
6E2
330
1B
100
AcDbEntity
 67
1
  8
M-GOST-ANTETYAZI
100
AcDbText
 10
333.0
 20
228.4
 30
0.0
 40
1.44
  1
Porselen / fayans kaplama
  7
YAZI
 11
333.0
 21
228.4
 31
0.0
100
AcDbText
  0
HATCH
  5
6E3
330
1B
100
AcDbEntity
 67
1
  8
M-GOST-LEJANT
 62
7
100
AcDbHatch
 10
0.0
 20
0.0
 30
0.0
210
0.0
220
0.0
230
1.0
  2
NET
 70
0
 71
0
 91
1
 92
3
 72
0
 73
1
 93
4
 10
322.0
 20
227.0
 10
331.0
 20
227.0
 10
331.0
 20
224.40000000000003
 10
322.0
 20
224.40000000000003
 97
0
 75
1
 76
1
 52
0.0
 41
1.6
 77
0
 78
2
 53
0.0
 43
0.0
 44
0.0
 45
0.0
 46
5.08
 79
0
 53
90.0
 43
0.0
 44
0.0
 45
-5.08
 46
0.0
 79
0
 98
0
  0
LWPOLYLINE
  5
6E4
330
1B
100
AcDbEntity
 67
1
  8
M-GOST-LEJANT
100
AcDbPolyline
 90
4
 70
1
 10
322.0
 20
227.0
 10
331.0
 20
227.0
 10
331.0
 20
224.40000000000003
 10
322.0
 20
224.40000000000003
  0
TEXT
  5
6E5
330
1B
100
AcDbEntity
 67
1
  8
M-GOST-ANTETYAZI
100
AcDbText
 10
333.0
 20
224.8
 30
0.0
 40
1.44
  1
Doğal taş (traverten)
  7
YAZI
 11
333.0
 21
224.8
 31
0.0
100
AcDbText
  0
HATCH
  5
6E6
330
1B
100
AcDbEntity
 67
1
  8
M-GOST-LEJANT
 62
7
100
AcDbHatch
 10
0.0
 20
0.0
 30
0.0
210
0.0
220
0.0
230
1.0
  2
ANSI31
 70
0
 71
0
 91
1
 92
3
 72
0
 73
1
 93
4
 10
322.0
 20
223.40000000000003
 10
331.0
 20
223.40000000000003
 10
331.0
 20
220.8
 10
322.0
 20
220.8
 97
0
 75
1
 76
1
 52
0.0
 41
0.5
 77
0
 78
1
 53
45.0
 43
0.0
 44
0.0
 45
-1.1225320152
 46
1.1225320152
 79
0
 98
0
  0
LWPOLYLINE
  5
6E7
330
1B
100
AcDbEntity
 67
1
  8
M-GOST-LEJANT
100
AcDbPolyline
 90
4
 70
1
 10
322.0
 20
223.40000000000003
 10
331.0
 20
223.40000000000003
 10
331.0
 20
220.8
 10
322.0
 20
220.8
  0
TEXT
  5
6E8
330
1B
100
AcDbEntity
 67
1
  8
M-GOST-ANTETYAZI
100
AcDbText
 10
333.0
 20
221.20000000000002
 30
0.0
 40
1.44
  1
Tesisat şaftı
  7
YAZI
 11
333.0
 21
221.20000000000002
 31
0.0
100
AcDbText
  0
LWPOLYLINE
  5
6E9
330
1B
100
AcDbEntity
 67
1
  8
M-GOST-ANTET
100
AcDbPolyline
 90
3
 70
1
 10
323.9
 20
219.40000000000003
 10
326.1
 20
219.40000000000003
 10
325.0
 20
217.50000000000003
  0
HATCH
  5
6EA
330
1B
100
AcDbEntity
 67
1
  8
M-GOST-ANTET
100
AcDbHatch
 10
0.0
 20
0.0
 30
0.0
210
0.0
220
0.0
230
1.0
  2
SOLID
 70
1
 71
0
 91
1
 92
3
 72
0
 73
1
 93
3
 10
323.9
 20
219.40000000000003
 10
325.0
 20
219.40000000000003
 10
325.0
 20
217.50000000000003
 97
0
 75
1
 76
1
 98
0
  0
TEXT
  5
6EB
330
1B
100
AcDbEntity
 67
1
  8
M-GOST-ANTETYAZI
100
AcDbText
 10
333.0
 20
217.60000000000002
 30
0.0
 40
1.44
  1
Döşeme kotu (m)
  7
YAZI
 11
333.0
 21
217.60000000000002
 31
0.0
100
AcDbText
  0
CIRCLE
  5
6EC
330
1B
100
AcDbEntity
 67
1
  8
M-GOST-LEJANT
100
AcDbCircle
 10
326.5
 20
214.90000000000003
 30
0.0
 40
1.6
  0
TEXT
  5
6ED
330
1B
100
AcDbEntity
 67
1
  8
M-GOST-ANTETYAZI
100
AcDbText
 10
326.5
 20
214.20000000000005
 30
0.0
 40
1.296
  1
1
  7
YAZI
 72
1
 11
326.5
 21
214.20000000000005
 31
0.0
100
AcDbText
  0
TEXT
  5
6EE
330
1B
100
AcDbEntity
 67
1
  8
M-GOST-ANTETYAZI
100
AcDbText
 10
333.0
 20
214.00000000000003
 30
0.0
 40
1.44
  1
Aks balonu
  7
YAZI
 11
333.0
 21
214.00000000000003
 31
0.0
100
AcDbText
  0
TEXT
  5
6EF
330
1B
100
AcDbEntity
 67
1
  8
M-GOST-ANTETYAZI
100
AcDbText
 10
322.0
 20
208.90000000000003
 30
0.0
 40
1.584
  1
NOTLAR
  7
YAZI-KALIN
 11
322.0
 21
208.90000000000003
 31
0.0
100
AcDbText
  0
TEXT
  5
6F0
330
1B
100
AcDbEntity
 67
1
  8
M-GOST-ANTETYAZI
100
AcDbText
 10
322.0
 20
205.50000000000003
 30
0.0
 40
1.404
  1
1. Giriş kotu %%p0.00 = tabii zemin +0.30. Garaj -0.17, teras
  7
YAZI
 11
322.0
 21
205.50000000000003
 31
0.0
100
AcDbText
  0
TEXT
  5
6F1
330
1B
100
AcDbEntity
 67
1
  8
M-GOST-ANTETYAZI
100
AcDbText
 10
322.0
 20
202.8
 30
0.0
 40
1.404
  1
    -0.02; garajdan eve EI30, kendiliğinden kapanan kapı.
  7
YAZI
 11
322.0
 21
202.8
 31
0.0
100
AcDbText
  0
TEXT
  5
6F2
330
1B
100
AcDbEntity
 67
1
  8
M-GOST-ANTETYAZI
100
AcDbText
 10
322.0
 20
199.50000000000003
 30
0.0
 40
1.404
  1
2. Salon–yemek–mutfak açık plandır; güney cephesi kaldır-sür
  7
YAZI
 11
322.0
 21
199.50000000000003
 31
0.0
100
AcDbText
  0
TEXT
  5
6F3
330
1B
100
AcDbEntity
 67
1
  8
M-GOST-ANTETYAZI
100
AcDbText
 10
322.0
 20
196.8
 30
0.0
 40
1.404
  1
    (lift & slide) doğrama ile teras ve pergolaya açılır.
  7
YAZI
 11
322.0
 21
196.8
 31
0.0
100
AcDbText
  0
TEXT
  5
6F4
330
1B
100
AcDbEntity
 67
1
  8
M-GOST-ANTETYAZI
100
AcDbText
 10
322.0
 20
193.50000000000003
 30
0.0
 40
1.404
  1
3. Misafir süiti (oda + banyo + hol) girişe yakın, aile
  7
YAZI
 11
322.0
 21
193.50000000000003
 31
0.0
100
AcDbText
  0
TEXT
  5
6F5
330
1B
100
AcDbEntity
 67
1
  8
M-GOST-ANTETYAZI
100
AcDbText
 10
322.0
 20
190.8
 30
0.0
 40
1.404
  1
    bölümünden bağımsızdır; üst kattaki yatak 2 süitiyle aynı
  7
YAZI
 11
322.0
 21
190.8
 31
0.0
100
AcDbText
  0
TEXT
  5
6F6
330
1B
100
AcDbEntity
 67
1
  8
M-GOST-ANTETYAZI
100
AcDbText
 10
322.0
 20
188.10000000000002
 30
0.0
 40
1.404
  1
    akstadır (ıslak hacimler üst üste).
  7
YAZI
 11
322.0
 21
188.10000000000002
 31
0.0
100
AcDbText
  0
TEXT
  5
6F7
330
1B
100
AcDbEntity
 67
1
  8
M-GOST-ANTETYAZI
100
AcDbText
 10
322.0
 20
184.8
 30
0.0
 40
1.404
  1
4. Servis girişi doğu yan bahçededir: araç yolu → servis
  7
YAZI
 11
322.0
 21
184.8
 31
0.0
100
AcDbText
  0
TEXT
  5
6F8
330
1B
100
AcDbEntity
 67
1
  8
M-GOST-ANTETYAZI
100
AcDbText
 10
322.0
 20
182.10000000000002
 30
0.0
 40
1.404
  1
    kapısı → arka mutfak / kiler. Market alışverişi salondan
  7
YAZI
 11
322.0
 21
182.10000000000002
 31
0.0
100
AcDbText
  0
TEXT
  5
6F9
330
1B
100
AcDbEntity
 67
1
  8
M-GOST-ANTETYAZI
100
AcDbText
 10
322.0
 20
179.40000000000003
 30
0.0
 40
1.404
  1
    geçmeden mutfağa ulaşır.
  7
YAZI
 11
322.0
 21
179.40000000000003
 31
0.0
100
AcDbText
  0
TEXT
  5
6FA
330
1B
100
AcDbEntity
 67
1
  8
M-GOST-ANTETYAZI
100
AcDbText
 10
322.0
 20
176.10000000000002
 30
0.0
 40
1.404
  1
5. Şömine bacası batı cephede dışa taşan taş kaplı kütledir;
  7
YAZI
 11
322.0
 21
176.10000000000002
 31
0.0
100
AcDbText
  0
TEXT
  5
6FB
330
1B
100
AcDbEntity
 67
1
  8
M-GOST-ANTETYAZI
100
AcDbText
 10
322.0
 20
173.40000000000003
 30
0.0
 40
1.404
  1
    çatıdan 1,00 m yükselir.
  7
YAZI
 11
322.0
 21
173.40000000000003
 31
0.0
100
AcDbText
  0
CIRCLE
  5
6FD
330
1B
100
AcDbEntity
 67
1
  8
M-GOST-KUZEYOKU
100
AcDbCircle
 10
398.0
 20
115.0
 30
0.0
 40
6.5
  0
HATCH
  5
6FE
330
1B
100
AcDbEntity
 67
1
  8
M-GOST-KUZEYOKU
100
AcDbHatch
 10
0.0
 20
0.0
 30
0.0
210
0.0
220
0.0
230
1.0
  2
SOLID
 70
1
 71
0
 91
1
 92
3
 72
0
 73
1
 93
4
 10
398.0
 20
123.0
 10
400.2
 20
112.5
 10
398.0
 20
113.80000000000001
 10
395.8
 20
112.5
 97
0
 75
1
 76
1
 98
0
  0
LWPOLYLINE
  5
6FF
330
1B
100
AcDbEntity
 67
1
  8
M-GOST-KUZEYOKU
100
AcDbPolyline
 90
4
 70
1
 10
398.0
 20
123.0
 10
400.2
 20
112.5
 10
398.0
 20
113.80000000000001
 10
395.8
 20
112.5
  0
TEXT
  5
700
330
1B
100
AcDbEntity
 67
1
  8
M-GOST-ANTETYAZI
100
AcDbText
 10
398.0
 20
124.30000000000001
 30
0.0
 40
2.16
  1
K
  7
YAZI-KALIN
 72
1
 11
398.0
 21
124.30000000000001
 31
0.0
100
AcDbText
  0
LINE
  5
701
330
1B
100
AcDbEntity
 67
1
  8
M-GOST-ANTET
100
AcDbLine
 10
318.0
 20
102.0
 30
0.0
 11
410.0
 21
102.0
 31
0.0
  0
TEXT
  5
702
330
1B
100
AcDbEntity
 67
1
  8
M-GOST-ANTETYAZI
100
AcDbText
 10
322.0
 20
97.0
 30
0.0
 40
1.44
  1
REVİZYONLAR
  7
YAZI-KALIN
 11
322.0
 21
97.0
 31
0.0
100
AcDbText
  0
TEXT
  5
703
330
1B
100
AcDbEntity
 67
1
  8
M-GOST-ANTETYAZI
100
AcDbText
 10
322.0
 20
93.0
 30
0.0
 40
1.3679999999999999
  1
R0
  7
YAZI-KALIN
 11
322.0
 21
93.0
 31
0.0
100
AcDbText
  0
TEXT
  5
704
330
1B
100
AcDbEntity
 67
1
  8
M-GOST-ANTETYAZI
100
AcDbText
 10
328.0
 20
93.0
 30
0.0
 40
1.3679999999999999
  1
19.09.2026
  7
YAZI
 11
328.0
 21
93.0
 31
0.0
100
AcDbText
  0
TEXT
  5
705
330
1B
100
AcDbEntity
 67
1
  8
M-GOST-ANTETYAZI
100
AcDbText
 10
345.0
 20
93.0
 30
0.0
 40
1.3679999999999999
  1
İlk yayın
  7
YAZI
 11
345.0
 21
93.0
 31
0.0
100
AcDbText
  0
TEXT
  5
706
330
1B
100
AcDbEntity
 67
1
  8
M-GOST-ANTETYAZI
100
AcDbText
 10
322.0
 20
89.30000000000001
 30
0.0
 40
1.3679999999999999
  1
R1
  7
YAZI-KALIN
 11
322.0
 21
89.30000000000001
 31
0.0
100
AcDbText
  0
TEXT
  5
707
330
1B
100
AcDbEntity
 67
1
  8
M-GOST-ANTETYAZI
100
AcDbText
 10
328.0
 20
89.30000000000001
 30
0.0
 40
1.3679999999999999
  1
21.09.2026
  7
YAZI
 11
328.0
 21
89.30000000000001
 31
0.0
100
AcDbText
  0
TEXT
  5
708
330
1B
100
AcDbEntity
 67
1
  8
M-GOST-ANTETYAZI
100
AcDbText
 10
345.0
 20
89.30000000000001
 30
0.0
 40
1.3679999999999999
  1
Plan kurgusu yeniden düzenlendi; kesit,
  7
YAZI
 11
345.0
 21
89.30000000000001
 31
0.0
100
AcDbText
  0
TEXT
  5
709
330
1B
100
AcDbEntity
 67
1
  8
M-GOST-ANTETYAZI
100
AcDbText
 10
345.0
 20
86.80000000000001
 30
0.0
 40
1.3679999999999999
  1
görünüş, detay ve doğrama listesi eklendi
  7
YAZI
 11
345.0
 21
86.80000000000001
 31
0.0
100
AcDbText
  0
LINE
  5
70A
330
1B
100
AcDbEntity
 67
1
  8
M-GOST-ANTET
100
AcDbLine
 10
318.0
 20
76.0
 30
0.0
 11
410.0
 21
76.0
 31
0.0
  0
TEXT
  5
70B
330
1B
100
AcDbEntity
 67
1
  8
M-GOST-ANTETYAZI
100
AcDbText
 10
322.0
 20
71.0
 30
0.0
 40
1.3679999999999999
  1
İŞ SAHİBİ
  7
YAZI
 11
322.0
 21
71.0
 31
0.0
100
AcDbText
  0
TEXT
  5
70C
330
1B
100
AcDbEntity
 67
1
  8
M-GOST-ANTETYAZI
100
AcDbText
 10
322.0
 20
66.5
 30
0.0
 40
1.728
  1
—
  7
YAZI
 11
322.0
 21
66.5
 31
0.0
100
AcDbText
  0
TEXT
  5
70D
330
1B
100
AcDbEntity
 67
1
  8
M-GOST-ANTETYAZI
100
AcDbText
 10
366.0
 20
71.0
 30
0.0
 40
1.3679999999999999
  1
HAZIRLAYAN
  7
YAZI
 11
366.0
 21
71.0
 31
0.0
100
AcDbText
  0
TEXT
  5
70E
330
1B
100
AcDbEntity
 67
1
  8
M-GOST-ANTETYAZI
100
AcDbText
 10
366.0
 20
66.5
 30
0.0
 40
1.728
  1
E. Ceran
  7
YAZI
 11
366.0
 21
66.5
 31
0.0
100
AcDbText
  0
LINE
  5
70F
330
1B
100
AcDbEntity
 67
1
  8
M-GOST-ANTET
100
AcDbLine
 10
363.0
 20
76.0
 30
0.0
 11
363.0
 21
62.0
 31
0.0
  0
LINE
  5
710
330
1B
100
AcDbEntity
 67
1
  8
M-GOST-ANTET
100
AcDbLine
 10
318.0
 20
62.0
 30
0.0
 11
410.0
 21
62.0
 31
0.0
  0
TEXT
  5
711
330
1B
100
AcDbEntity
 67
1
  8
M-GOST-ANTETYAZI
100
AcDbText
 10
322.0
 20
57.0
 30
0.0
 40
1.3679999999999999
  1
MÜELLİF MİMAR
  7
YAZI
 11
322.0
 21
57.0
 31
0.0
100
AcDbText
  0
TEXT
  5
712
330
1B
100
AcDbEntity
 67
1
  8
M-GOST-ANTETYAZI
100
AcDbText
 10
322.0
 20
52.0
 30
0.0
 40
1.44
  1
(ruhsat aşamasında atanacak)
  7
YAZI
 11
322.0
 21
52.0
 31
0.0
100
AcDbText
  0
TEXT
  5
713
330
1B
100
AcDbEntity
 67
1
  8
M-GOST-ANTETYAZI
100
AcDbText
 10
366.0
 20
57.0
 30
0.0
 40
1.3679999999999999
  1
İMZA
  7
YAZI
 11
366.0
 21
57.0
 31
0.0
100
AcDbText
  0
LINE
  5
714
330
1B
100
AcDbEntity
 67
1
  8
M-GOST-ANTET
100
AcDbLine
 10
363.0
 20
62.0
 30
0.0
 11
363.0
 21
48.0
 31
0.0
  0
LINE
  5
715
330
1B
100
AcDbEntity
 67
1
  8
M-GOST-ANTET
100
AcDbLine
 10
318.0
 20
48.0
 30
0.0
 11
410.0
 21
48.0
 31
0.0
  0
TEXT
  5
716
330
1B
100
AcDbEntity
 67
1
  8
M-GOST-ANTETYAZI
100
AcDbText
 10
322.0
 20
42.0
 30
0.0
 40
1.3679999999999999
  1
PAFTA ADI
  7
YAZI
 11
322.0
 21
42.0
 31
0.0
100
AcDbText
  0
TEXT
  5
717
330
1B
100
AcDbEntity
 67
1
  8
M-GOST-ANTETYAZI
100
AcDbText
 10
322.0
 20
35.0
 30
0.0
 40
3.5999999999999996
  1
ZEMİN KAT PLANI
  7
YAZI-KALIN
 11
322.0
 21
35.0
 31
0.0
100
AcDbText
  0
LINE
  5
718
330
1B
100
AcDbEntity
 67
1
  8
M-GOST-ANTET
100
AcDbLine
 10
318.0
 20
24.0
 30
0.0
 11
410.0
 21
24.0
 31
0.0
  0
TEXT
  5
719
330
1B
100
AcDbEntity
 67
1
  8
M-GOST-ANTETYAZI
100
AcDbText
 10
322.0
 20
19.5
 30
0.0
 40
1.3679999999999999
  1
ÖLÇEK
  7
YAZI
 11
322.0
 21
19.5
 31
0.0
100
AcDbText
  0
TEXT
  5
71A
330
1B
100
AcDbEntity
 67
1
  8
M-GOST-ANTETYAZI
100
AcDbText
 10
322.0
 20
13.5
 30
0.0
 40
2.592
  1
1/100
  7
YAZI-KALIN
 11
322.0
 21
13.5
 31
0.0
100
AcDbText
  0
TEXT
  5
71B
330
1B
100
AcDbEntity
 67
1
  8
M-GOST-ANTETYAZI
100
AcDbText
 10
350.0
 20
19.5
 30
0.0
 40
1.3679999999999999
  1
TARİH
  7
YAZI
 11
350.0
 21
19.5
 31
0.0
100
AcDbText
  0
TEXT
  5
71C
330
1B
100
AcDbEntity
 67
1
  8
M-GOST-ANTETYAZI
100
AcDbText
 10
350.0
 20
13.5
 30
0.0
 40
2.16
  1
21.09.2026
  7
YAZI
 11
350.0
 21
13.5
 31
0.0
100
AcDbText
  0
TEXT
  5
71D
330
1B
100
AcDbEntity
 67
1
  8
M-GOST-ANTETYAZI
100
AcDbText
 10
380.0
 20
19.5
 30
0.0
 40
1.3679999999999999
  1
PAFTA NO
  7
YAZI
 11
380.0
 21
19.5
 31
0.0
100
AcDbText
  0
TEXT
  5
71E
330
1B
100
AcDbEntity
 67
1
  8
M-GOST-ANTETYAZI
100
AcDbText
 10
380.0
 20
13.0
 30
0.0
 40
3.7439999999999998
  1
A-03
  7
YAZI-KALIN
 11
380.0
 21
13.0
 31
0.0
100
AcDbText
  0
LINE
  5
71F
330
1B
100
AcDbEntity
 67
1
  8
M-GOST-ANTET
100
AcDbLine
 10
347.0
 20
24.0
 30
0.0
 11
347.0
 21
10.0
 31
0.0
  0
LINE
  5
720
330
1B
100
AcDbEntity
 67
1
  8
M-GOST-ANTET
100
AcDbLine
 10
377.0
 20
24.0
 30
0.0
 11
377.0
 21
10.0
 31
0.0
  0
VIEWPORT
  5
722
330
1B
100
AcDbEntity
 67
1
  8
M-GOST-VPORT
100
AcDbViewport
 10
163.8
 20
158.25
 30
0.0
 40
306.6
 41
256.5
 68
2
 69
3
 12
1018.0000000000001
 22
852.5
 13
0.0
 23
0.0
 14
10.0
 24
10.0
 15
10.0
 25
10.0
 16
0.0
 26
0.0
 36
1.0
 17
0.0
 27
0.0
 37
0.0
 42
50.0
 43
0.0
 44
0.0
 45
2565.0
 50
0.0
 51
0.0
 72
100
 90
0
  1

281
0
 71
0
 74
0
110
0.0
120
0.0
130
0.0
111
1.0
121
0.0
131
0.0
112
0.0
122
1.0
132
0.0
 79
0
146
0.0
282
0
  0
ENDSEC
  0
SECTION
  2
OBJECTS
  0
DICTIONARY
  5
A
330
0
100
AcDbDictionary
280
0
281
1
  3
ACAD_COLOR
350
B
  3
ACAD_GROUP
350
C
  3
ACAD_LAYOUT
350
D
  3
ACAD_MATERIAL
350
E
  3
ACAD_MLEADERSTYLE
350
F
  3
ACAD_MLINESTYLE
350
10
  3
ACAD_PLOTSETTINGS
350
11
  3
ACAD_PLOTSTYLENAME
350
12
  3
ACAD_SCALELIST
350
14
  3
ACAD_TABLESTYLE
350
15
  3
ACAD_VISUALSTYLE
350
16
  3
EZDXF_META
350
2D
  0
DICTIONARY
  5
B
330
A
100
AcDbDictionary
280
0
281
1
  0
DICTIONARY
  5
C
330
A
100
AcDbDictionary
280
0
281
1
  0
DICTIONARY
  5
D
330
A
100
AcDbDictionary
280
0
281
1
  3
Model
350
1A
  3
A-03 ZEMIN KAT PLANI
350
1E
  0
DICTIONARY
  5
E
330
A
100
AcDbDictionary
280
0
281
1
  3
ByBlock
350
1F
  3
ByLayer
350
20
  3
Global
350
21
  0
DICTIONARY
  5
F
330
A
100
AcDbDictionary
280
0
281
1
  3
Standard
350
2C
  0
DICTIONARY
  5
10
330
A
100
AcDbDictionary
280
0
281
1
  3
Standard
350
22
  0
DICTIONARY
  5
11
330
A
100
AcDbDictionary
280
0
281
1
  0
ACDBDICTIONARYWDFLT
  5
12
330
A
100
AcDbDictionary
280
0
281
1
  3
Normal
350
13
100
AcDbDictionaryWithDefault
340
13
  0
ACDBPLACEHOLDER
  5
13
330
12
  0
DICTIONARY
  5
14
330
A
100
AcDbDictionary
280
0
281
1
  0
DICTIONARY
  5
15
330
A
100
AcDbDictionary
280
0
281
1
  0
DICTIONARY
  5
16
330
A
100
AcDbDictionary
280
0
281
1
  0
LAYOUT
  5
1A
330
D
100
AcDbPlotSettings
  1

  2
Adobe PDF
  4
A3
  6

 40
7.5
 41
20.0
 42
7.5
 43
20.0
 44
420.0
 45
297.0
 46
0.0
 47
0.0
 48
0.0
 49
0.0
140
0.0
141
0.0
142
1.0
143
1.0
 70
1024
 72
1
 73
0
 74
5
  7

 75
16
 76
0
 77
2
 78
300
147
1.0
148
0.0
149
0.0
100
AcDbLayout
  1
Model
 70
1
 71
0
 10
0.0
 20
0.0
 11
420.0
 21
297.0
 12
0.0
 22
0.0
 32
0.0
 14
1e+20
 24
1e+20
 34
1e+20
 15
-1e+20
 25
-1e+20
 35
-1e+20
146
0.0
 13
0.0
 23
0.0
 33
0.0
 16
1.0
 26
0.0
 36
0.0
 17
0.0
 27
1.0
 37
0.0
 76
1
330
17
  0
LAYOUT
  5
1E
330
D
100
AcDbPlotSettings
  1

  2
DWG to PDF.pc3
  4
ezdxf_(420.00_x_297.00_MM)
  6

 40
0.0
 41
0.0
 42
0.0
 43
0.0
 44
420.0
 45
297.0
 46
0.0
 47
0.0
 48
0.0
 49
0.0
140
0.0
141
0.0
142
1.0
143
1.0
 70
672
 72
1
 73
0
 74
5
  7

 75
16
 76
0
 77
2
 78
300
147
1.0
148
0.0
149
0.0
100
AcDbLayout
  1
A-03 ZEMIN KAT PLANI
 70
1
 71
1
 10
-0.0
 20
-0.0
 11
420.0
 21
297.0
 12
0.0
 22
0.0
 32
0.0
 14
1e+20
 24
1e+20
 34
1e+20
 15
-1e+20
 25
-1e+20
 35
-1e+20
146
0.0
 13
0.0
 23
0.0
 33
0.0
 16
1.0
 26
0.0
 36
0.0
 17
0.0
 27
1.0
 37
0.0
 76
1
330
1B
331
4F
  0
MATERIAL
  5
1F
102
{ACAD_REACTORS
330
E
102
}
330
E
100
AcDbMaterial
  1
ByBlock
  2

 70
0
 40
1.0
 71
1
 41
1.0
 91
-1023410177
 42
1.0
 72
1
  3

 73
1
 74
1
 75
1
 44
0.5
 73
0
 45
1.0
 46
1.0
 77
1
  4

 78
1
 79
1
170
1
 48
1.0
171
1
  6

172
1
173
1
174
1
140
1.0
141
1.0
175
1
  7

176
1
177
1
178
1
143
1.0
179
1
  8

270
1
271
1
272
1
145
1.0
146
1.0
273
1
  9

274
1
275
1
276
1
 42
1.0
 72
1
  3

 73
1
 74
1
 75
1
 94
63
  0
MATERIAL
  5
20
102
{ACAD_REACTORS
330
E
102
}
330
E
100
AcDbMaterial
  1
ByLayer
  2

 70
0
 40
1.0
 71
1
 41
1.0
 91
-1023410177
 42
1.0
 72
1
  3

 73
1
 74
1
 75
1
 44
0.5
 73
0
 45
1.0
 46
1.0
 77
1
  4

 78
1
 79
1
170
1
 48
1.0
171
1
  6

172
1
173
1
174
1
140
1.0
141
1.0
175
1
  7

176
1
177
1
178
1
143
1.0
179
1
  8

270
1
271
1
272
1
145
1.0
146
1.0
273
1
  9

274
1
275
1
276
1
 42
1.0
 72
1
  3

 73
1
 74
1
 75
1
 94
63
  0
MATERIAL
  5
21
102
{ACAD_REACTORS
330
E
102
}
330
E
100
AcDbMaterial
  1
Global
  2

 70
0
 40
1.0
 71
1
 41
1.0
 91
-1023410177
 42
1.0
 72
1
  3

 73
1
 74
1
 75
1
 44
0.5
 73
0
 45
1.0
 46
1.0
 77
1
  4

 78
1
 79
1
170
1
 48
1.0
171
1
  6

172
1
173
1
174
1
140
1.0
141
1.0
175
1
  7

176
1
177
1
178
1
143
1.0
179
1
  8

270
1
271
1
272
1
145
1.0
146
1.0
273
1
  9

274
1
275
1
276
1
 42
1.0
 72
1
  3

 73
1
 74
1
 75
1
 94
63
  0
MLINESTYLE
  5
22
102
{ACAD_REACTORS
330
10
102
}
330
10
100
AcDbMlineStyle
  2
Standard
 70
0
  3

 62
256
 51
90.0
 52
90.0
 71
2
 49
0.5
 62
256
  6
BYLAYER
 49
-0.5
 62
256
  6
BYLAYER
  0
MLEADERSTYLE
  5
2C
102
{ACAD_REACTORS
330
F
102
}
330
F
100
AcDbMLeaderStyle
179
2
170
2
171
1
172
0
 90
2
 40
0.0
 41
0.0
173
1
 91
-1056964608
 92
-2
290
1
 42
2.0
291
1
 43
8.0
  3
Standard
 44
4.0
300

342
29
174
1
175
1
176
0
178
1
 93
-1056964608
 45
4.0
292
0
297
0
 46
4.0
 94
-1056964608
 47
1.0
 49
1.0
140
1.0
294
1
141
0.0
177
0
142
1.0
295
0
296
0
143
3.75
271
0
272
9
273
9
  0
DICTIONARY
  5
2D
330
A
100
AcDbDictionary
281
1
  3
CREATED_BY_EZDXF
350
2E
  3
WRITTEN_BY_EZDXF
350
725
  0
DICTIONARYVAR
  5
2E
330
2D
100
DictionaryVariables
280
0
  1
1.1.4 @ 2026-09-22T09:32:59.457166+00:00
  0
DICTIONARYVAR
  5
725
330
2D
100
DictionaryVariables
280
0
  1
1.1.4 @ 2026-09-22T09:32:59.588799+00:00
  0
ENDSEC
  0
EOF
