  0
SECTION
  2
HEADER
  9
$ACADVER
  1
AC1032
  9
$ACADMAINTVER
 90
4
  9
$DWGCODEPAGE
  3
ANSI_1252
  9
$LASTSAVEDBY
  1
ezdxf
  9
$REQUIREDVERSIONS
160
0
  9
$INSBASE
 10
0.0
 20
0.0
 30
0.0
  9
$EXTMIN
 10
1e+20
 20
1e+20
 30
1e+20
  9
$EXTMAX
 10
-1e+20
 20
-1e+20
 30
-1e+20
  9
$LIMMIN
 10
0.0
 20
0.0
  9
$LIMMAX
 10
420.0
 20
297.0
  9
$ORTHOMODE
 70
0
  9
$REGENMODE
 70
1
  9
$FILLMODE
 70
1
  9
$QTEXTMODE
 70
0
  9
$MIRRTEXT
 70
1
  9
$LTSCALE
 40
0.25
  9
$ATTMODE
 70
1
  9
$TEXTSIZE
 40
2.5
  9
$TRACEWID
 40
1.0
  9
$TEXTSTYLE
  7
YAZI
  9
$CLAYER
  8
0
  9
$CELTYPE
  6
ByLayer
  9
$CECOLOR
 62
256
  9
$CELTSCALE
 40
1.0
  9
$DISPSILH
 70
0
  9
$DIMSCALE
 40
1.0
  9
$DIMASZ
 40
2.5
  9
$DIMEXO
 40
0.625
  9
$DIMDLI
 40
3.75
  9
$DIMRND
 40
0.0
  9
$DIMDLE
 40
0.0
  9
$DIMEXE
 40
1.25
  9
$DIMTP
 40
0.0
  9
$DIMTM
 40
0.0
  9
$DIMTXT
 40
2.5
  9
$DIMCEN
 40
2.5
  9
$DIMTSZ
 40
0.0
  9
$DIMTOL
 70
0
  9
$DIMLIM
 70
0
  9
$DIMTIH
 70
0
  9
$DIMTOH
 70
0
  9
$DIMSE1
 70
0
  9
$DIMSE2
 70
0
  9
$DIMTAD
 70
1
  9
$DIMZIN
 70
8
  9
$DIMBLK
  1

  9
$DIMASO
 70
1
  9
$DIMSHO
 70
1
  9
$DIMPOST
  1

  9
$DIMAPOST
  1

  9
$DIMALT
 70
0
  9
$DIMALTD
 70
3
  9
$DIMALTF
 40
0.03937007874
  9
$DIMLFAC
 40
1.0
  9
$DIMTOFL
 70
1
  9
$DIMTVP
 40
0.0
  9
$DIMTIX
 70
0
  9
$DIMSOXD
 70
0
  9
$DIMSAH
 70
0
  9
$DIMBLK1
  1

  9
$DIMBLK2
  1

  9
$DIMSTYLE
  2
ISO-25
  9
$DIMCLRD
 70
0
  9
$DIMCLRE
 70
0
  9
$DIMCLRT
 70
0
  9
$DIMTFAC
 40
1.0
  9
$DIMGAP
 40
0.625
  9
$DIMJUST
 70
0
  9
$DIMSD1
 70
0
  9
$DIMSD2
 70
0
  9
$DIMTOLJ
 70
0
  9
$DIMTZIN
 70
8
  9
$DIMALTZ
 70
0
  9
$DIMALTTZ
 70
0
  9
$DIMUPT
 70
0
  9
$DIMDEC
 70
2
  9
$DIMTDEC
 70
2
  9
$DIMALTU
 70
2
  9
$DIMALTTD
 70
3
  9
$DIMTXSTY
  7
Standard
  9
$DIMAUNIT
 70
0
  9
$DIMADEC
 70
0
  9
$DIMALTRND
 40
0.0
  9
$DIMAZIN
 70
0
  9
$DIMDSEP
 70
44
  9
$DIMATFIT
 70
3
  9
$DIMFRAC
 70
0
  9
$DIMLDRBLK
  1

  9
$DIMLUNIT
 70
2
  9
$DIMLWD
 70
-2
  9
$DIMLWE
 70
-2
  9
$DIMTMOVE
 70
0
  9
$DIMFXL
 40
1.0
  9
$DIMFXLON
 70
0
  9
$DIMJOGANG
 40
0.785398163397
  9
$DIMTFILL
 70
0
  9
$DIMTFILLCLR
 70
0
  9
$DIMARCSYM
 70
0
  9
$DIMLTYPE
  6

  9
$DIMLTEX1
  6

  9
$DIMLTEX2
  6

  9
$DIMTXTDIRECTION
 70
0
  9
$LUNITS
 70
2
  9
$LUPREC
 70
4
  9
$SKETCHINC
 40
1.0
  9
$FILLETRAD
 40
10.0
  9
$AUNITS
 70
0
  9
$AUPREC
 70
2
  9
$MENU
  1
.
  9
$ELEVATION
 40
0.0
  9
$PELEVATION
 40
0.0
  9
$THICKNESS
 40
0.0
  9
$LIMCHECK
 70
0
  9
$CHAMFERA
 40
0.0
  9
$CHAMFERB
 40
0.0
  9
$CHAMFERC
 40
0.0
  9
$CHAMFERD
 40
0.0
  9
$SKPOLY
 70
0
  9
$TDCREATE
 40
2461306.5229050927
  9
$TDUCREATE
 40
2458532.153996898
  9
$TDUPDATE
 40
2461306.5229050927
  9
$TDUUPDATE
 40
2458532.1544311
  9
$TDINDWG
 40
0.0
  9
$TDUSRTIMER
 40
0.0
  9
$USRTIMER
 70
1
  9
$ANGBASE
 50
0.0
  9
$ANGDIR
 70
0
  9
$PDMODE
 70
0
  9
$PDSIZE
 40
0.0
  9
$PLINEWID
 40
0.0
  9
$SPLFRAME
 70
0
  9
$SPLINETYPE
 70
6
  9
$SPLINESEGS
 70
8
  9
$HANDSEED
  5
7B4
  9
$SURFTAB1
 70
6
  9
$SURFTAB2
 70
6
  9
$SURFTYPE
 70
6
  9
$SURFU
 70
6
  9
$SURFV
 70
6
  9
$UCSBASE
  2

  9
$UCSNAME
  2

  9
$UCSORG
 10
0.0
 20
0.0
 30
0.0
  9
$UCSXDIR
 10
1.0
 20
0.0
 30
0.0
  9
$UCSYDIR
 10
0.0
 20
1.0
 30
0.0
  9
$UCSORTHOREF
  2

  9
$UCSORTHOVIEW
 70
0
  9
$UCSORGTOP
 10
0.0
 20
0.0
 30
0.0
  9
$UCSORGBOTTOM
 10
0.0
 20
0.0
 30
0.0
  9
$UCSORGLEFT
 10
0.0
 20
0.0
 30
0.0
  9
$UCSORGRIGHT
 10
0.0
 20
0.0
 30
0.0
  9
$UCSORGFRONT
 10
0.0
 20
0.0
 30
0.0
  9
$UCSORGBACK
 10
0.0
 20
0.0
 30
0.0
  9
$PUCSBASE
  2

  9
$PUCSNAME
  2

  9
$PUCSORG
 10
0.0
 20
0.0
 30
0.0
  9
$PUCSXDIR
 10
1.0
 20
0.0
 30
0.0
  9
$PUCSYDIR
 10
0.0
 20
1.0
 30
0.0
  9
$PUCSORTHOREF
  2

  9
$PUCSORTHOVIEW
 70
0
  9
$PUCSORGTOP
 10
0.0
 20
0.0
 30
0.0
  9
$PUCSORGBOTTOM
 10
0.0
 20
0.0
 30
0.0
  9
$PUCSORGLEFT
 10
0.0
 20
0.0
 30
0.0
  9
$PUCSORGRIGHT
 10
0.0
 20
0.0
 30
0.0
  9
$PUCSORGFRONT
 10
0.0
 20
0.0
 30
0.0
  9
$PUCSORGBACK
 10
0.0
 20
0.0
 30
0.0
  9
$USERI1
 70
0
  9
$USERI2
 70
0
  9
$USERI3
 70
0
  9
$USERI4
 70
0
  9
$USERI5
 70
0
  9
$USERR1
 40
0.0
  9
$USERR2
 40
0.0
  9
$USERR3
 40
0.0
  9
$USERR4
 40
0.0
  9
$USERR5
 40
0.0
  9
$WORLDVIEW
 70
1
  9
$SHADEDGE
 70
3
  9
$SHADEDIF
 70
70
  9
$TILEMODE
 70
1
  9
$MAXACTVP
 70
64
  9
$PINSBASE
 10
0.0
 20
0.0
 30
0.0
  9
$PLIMCHECK
 70
0
  9
$PEXTMIN
 10
1e+20
 20
1e+20
 30
1e+20
  9
$PEXTMAX
 10
-1e+20
 20
-1e+20
 30
-1e+20
  9
$PLIMMIN
 10
-0.0
 20
-0.0
  9
$PLIMMAX
 10
420.0
 20
297.0
  9
$UNITMODE
 70
0
  9
$VISRETAIN
 70
1
  9
$PLINEGEN
 70
0
  9
$PSLTSCALE
 70
1
  9
$TREEDEPTH
 70
3020
  9
$CMLSTYLE
  2
Standard
  9
$CMLJUST
 70
0
  9
$CMLSCALE
 40
20.0
  9
$PROXYGRAPHICS
 70
1
  9
$MEASUREMENT
 70
1
  9
$CELWEIGHT
370
-1
  9
$ENDCAPS
280
0
  9
$JOINSTYLE
280
0
  9
$LWDISPLAY
290
1
  9
$INSUNITS
 70
5
  9
$HYPERLINKBASE
  1

  9
$STYLESHEET
  1

  9
$XEDIT
290
1
  9
$CEPSNTYPE
380
0
  9
$PSTYLEMODE
290
1
  9
$FINGERPRINTGUID
  2
{DFD5295C-C7BC-4E94-BD35-38975197D28B}
  9
$VERSIONGUID
  2
{5E46AEAA-44D1-422E-A641-7A9E572930AE}
  9
$EXTNAMES
290
1
  9
$PSVPSCALE
 40
0.0
  9
$OLESTARTUP
290
0
  9
$SORTENTS
280
127
  9
$INDEXCTL
280
0
  9
$HIDETEXT
280
1
  9
$XCLIPFRAME
280
0
  9
$HALOGAP
280
0
  9
$OBSCOLOR
 70
257
  9
$OBSLTYPE
280
0
  9
$INTERSECTIONDISPLAY
280
0
  9
$INTERSECTIONCOLOR
 70
257
  9
$DIMASSOC
280
2
  9
$PROJECTNAME
  1

  9
$CAMERADISPLAY
290
0
  9
$LENSLENGTH
 40
50.0
  9
$CAMERAHEIGHT
 40
0.0
  9
$STEPSPERSEC
 40
24.0
  9
$STEPSIZE
 40
100.0
  9
$3DDWFPREC
 40
2.0
  9
$PSOLWIDTH
 40
0.005
  9
$PSOLHEIGHT
 40
0.08
  9
$LOFTANG1
 40
1.570796326795
  9
$LOFTANG2
 40
1.570796326795
  9
$LOFTMAG1
 40
0.0
  9
$LOFTMAG2
 40
0.0
  9
$LOFTPARAM
 70
7
  9
$LOFTNORMALS
280
1
  9
$LATITUDE
 40
37.795
  9
$LONGITUDE
 40
-122.394
  9
$NORTHDIRECTION
 40
0.0
  9
$TIMEZONE
 70
-8000
  9
$LIGHTGLYPHDISPLAY
280
1
  9
$TILEMODELIGHTSYNCH
280
1
  9
$CMATERIAL
347
20
  9
$SOLIDHIST
280
0
  9
$SHOWHIST
280
1
  9
$DWFFRAME
280
2
  9
$DGNFRAME
280
2
  9
$REALWORLDSCALE
290
1
  9
$INTERFERECOLOR
 62
256
  9
$CSHADOW
280
0
  9
$SHADOWPLANELOCATION
 40
0.0
  0
ENDSEC
  0
SECTION
  2
CLASSES
  0
CLASS
  1
ACDBDICTIONARYWDFLT
  2
AcDbDictionaryWithDefault
  3
ObjectDBX Classes
 90
0
 91
0
280
0
281
0
  0
CLASS
  1
SUN
  2
AcDbSun
  3
SCENEOE
 90
1153
 91
0
280
0
281
0
  0
CLASS
  1
VISUALSTYLE
  2
AcDbVisualStyle
  3
ObjectDBX Classes
 90
4095
 91
0
280
0
281
0
  0
CLASS
  1
MATERIAL
  2
AcDbMaterial
  3
ObjectDBX Classes
 90
1153
 91
0
280
0
281
0
  0
CLASS
  1
SCALE
  2
AcDbScale
  3
ObjectDBX Classes
 90
1153
 91
0
280
0
281
0
  0
CLASS
  1
TABLESTYLE
  2
AcDbTableStyle
  3
ObjectDBX Classes
 90
4095
 91
0
280
0
281
0
  0
CLASS
  1
MLEADERSTYLE
  2
AcDbMLeaderStyle
  3
ACDB_MLEADERSTYLE_CLASS
 90
4095
 91
0
280
0
281
0
  0
CLASS
  1
DICTIONARYVAR
  2
AcDbDictionaryVar
  3
ObjectDBX Classes
 90
0
 91
0
280
0
281
0
  0
CLASS
  1
CELLSTYLEMAP
  2
AcDbCellStyleMap
  3
ObjectDBX Classes
 90
1152
 91
0
280
0
281
0
  0
CLASS
  1
MENTALRAYRENDERSETTINGS
  2
AcDbMentalRayRenderSettings
  3
SCENEOE
 90
1024
 91
0
280
0
281
0
  0
CLASS
  1
ACDBDETAILVIEWSTYLE
  2
AcDbDetailViewStyle
  3
ObjectDBX Classes
 90
1025
 91
0
280
0
281
0
  0
CLASS
  1
ACDBSECTIONVIEWSTYLE
  2
AcDbSectionViewStyle
  3
ObjectDBX Classes
 90
1025
 91
0
280
0
281
0
  0
CLASS
  1
RASTERVARIABLES
  2
AcDbRasterVariables
  3
ISM
 90
0
 91
0
280
0
281
0
  0
CLASS
  1
LAYOUT
  2
AcDbLayout
  3
ObjectDBX Classes
 90
0
 91
0
280
0
281
0
  0
CLASS
  1
ACDBPLACEHOLDER
  2
AcDbPlaceHolder
  3
ObjectDBX Classes
 90
0
 91
0
280
0
281
0
  0
ENDSEC
  0
SECTION
  2
TABLES
  0
TABLE
  2
VPORT
  5
8
330
0
100
AcDbSymbolTable
 70
1
  0
VPORT
  5
23
330
8
100
AcDbSymbolTableRecord
100
AcDbViewportTableRecord
  2
*Active
 70
0
 10
0.0
 20
0.0
 11
1.0
 21
1.0
 12
0.0
 22
0.0
 13
0.0
 23
0.0
 14
0.5
 24
0.5
 15
0.5
 25
0.5
 16
0.0
 26
0.0
 36
1.0
 17
0.0
 27
0.0
 37
0.0
 40
1000.0
 41
1.34
 42
50.0
 43
0.0
 44
0.0
 50
0.0
 51
0.0
 71
0
 72
1000
 73
1
 74
3
 75
0
 76
0
 77
0
 78
0
281
0
 65
0
146
0.0
  0
ENDTAB
  0
TABLE
  2
LTYPE
  5
2
330
0
100
AcDbSymbolTable
 70
7
  0
LTYPE
  5
24
330
2
100
AcDbSymbolTableRecord
100
AcDbLinetypeTableRecord
  2
ByBlock
 70
0
  3

 72
65
 73
0
 40
0.0
  0
LTYPE
  5
25
330
2
100
AcDbSymbolTableRecord
100
AcDbLinetypeTableRecord
  2
ByLayer
 70
0
  3

 72
65
 73
0
 40
0.0
  0
LTYPE
  5
26
330
2
100
AcDbSymbolTableRecord
100
AcDbLinetypeTableRecord
  2
Continuous
 70
0
  3

 72
65
 73
0
 40
0.0
  0
LTYPE
  5
48
330
2
100
AcDbSymbolTableRecord
100
AcDbLinetypeTableRecord
  2
ACAD_ISO02W100
 70
0
  3
ISO kesik __ __ __
 72
65
 73
2
 40
15.0
 49
12.0
 74
0
 49
-3.0
 74
0
  0
LTYPE
  5
49
330
2
100
AcDbSymbolTableRecord
100
AcDbLinetypeTableRecord
  2
ACAD_ISO03W100
 70
0
  3
ISO kesik boşluk __    __
 72
65
 73
2
 40
30.0
 49
12.0
 74
0
 49
-18.0
 74
0
  0
LTYPE
  5
4A
330
2
100
AcDbSymbolTableRecord
100
AcDbLinetypeTableRecord
  2
ACAD_ISO04W100
 70
0
  3
ISO uzun kesik nokta ____ . ____
 72
65
 73
4
 40
30.0
 49
24.0
 74
0
 49
-3.0
 74
0
 49
0.0
 74
0
 49
-3.0
 74
0
  0
LTYPE
  5
4B
330
2
100
AcDbSymbolTableRecord
100
AcDbLinetypeTableRecord
  2
ACAD_ISO07W100
 70
0
  3
ISO nokta . . . .
 72
65
 73
2
 40
3.0
 49
0.0
 74
0
 49
-3.0
 74
0
  0
ENDTAB
  0
TABLE
  2
LAYER
  5
1
330
0
100
AcDbSymbolTable
 70
41
  0
LAYER
  5
27
330
1
100
AcDbSymbolTableRecord
100
AcDbLayerTableRecord
  2
0
 70
0
 62
7
  6
Continuous
370
-3
390
13
347
21
  0
LAYER
  5
28
330
1
100
AcDbSymbolTableRecord
100
AcDbLayerTableRecord
  2
Defpoints
 70
0
 62
7
  6
Continuous
290
0
370
-3
390
13
347
21
  0
LAYER
  5
50
330
1
100
AcDbSymbolTableRecord
100
AcDbLayerTableRecord
  2
M-KALD-TAS-T
 70
0
 62
8
  6
Continuous
370
5
390
13
347
21
1001
AcAecLayerStandard
1000

1000
Dış zemin: teras, giriş sahanlığı, basamaklar — tarama
  0
LAYER
  5
53
330
1
100
AcDbSymbolTableRecord
100
AcDbLayerTableRecord
  2
M-KALD-TAS
 70
0
 62
45
  6
Continuous
370
9
390
13
347
21
1001
AcAecLayerStandard
1000

1000
Dış zemin: teras, giriş sahanlığı, basamaklar
  0
LAYER
  5
55
330
1
100
AcDbSymbolTableRecord
100
AcDbLayerTableRecord
  2
M-KORK-CAM
 70
0
 62
100
  6
Continuous
370
9
390
13
347
21
1001
AcAecLayerStandard
1000

1000
Cam korkuluk ve küpeşte
  0
LAYER
  5
59
330
1
100
AcDbSymbolTableRecord
100
AcDbLayerTableRecord
  2
M-GOST-YAZI
 70
0
 62
2
  6
Continuous
370
9
390
13
347
21
1001
AcAecLayerStandard
1000

1000
Genel yazılar, başlıklar, malzeme notları
  0
LAYER
  5
65
330
1
100
AcDbSymbolTableRecord
100
AcDbLayerTableRecord
  2
M-ZMNK-DOGALTAS-T
 70
0
 62
8
  6
Continuous
370
5
390
13
347
21
1001
AcAecLayerStandard
1000

1000
Zemin kaplama: traverten / doğal taş — tarama
  0
LAYER
  5
68
330
1
100
AcDbSymbolTableRecord
100
AcDbLayerTableRecord
  2
M-SAFT-TESISAT-T
 70
0
 62
8
  6
Continuous
370
5
390
13
347
21
1001
AcAecLayerStandard
1000

1000
Tesisat şaftı — tarama
  0
LAYER
  5
6A
330
1
100
AcDbSymbolTableRecord
100
AcDbLayerTableRecord
  2
M-ZMNK-SERAMIK-T
 70
0
 62
8
  6
Continuous
370
5
390
13
347
21
1001
AcAecLayerStandard
1000

1000
Zemin kaplama: porselen / seramik — tarama
  0
LAYER
  5
74
330
1
100
AcDbSymbolTableRecord
100
AcDbLayerTableRecord
  2
M-TEFR-MIMARI
 70
0
 62
29
  6
Continuous
370
9
390
13
347
21
1001
AcAecLayerStandard
1000

1000
Mobilya / tefriş
  0
LAYER
  5
87
330
1
100
AcDbSymbolTableRecord
100
AcDbLayerTableRecord
  2
M-TEFR-MEKANIK
 70
0
 62
238
  6
Continuous
370
9
390
13
347
21
1001
AcAecLayerStandard
1000

1000
Vitrifiye, mutfak ve mekanik ekipman, asansör
  0
LAYER
  5
129
330
1
100
AcDbSymbolTableRecord
100
AcDbLayerTableRecord
  2
M-MERD-BETONARME
 70
0
 62
6
  6
Continuous
370
18
390
13
347
21
1001
AcAecLayerStandard
1000

1000
Merdiven kolları, basamaklar, sahanlık
  0
LAYER
  5
137
330
1
100
AcDbSymbolTableRecord
100
AcDbLayerTableRecord
  2
M-MERD-BETONARME-T
 70
0
 62
8
  6
Continuous
370
5
390
13
347
21
1001
AcAecLayerStandard
1000

1000
Merdiven kolları, basamaklar, sahanlık — tarama
  0
LAYER
  5
139
330
1
100
AcDbSymbolTableRecord
100
AcDbLayerTableRecord
  2
M-GOST-MERDIVEPOZ
 70
0
 62
145
  6
Continuous
370
9
390
13
347
21
1001
AcAecLayerStandard
1000

1000
Merdiven çıkış oku, basamak numaraları
  0
LAYER
  5
14E
330
1
100
AcDbSymbolTableRecord
100
AcDbLayerTableRecord
  2
M-DUVA-GAZBETON
 70
0
 62
64
  6
Continuous
370
20
390
13
347
21
1001
AcAecLayerStandard
1000

1000
Gazbeton duvar (dış 25 cm, iç 13,5 cm)
  0
LAYER
  5
181
330
1
100
AcDbSymbolTableRecord
100
AcDbLayerTableRecord
  2
M-TASI-BETONARME
 70
0
 62
5
  6
Continuous
370
35
390
13
347
21
1001
AcAecLayerStandard
1000

1000
Betonarme kolon, perde, kiriş, döşeme, temel (kesilen)
  0
LAYER
  5
197
330
1
100
AcDbSymbolTableRecord
100
AcDbLayerTableRecord
  2
M-DUVA-GAZBETON-T
 70
0
 62
8
  6
Continuous
370
5
390
13
347
21
1001
AcAecLayerStandard
1000

1000
Gazbeton duvar (dış 25 cm, iç 13,5 cm) — tarama
  0
LAYER
  5
1CA
330
1
100
AcDbSymbolTableRecord
100
AcDbLayerTableRecord
  2
M-TASI-BETONARME-T
 70
0
 62
250
  6
Continuous
370
5
390
13
347
21
1001
AcAecLayerStandard
1000

1000
Betonarme kolon, perde, kiriş, döşeme, temel (kesilen) — tarama
  0
LAYER
  5
1E0
330
1
100
AcDbSymbolTableRecord
100
AcDbLayerTableRecord
  2
M-ISYA-TASYUNU-T
 70
0
 62
8
  6
Continuous
370
5
390
13
347
21
1001
AcAecLayerStandard
1000

1000
Isı yalıtımı (taşyünü / XPS) ve su yalıtımı — tarama
  0
LAYER
  5
1E1
330
1
100
AcDbSymbolTableRecord
100
AcDbLayerTableRecord
  2
M-ISYA-TASYUNU
 70
0
 62
251
  6
Continuous
370
9
390
13
347
21
1001
AcAecLayerStandard
1000

1000
Isı yalıtımı (taşyünü / XPS) ve su yalıtımı
  0
LAYER
  5
1FA
330
1
100
AcDbSymbolTableRecord
100
AcDbLayerTableRecord
  2
M-KPKN-AHSAP
 70
0
 62
93
  6
Continuous
370
9
390
13
347
21
1001
AcAecLayerStandard
1000

1000
Kapı kanadı
  0
LAYER
  5
1FC
330
1
100
AcDbSymbolTableRecord
100
AcDbLayerTableRecord
  2
M-GOST-ACYONU
 70
0
 62
248
  6
ACAD_ISO07W100
370
9
390
13
347
21
1001
AcAecLayerStandard
1000

1000
Kapı açılım yayı
  0
LAYER
  5
1FE
330
1
100
AcDbSymbolTableRecord
100
AcDbLayerTableRecord
  2
M-KPKS-AHSAP
 70
0
 62
160
  6
Continuous
370
9
390
13
347
21
1001
AcAecLayerStandard
1000

1000
Kapı kasası
  0
LAYER
  5
21D
330
1
100
AcDbSymbolTableRecord
100
AcDbLayerTableRecord
  2
M-GOST-IZDUSUM
 70
0
 62
80
  6
ACAD_ISO07W100
370
18
390
13
347
21
1001
AcAecLayerStandard
1000

1000
Üstte kalan / görünmeyen izdüşüm (saçak, pergola, üst kol)
  0
LAYER
  5
23E
330
1
100
AcDbSymbolTableRecord
100
AcDbLayerTableRecord
  2
M-PNKS-ALUMINYUM
 70
0
 62
171
  6
Continuous
370
9
390
13
347
21
1001
AcAecLayerStandard
1000

1000
Pencere / doğrama kasası ve kanadı (alüminyum)
  0
LAYER
  5
2A4
330
1
100
AcDbSymbolTableRecord
100
AcDbLayerTableRecord
  2
M-GOST-PENCEREPOZ
 70
0
 62
62
  6
Continuous
370
9
390
13
347
21
1001
AcAecLayerStandard
1000

1000
Pencere poz etiketleri
  0
LAYER
  5
2C3
330
1
100
AcDbSymbolTableRecord
100
AcDbLayerTableRecord
  2
M-GOST-KAPIPOZ
 70
0
 62
95
  6
Continuous
370
9
390
13
347
21
1001
AcAecLayerStandard
1000

1000
Kapı poz etiketleri
  0
LAYER
  5
2E4
330
1
100
AcDbSymbolTableRecord
100
AcDbLayerTableRecord
  2
M-BACA-TUGLA-T
 70
0
 62
8
  6
Continuous
370
5
390
13
347
21
1001
AcAecLayerStandard
1000

1000
Baca ve şömine — tarama
  0
LAYER
  5
2E6
330
1
100
AcDbSymbolTableRecord
100
AcDbLayerTableRecord
  2
M-BACA-TUGLA
 70
0
 62
116
  6
Continuous
370
9
390
13
347
21
1001
AcAecLayerStandard
1000

1000
Baca ve şömine
  0
LAYER
  5
2EC
330
1
100
AcDbSymbolTableRecord
100
AcDbLayerTableRecord
  2
M-GOST-MAHALPOZ
 70
0
 62
7
  6
Continuous
370
9
390
13
347
21
1001
AcAecLayerStandard
1000

1000
Mahal adı, numarası, alanı, kaplaması
  0
LAYER
  5
325
330
1
100
AcDbSymbolTableRecord
100
AcDbLayerTableRecord
  2
M-GOST-PLANKOT
 70
0
 62
46
  6
Continuous
370
9
390
13
347
21
1001
AcAecLayerStandard
1000

1000
Plan kotları
  0
LAYER
  5
329
330
1
100
AcDbSymbolTableRecord
100
AcDbLayerTableRecord
  2
M-GOST-DISOLCU
 70
0
 62
40
  6
Continuous
370
9
390
13
347
21
1001
AcAecLayerStandard
1000

1000
Dış ölçüler (ölçü nesneleri)
  0
LAYER
  5
410
330
1
100
AcDbSymbolTableRecord
100
AcDbLayerTableRecord
  2
M-GOST-AKS
 70
0
 62
1
  6
ACAD_ISO04W100
370
9
390
13
347
21
1001
AcAecLayerStandard
1000

1000
Aks çizgileri
  0
LAYER
  5
412
330
1
100
AcDbSymbolTableRecord
100
AcDbLayerTableRecord
  2
M-GOST-AKSPOZ
 70
0
 62
1
  6
Continuous
370
9
390
13
347
21
1001
AcAecLayerStandard
1000

1000
Aks balonları
  0
LAYER
  5
647
330
1
100
AcDbSymbolTableRecord
100
AcDbLayerTableRecord
  2
M-GOST-ICOLCU
 70
0
 62
44
  6
Continuous
370
9
390
13
347
21
1001
AcAecLayerStandard
1000

1000
İç ölçüler (ölçü nesneleri)
  0
LAYER
  5
738
330
1
100
AcDbSymbolTableRecord
100
AcDbLayerTableRecord
  2
M-GOST-KESITHATTI
 70
0
 62
240
  6
ACAD_ISO04W100
370
18
390
13
347
21
1001
AcAecLayerStandard
1000

1000
Kesit hattı ve okları
  0
LAYER
  5
747
330
1
100
AcDbSymbolTableRecord
100
AcDbLayerTableRecord
  2
M-GOST-ANTETYAZI
 70
0
 62
177
  6
Continuous
370
9
390
13
347
21
1001
AcAecLayerStandard
1000

1000
Antet yazıları, notlar, pafta başlıkları (layout)
  0
LAYER
  5
758
330
1
100
AcDbSymbolTableRecord
100
AcDbLayerTableRecord
  2
M-GOST-ANTET
 70
0
 62
176
  6
Continuous
370
25
390
13
347
21
1001
AcAecLayerStandard
1000

1000
Pafta çerçevesi ve antet (layout)
  0
LAYER
  5
763
330
1
100
AcDbSymbolTableRecord
100
AcDbLayerTableRecord
  2
M-GOST-LEJANT
 70
0
 62
173
  6
Continuous
370
9
390
13
347
21
1001
AcAecLayerStandard
1000

1000
Lejant sembolleri
  0
LAYER
  5
78A
330
1
100
AcDbSymbolTableRecord
100
AcDbLayerTableRecord
  2
M-GOST-KUZEYOKU
 70
0
 62
1
  6
Continuous
370
9
390
13
347
21
1001
AcAecLayerStandard
1000

1000
Kuzey oku
  0
LAYER
  5
7AF
330
1
100
AcDbSymbolTableRecord
100
AcDbLayerTableRecord
  2
M-GOST-VPORT
 70
0
 62
8
  6
Continuous
290
0
370
9
390
13
347
21
1001
AcAecLayerStandard
1000

1000
Viewport çerçeveleri — yazdırılmaz
  0
ENDTAB
  0
TABLE
  2
STYLE
  5
5
330
0
100
AcDbSymbolTable
 70
28
  0
STYLE
  5
29
330
5
100
AcDbSymbolTableRecord
100
AcDbTextStyleTableRecord
  2
Standard
 70
0
 40
0.0
 41
1.0
 50
0.0
 71
0
 42
2.5
  3
txt
  4

  0
STYLE
  5
2F
330
5
100
AcDbSymbolTableRecord
100
AcDbTextStyleTableRecord
  2
OpenSans-Light
 70
0
 40
0.0
 41
1.0
 50
0.0
 71
0
 42
2.5
  3
OpenSans-Light.ttf
  4

  0
STYLE
  5
30
330
5
100
AcDbSymbolTableRecord
100
AcDbTextStyleTableRecord
  2
OpenSans-Light-Italic
 70
0
 40
0.0
 41
1.0
 50
0.0
 71
0
 42
2.5
  3
OpenSans-LightItalic.ttf
  4

  0
STYLE
  5
31
330
5
100
AcDbSymbolTableRecord
100
AcDbTextStyleTableRecord
  2
OpenSans
 70
0
 40
0.0
 41
1.0
 50
0.0
 71
0
 42
2.5
  3
OpenSans-Regular.ttf
  4

  0
STYLE
  5
32
330
5
100
AcDbSymbolTableRecord
100
AcDbTextStyleTableRecord
  2
OpenSans-Italic
 70
0
 40
0.0
 41
1.0
 50
0.0
 71
0
 42
2.5
  3
OpenSans-Italic.ttf
  4

  0
STYLE
  5
33
330
5
100
AcDbSymbolTableRecord
100
AcDbTextStyleTableRecord
  2
OpenSans-SemiBold
 70
0
 40
0.0
 41
1.0
 50
0.0
 71
0
 42
2.5
  3
OpenSans-SemiBold.ttf
  4

  0
STYLE
  5
34
330
5
100
AcDbSymbolTableRecord
100
AcDbTextStyleTableRecord
  2
OpenSans-SemiBoldItalic
 70
0
 40
0.0
 41
1.0
 50
0.0
 71
0
 42
2.5
  3
OpenSans-SemiBoldItalic.ttf
  4

  0
STYLE
  5
35
330
5
100
AcDbSymbolTableRecord
100
AcDbTextStyleTableRecord
  2
OpenSans-Bold
 70
0
 40
0.0
 41
1.0
 50
0.0
 71
0
 42
2.5
  3
OpenSans-Bold.ttf
  4

  0
STYLE
  5
36
330
5
100
AcDbSymbolTableRecord
100
AcDbTextStyleTableRecord
  2
OpenSans-BoldItalic
 70
0
 40
0.0
 41
1.0
 50
0.0
 71
0
 42
2.5
  3
OpenSans-BoldItalic.ttf
  4

  0
STYLE
  5
37
330
5
100
AcDbSymbolTableRecord
100
AcDbTextStyleTableRecord
  2
OpenSans-ExtraBold
 70
0
 40
0.0
 41
1.0
 50
0.0
 71
0
 42
2.5
  3
OpenSans-ExtraBold.ttf
  4

  0
STYLE
  5
38
330
5
100
AcDbSymbolTableRecord
100
AcDbTextStyleTableRecord
  2
OpenSans-ExtraBoldItalic
 70
0
 40
0.0
 41
1.0
 50
0.0
 71
0
 42
2.5
  3
OpenSans-ExtraBoldItalic.ttf
  4

  0
STYLE
  5
39
330
5
100
AcDbSymbolTableRecord
100
AcDbTextStyleTableRecord
  2
OpenSansCondensed-Bold
 70
0
 40
0.0
 41
1.0
 50
0.0
 71
0
 42
2.5
  3
OpenSansCondensed-Bold.ttf
  4

  0
STYLE
  5
3A
330
5
100
AcDbSymbolTableRecord
100
AcDbTextStyleTableRecord
  2
OpenSansCondensed-Light
 70
0
 40
0.0
 41
1.0
 50
0.0
 71
0
 42
2.5
  3
OpenSansCondensed-Light.ttf
  4

  0
STYLE
  5
3B
330
5
100
AcDbSymbolTableRecord
100
AcDbTextStyleTableRecord
  2
OpenSansCondensed-Italic
 70
0
 40
0.0
 41
1.0
 50
0.0
 71
0
 42
2.5
  3
OpenSansCondensed-LightItalic.ttf
  4

  0
STYLE
  5
3C
330
5
100
AcDbSymbolTableRecord
100
AcDbTextStyleTableRecord
  2
LiberationSans
 70
0
 40
0.0
 41
1.0
 50
0.0
 71
0
 42
2.5
  3
LiberationSans-Regular.ttf
  4

  0
STYLE
  5
3D
330
5
100
AcDbSymbolTableRecord
100
AcDbTextStyleTableRecord
  2
LiberationSans-Bold
 70
0
 40
0.0
 41
1.0
 50
0.0
 71
0
 42
2.5
  3
LiberationSans-Bold.ttf
  4

  0
STYLE
  5
3E
330
5
100
AcDbSymbolTableRecord
100
AcDbTextStyleTableRecord
  2
LiberationSans-BoldItalic
 70
0
 40
0.0
 41
1.0
 50
0.0
 71
0
 42
2.5
  3
LiberationSans-BoldItalic.ttf
  4

  0
STYLE
  5
3F
330
5
100
AcDbSymbolTableRecord
100
AcDbTextStyleTableRecord
  2
LiberationSans-Italic
 70
0
 40
0.0
 41
1.0
 50
0.0
 71
0
 42
2.5
  3
LiberationSans-Italic.ttf
  4

  0
STYLE
  5
40
330
5
100
AcDbSymbolTableRecord
100
AcDbTextStyleTableRecord
  2
LiberationSerif
 70
0
 40
0.0
 41
1.0
 50
0.0
 71
0
 42
2.5
  3
LiberationSerif-Regular.ttf
  4

  0
STYLE
  5
41
330
5
100
AcDbSymbolTableRecord
100
AcDbTextStyleTableRecord
  2
LiberationSerif-Bold
 70
0
 40
0.0
 41
1.0
 50
0.0
 71
0
 42
2.5
  3
LiberationSerif-Bold.ttf
  4

  0
STYLE
  5
42
330
5
100
AcDbSymbolTableRecord
100
AcDbTextStyleTableRecord
  2
LiberationSerif-BoldItalic
 70
0
 40
0.0
 41
1.0
 50
0.0
 71
0
 42
2.5
  3
LiberationSerif-BoldItalic.ttf
  4

  0
STYLE
  5
43
330
5
100
AcDbSymbolTableRecord
100
AcDbTextStyleTableRecord
  2
LiberationSerif-Italic
 70
0
 40
0.0
 41
1.0
 50
0.0
 71
0
 42
2.5
  3
LiberationSerif-Italic.ttf
  4

  0
STYLE
  5
44
330
5
100
AcDbSymbolTableRecord
100
AcDbTextStyleTableRecord
  2
LiberationMono
 70
0
 40
0.0
 41
1.0
 50
0.0
 71
0
 42
2.5
  3
LiberationMono-Regular.ttf
  4

  0
STYLE
  5
45
330
5
100
AcDbSymbolTableRecord
100
AcDbTextStyleTableRecord
  2
LiberationMono-Bold
 70
0
 40
0.0
 41
1.0
 50
0.0
 71
0
 42
2.5
  3
LiberationMono-Bold.ttf
  4

  0
STYLE
  5
46
330
5
100
AcDbSymbolTableRecord
100
AcDbTextStyleTableRecord
  2
LiberationMono-BoldItalic
 70
0
 40
0.0
 41
1.0
 50
0.0
 71
0
 42
2.5
  3
LiberationMono-BoldItalic.ttf
  4

  0
STYLE
  5
47
330
5
100
AcDbSymbolTableRecord
100
AcDbTextStyleTableRecord
  2
LiberationMono-Italic
 70
0
 40
0.0
 41
1.0
 50
0.0
 71
0
 42
2.5
  3
LiberationMono-Italic.ttf
  4

  0
STYLE
  5
4C
330
5
100
AcDbSymbolTableRecord
100
AcDbTextStyleTableRecord
  2
YAZI
 70
0
 40
0.0
 41
1.0
 50
0.0
 71
0
 42
2.5
  3
arialn.ttf
  4

  0
STYLE
  5
4D
330
5
100
AcDbSymbolTableRecord
100
AcDbTextStyleTableRecord
  2
YAZI-KALIN
 70
0
 40
0.0
 41
1.0
 50
0.0
 71
0
 42
2.5
  3
arialnb.ttf
  4

  0
ENDTAB
  0
TABLE
  2
VIEW
  5
7
330
0
100
AcDbSymbolTable
 70
0
  0
ENDTAB
  0
TABLE
  2
UCS
  5
6
330
0
100
AcDbSymbolTable
 70
0
  0
ENDTAB
  0
TABLE
  2
APPID
  5
3
330
0
100
AcDbSymbolTable
 70
4
  0
APPID
  5
2A
330
3
100
AcDbSymbolTableRecord
100
AcDbRegAppTableRecord
  2
ACAD
 70
0
  0
APPID
  5
51
330
3
100
AcDbSymbolTableRecord
100
AcDbRegAppTableRecord
  2
AcAecLayerStandard
 70
0
  0
APPID
  5
7B1
330
3
100
AcDbSymbolTableRecord
100
AcDbRegAppTableRecord
  2
HATCHBACKGROUNDCOLOR
 70
0
  0
APPID
  5
7B2
330
3
100
AcDbSymbolTableRecord
100
AcDbRegAppTableRecord
  2
EZDXF
 70
0
  0
ENDTAB
  0
TABLE
  2
DIMSTYLE
  5
4
330
0
100
AcDbSymbolTable
 70
3
100
AcDbDimStyleTable
  0
DIMSTYLE
105
2B
330
4
100
AcDbSymbolTableRecord
100
AcDbDimStyleTableRecord
  2
Standard
 70
0
 40
1.0
 41
2.5
 42
0.625
 43
3.75
 44
1.25
 45
0.0
 46
0.0
 47
0.0
 48
0.0
 49
2.5
140
2.5
141
2.5
142
0.0
143
0.03937007874
144
1.0
145
0.0
146
1.0
147
0.625
148
0.0
 69
0
 70
0
 71
0
 72
0
 73
0
 74
0
 75
0
 76
0
 77
1
 78
8
 79
3
170
0
171
3
172
1
173
0
174
0
175
0
176
0
177
0
178
0
179
2
271
2
272
2
273
2
274
3
275
0
276
0
277
2
278
44
279
0
280
0
281
0
282
0
283
0
284
8
285
0
286
0
288
0
289
3
290
0
371
-2
372
-2
  0
DIMSTYLE
105
4E
330
4
100
AcDbSymbolTableRecord
100
AcDbDimStyleTableRecord
  2
MIMARI
 70
0
 40
1.0
 41
2.5
 42
0.0
 43
3.75
 44
1.2
 45
0.0
 46
0.0
 47
0.0
 48
0.0
 49
2.5
140
1.296
141
2.5
142
0.8
143
0.03937007874
144
1.0
145
0.0
146
1.0
147
0.5
148
0.0
 69
0
 70
0
 71
0
 72
0
 73
0
 74
0
 75
0
 76
0
 77
1
 78
8
 79
3
170
0
171
3
172
1
173
0
174
0
175
0
176
256
177
256
178
256
179
2
271
0
272
2
273
2
274
3
275
0
276
0
277
2
278
44
279
0
280
0
281
0
282
0
283
0
284
8
285
0
286
0
288
0
289
3
290
0
340
4C
371
-2
372
-2
  0
DIMSTYLE
105
32A
330
4
100
AcDbSymbolTableRecord
100
AcDbDimStyleTableRecord
  2
MIMARI-1-100
 70
0
 40
10.0
 41
2.5
 42
0.0
 43
3.75
 44
1.2
 45
0.0
 46
0.0
 47
0.0
 48
0.0
 49
2.5
140
1.296
141
2.5
142
0.8
143
0.03937007874
144
1.0
145
0.0
146
1.0
147
0.5
148
0.0
 69
0
 70
0
 71
0
 72
0
 73
0
 74
0
 75
0
 76
0
 77
1
 78
8
 79
3
170
0
171
3
172
1
173
0
174
0
175
0
176
256
177
256
178
256
179
2
271
0
272
2
273
2
274
3
275
0
276
0
277
2
278
44
279
0
280
0
281
0
282
0
283
0
284
8
285
0
286
0
288
0
289
3
290
0
340
4C
371
-2
372
-2
  0
ENDTAB
  0
TABLE
  2
BLOCK_RECORD
  5
9
330
0
100
AcDbSymbolTable
 70
69
  0
BLOCK_RECORD
  5
17
330
9
100
AcDbSymbolTableRecord
100
AcDbBlockTableRecord
  2
*Model_Space
340
1A
 70
0
280
1
281
0
  0
BLOCK_RECORD
  5
1B
330
9
100
AcDbSymbolTableRecord
100
AcDbBlockTableRecord
  2
*Paper_Space
340
1E
 70
0
280
1
281
0
  0
BLOCK_RECORD
  5
32C
330
9
100
AcDbSymbolTableRecord
100
AcDbBlockTableRecord
  2
*D1
340
0
 70
0
280
1
281
0
  0
BLOCK_RECORD
  5
331
330
9
100
AcDbSymbolTableRecord
100
AcDbBlockTableRecord
  2
_OBLIQUE
340
0
 70
0
280
1
281
0
  0
BLOCK_RECORD
  5
33F
330
9
100
AcDbSymbolTableRecord
100
AcDbBlockTableRecord
  2
*D2
340
0
 70
0
280
1
281
0
  0
BLOCK_RECORD
  5
34E
330
9
100
AcDbSymbolTableRecord
100
AcDbBlockTableRecord
  2
*D3
340
0
 70
0
280
1
281
0
  0
BLOCK_RECORD
  5
35D
330
9
100
AcDbSymbolTableRecord
100
AcDbBlockTableRecord
  2
*D4
340
0
 70
0
280
1
281
0
  0
BLOCK_RECORD
  5
36C
330
9
100
AcDbSymbolTableRecord
100
AcDbBlockTableRecord
  2
*D5
340
0
 70
0
280
1
281
0
  0
BLOCK_RECORD
  5
37B
330
9
100
AcDbSymbolTableRecord
100
AcDbBlockTableRecord
  2
*D6
340
0
 70
0
280
1
281
0
  0
BLOCK_RECORD
  5
38A
330
9
100
AcDbSymbolTableRecord
100
AcDbBlockTableRecord
  2
*D7
340
0
 70
0
280
1
281
0
  0
BLOCK_RECORD
  5
399
330
9
100
AcDbSymbolTableRecord
100
AcDbBlockTableRecord
  2
*D8
340
0
 70
0
280
1
281
0
  0
BLOCK_RECORD
  5
3A8
330
9
100
AcDbSymbolTableRecord
100
AcDbBlockTableRecord
  2
*D9
340
0
 70
0
280
1
281
0
  0
BLOCK_RECORD
  5
3B7
330
9
100
AcDbSymbolTableRecord
100
AcDbBlockTableRecord
  2
*D10
340
0
 70
0
280
1
281
0
  0
BLOCK_RECORD
  5
3C6
330
9
100
AcDbSymbolTableRecord
100
AcDbBlockTableRecord
  2
*D11
340
0
 70
0
280
1
281
0
  0
BLOCK_RECORD
  5
3D5
330
9
100
AcDbSymbolTableRecord
100
AcDbBlockTableRecord
  2
*D12
340
0
 70
0
280
1
281
0
  0
BLOCK_RECORD
  5
3E4
330
9
100
AcDbSymbolTableRecord
100
AcDbBlockTableRecord
  2
*D13
340
0
 70
0
280
1
281
0
  0
BLOCK_RECORD
  5
3F3
330
9
100
AcDbSymbolTableRecord
100
AcDbBlockTableRecord
  2
*D14
340
0
 70
0
280
1
281
0
  0
BLOCK_RECORD
  5
402
330
9
100
AcDbSymbolTableRecord
100
AcDbBlockTableRecord
  2
*D15
340
0
 70
0
280
1
281
0
  0
BLOCK_RECORD
  5
41F
330
9
100
AcDbSymbolTableRecord
100
AcDbBlockTableRecord
  2
*D16
340
0
 70
0
280
1
281
0
  0
BLOCK_RECORD
  5
42E
330
9
100
AcDbSymbolTableRecord
100
AcDbBlockTableRecord
  2
*D17
340
0
 70
0
280
1
281
0
  0
BLOCK_RECORD
  5
43D
330
9
100
AcDbSymbolTableRecord
100
AcDbBlockTableRecord
  2
*D18
340
0
 70
0
280
1
281
0
  0
BLOCK_RECORD
  5
44C
330
9
100
AcDbSymbolTableRecord
100
AcDbBlockTableRecord
  2
*D19
340
0
 70
0
280
1
281
0
  0
BLOCK_RECORD
  5
45B
330
9
100
AcDbSymbolTableRecord
100
AcDbBlockTableRecord
  2
*D20
340
0
 70
0
280
1
281
0
  0
BLOCK_RECORD
  5
46A
330
9
100
AcDbSymbolTableRecord
100
AcDbBlockTableRecord
  2
*D21
340
0
 70
0
280
1
281
0
  0
BLOCK_RECORD
  5
479
330
9
100
AcDbSymbolTableRecord
100
AcDbBlockTableRecord
  2
*D22
340
0
 70
0
280
1
281
0
  0
BLOCK_RECORD
  5
488
330
9
100
AcDbSymbolTableRecord
100
AcDbBlockTableRecord
  2
*D23
340
0
 70
0
280
1
281
0
  0
BLOCK_RECORD
  5
497
330
9
100
AcDbSymbolTableRecord
100
AcDbBlockTableRecord
  2
*D24
340
0
 70
0
280
1
281
0
  0
BLOCK_RECORD
  5
4A6
330
9
100
AcDbSymbolTableRecord
100
AcDbBlockTableRecord
  2
*D25
340
0
 70
0
280
1
281
0
  0
BLOCK_RECORD
  5
4B5
330
9
100
AcDbSymbolTableRecord
100
AcDbBlockTableRecord
  2
*D26
340
0
 70
0
280
1
281
0
  0
BLOCK_RECORD
  5
4CC
330
9
100
AcDbSymbolTableRecord
100
AcDbBlockTableRecord
  2
*D27
340
0
 70
0
280
1
281
0
  0
BLOCK_RECORD
  5
4DB
330
9
100
AcDbSymbolTableRecord
100
AcDbBlockTableRecord
  2
*D28
340
0
 70
0
280
1
281
0
  0
BLOCK_RECORD
  5
4EA
330
9
100
AcDbSymbolTableRecord
100
AcDbBlockTableRecord
  2
*D29
340
0
 70
0
280
1
281
0
  0
BLOCK_RECORD
  5
4F9
330
9
100
AcDbSymbolTableRecord
100
AcDbBlockTableRecord
  2
*D30
340
0
 70
0
280
1
281
0
  0
BLOCK_RECORD
  5
508
330
9
100
AcDbSymbolTableRecord
100
AcDbBlockTableRecord
  2
*D31
340
0
 70
0
280
1
281
0
  0
BLOCK_RECORD
  5
517
330
9
100
AcDbSymbolTableRecord
100
AcDbBlockTableRecord
  2
*D32
340
0
 70
0
280
1
281
0
  0
BLOCK_RECORD
  5
526
330
9
100
AcDbSymbolTableRecord
100
AcDbBlockTableRecord
  2
*D33
340
0
 70
0
280
1
281
0
  0
BLOCK_RECORD
  5
535
330
9
100
AcDbSymbolTableRecord
100
AcDbBlockTableRecord
  2
*D34
340
0
 70
0
280
1
281
0
  0
BLOCK_RECORD
  5
544
330
9
100
AcDbSymbolTableRecord
100
AcDbBlockTableRecord
  2
*D35
340
0
 70
0
280
1
281
0
  0
BLOCK_RECORD
  5
553
330
9
100
AcDbSymbolTableRecord
100
AcDbBlockTableRecord
  2
*D36
340
0
 70
0
280
1
281
0
  0
BLOCK_RECORD
  5
562
330
9
100
AcDbSymbolTableRecord
100
AcDbBlockTableRecord
  2
*D37
340
0
 70
0
280
1
281
0
  0
BLOCK_RECORD
  5
57D
330
9
100
AcDbSymbolTableRecord
100
AcDbBlockTableRecord
  2
*D38
340
0
 70
0
280
1
281
0
  0
BLOCK_RECORD
  5
58C
330
9
100
AcDbSymbolTableRecord
100
AcDbBlockTableRecord
  2
*D39
340
0
 70
0
280
1
281
0
  0
BLOCK_RECORD
  5
59B
330
9
100
AcDbSymbolTableRecord
100
AcDbBlockTableRecord
  2
*D40
340
0
 70
0
280
1
281
0
  0
BLOCK_RECORD
  5
5AA
330
9
100
AcDbSymbolTableRecord
100
AcDbBlockTableRecord
  2
*D41
340
0
 70
0
280
1
281
0
  0
BLOCK_RECORD
  5
5B9
330
9
100
AcDbSymbolTableRecord
100
AcDbBlockTableRecord
  2
*D42
340
0
 70
0
280
1
281
0
  0
BLOCK_RECORD
  5
5C8
330
9
100
AcDbSymbolTableRecord
100
AcDbBlockTableRecord
  2
*D43
340
0
 70
0
280
1
281
0
  0
BLOCK_RECORD
  5
5D7
330
9
100
AcDbSymbolTableRecord
100
AcDbBlockTableRecord
  2
*D44
340
0
 70
0
280
1
281
0
  0
BLOCK_RECORD
  5
5E6
330
9
100
AcDbSymbolTableRecord
100
AcDbBlockTableRecord
  2
*D45
340
0
 70
0
280
1
281
0
  0
BLOCK_RECORD
  5
5F5
330
9
100
AcDbSymbolTableRecord
100
AcDbBlockTableRecord
  2
*D46
340
0
 70
0
280
1
281
0
  0
BLOCK_RECORD
  5
604
330
9
100
AcDbSymbolTableRecord
100
AcDbBlockTableRecord
  2
*D47
340
0
 70
0
280
1
281
0
  0
BLOCK_RECORD
  5
613
330
9
100
AcDbSymbolTableRecord
100
AcDbBlockTableRecord
  2
*D48
340
0
 70
0
280
1
281
0
  0
BLOCK_RECORD
  5
622
330
9
100
AcDbSymbolTableRecord
100
AcDbBlockTableRecord
  2
*D49
340
0
 70
0
280
1
281
0
  0
BLOCK_RECORD
  5
631
330
9
100
AcDbSymbolTableRecord
100
AcDbBlockTableRecord
  2
*D50
340
0
 70
0
280
1
281
0
  0
BLOCK_RECORD
  5
649
330
9
100
AcDbSymbolTableRecord
100
AcDbBlockTableRecord
  2
*D51
340
0
 70
0
280
1
281
0
  0
BLOCK_RECORD
  5
658
330
9
100
AcDbSymbolTableRecord
100
AcDbBlockTableRecord
  2
*D52
340
0
 70
0
280
1
281
0
  0
BLOCK_RECORD
  5
667
330
9
100
AcDbSymbolTableRecord
100
AcDbBlockTableRecord
  2
*D53
340
0
 70
0
280
1
281
0
  0
BLOCK_RECORD
  5
676
330
9
100
AcDbSymbolTableRecord
100
AcDbBlockTableRecord
  2
*D54
340
0
 70
0
280
1
281
0
  0
BLOCK_RECORD
  5
685
330
9
100
AcDbSymbolTableRecord
100
AcDbBlockTableRecord
  2
*D55
340
0
 70
0
280
1
281
0
  0
BLOCK_RECORD
  5
694
330
9
100
AcDbSymbolTableRecord
100
AcDbBlockTableRecord
  2
*D56
340
0
 70
0
280
1
281
0
  0
BLOCK_RECORD
  5
6A3
330
9
100
AcDbSymbolTableRecord
100
AcDbBlockTableRecord
  2
*D57
340
0
 70
0
280
1
281
0
  0
BLOCK_RECORD
  5
6B2
330
9
100
AcDbSymbolTableRecord
100
AcDbBlockTableRecord
  2
*D58
340
0
 70
0
280
1
281
0
  0
BLOCK_RECORD
  5
6C1
330
9
100
AcDbSymbolTableRecord
100
AcDbBlockTableRecord
  2
*D59
340
0
 70
0
280
1
281
0
  0
BLOCK_RECORD
  5
6D0
330
9
100
AcDbSymbolTableRecord
100
AcDbBlockTableRecord
  2
*D60
340
0
 70
0
280
1
281
0
  0
BLOCK_RECORD
  5
6DF
330
9
100
AcDbSymbolTableRecord
100
AcDbBlockTableRecord
  2
*D61
340
0
 70
0
280
1
281
0
  0
BLOCK_RECORD
  5
6EE
330
9
100
AcDbSymbolTableRecord
100
AcDbBlockTableRecord
  2
*D62
340
0
 70
0
280
1
281
0
  0
BLOCK_RECORD
  5
6FD
330
9
100
AcDbSymbolTableRecord
100
AcDbBlockTableRecord
  2
*D63
340
0
 70
0
280
1
281
0
  0
BLOCK_RECORD
  5
70C
330
9
100
AcDbSymbolTableRecord
100
AcDbBlockTableRecord
  2
*D64
340
0
 70
0
280
1
281
0
  0
BLOCK_RECORD
  5
71B
330
9
100
AcDbSymbolTableRecord
100
AcDbBlockTableRecord
  2
*D65
340
0
 70
0
280
1
281
0
  0
BLOCK_RECORD
  5
72A
330
9
100
AcDbSymbolTableRecord
100
AcDbBlockTableRecord
  2
*D66
340
0
 70
0
280
1
281
0
  0
ENDTAB
  0
ENDSEC
  0
SECTION
  2
BLOCKS
  0
BLOCK
  5
18
330
17
100
AcDbEntity
  8
0
100
AcDbBlockBegin
  2
*Model_Space
 70
0
 10
0.0
 20
0.0
 30
0.0
  3
*Model_Space
  1

  0
ENDBLK
  5
19
330
17
100
AcDbEntity
  8
0
100
AcDbBlockEnd
  0
BLOCK
  5
1C
330
1B
100
AcDbEntity
  8
0
100
AcDbBlockBegin
  2
*Paper_Space
 70
0
 10
0.0
 20
0.0
 30
0.0
  3
*Paper_Space
  1

  0
ENDBLK
  5
1D
330
1B
100
AcDbEntity
  8
0
100
AcDbBlockEnd
  0
BLOCK
  5
32D
330
32C
100
AcDbEntity
  8
0
100
AcDbBlockBegin
  2
*D1
 70
1
 10
0.0
 20
0.0
 30
0.0
  3
*D1
  1

  0
LINE
  5
32F
330
32C
100
AcDbEntity
  8
0
100
AcDbLine
 10
0.0
 20
1510.0
 30
0.0
 11
0.0
 21
1752.0
 31
0.0
  0
LINE
  5
330
330
32C
100
AcDbEntity
  8
0
100
AcDbLine
 10
160.0
 20
1510.0
 30
0.0
 11
160.0
 21
1752.0
 31
0.0
  0
INSERT
  5
335
330
32C
100
AcDbEntity
  8
M-GOST-DISOLCU
100
AcDbBlockReference
  2
_OBLIQUE
 10
0.0
 20
1740.0
 30
0.0
 41
16.0
 42
16.0
  0
INSERT
  5
337
330
32C
100
AcDbEntity
  8
M-GOST-DISOLCU
100
AcDbBlockReference
  2
_OBLIQUE
 10
160.0
 20
1740.0
 30
0.0
 41
16.0
 42
16.0
  0
LINE
  5
339
330
32C
100
AcDbEntity
  8
0
100
AcDbLine
 10
0.0
 20
1740.0
 30
0.0
 11
160.0
 21
1740.0
 31
0.0
  0
MTEXT
  5
33A
330
32C
100
AcDbEntity
  8
M-GOST-DISOLCU
100
AcDbMText
 10
80.0
 20
1751.48
 30
0.0
 40
12.96
 71
5
  1
160
  7
YAZI
  0
POINT
  5
33B
330
32C
100
AcDbEntity
  8
Defpoints
100
AcDbPoint
 10
0.0
 20
1740.0
 30
0.0
  0
POINT
  5
33C
330
32C
100
AcDbEntity
  8
Defpoints
100
AcDbPoint
 10
0.0
 20
1510.0
 30
0.0
  0
POINT
  5
33D
330
32C
100
AcDbEntity
  8
Defpoints
100
AcDbPoint
 10
160.0
 20
1510.0
 30
0.0
  0
ENDBLK
  5
32E
330
32C
100
AcDbEntity
  8
0
100
AcDbBlockEnd
  0
BLOCK
  5
332
330
331
100
AcDbEntity
  8
0
100
AcDbBlockBegin
  2
_OBLIQUE
 70
0
 10
0.0
 20
0.0
 30
0.0
  3
_OBLIQUE
  1

  0
LINE
  5
334
330
331
100
AcDbEntity
  8
0
  6
BYBLOCK
 62
0
100
AcDbLine
 10
-0.5
 20
-0.5000000000000001
 30
0.0
 11
0.5000000000000001
 21
0.5
 31
0.0
  0
ENDBLK
  5
333
330
331
100
AcDbEntity
  8
0
100
AcDbBlockEnd
  0
BLOCK
  5
340
330
33F
100
AcDbEntity
  8
0
100
AcDbBlockBegin
  2
*D2
 70
1
 10
0.0
 20
0.0
 30
0.0
  3
*D2
  1

  0
LINE
  5
342
330
33F
100
AcDbEntity
  8
0
100
AcDbLine
 10
160.0
 20
1510.0
 30
0.0
 11
160.0
 21
1752.0
 31
0.0
  0
LINE
  5
343
330
33F
100
AcDbEntity
  8
0
100
AcDbLine
 10
420.0
 20
1510.0
 30
0.0
 11
420.0
 21
1752.0
 31
0.0
  0
INSERT
  5
344
330
33F
100
AcDbEntity
  8
M-GOST-DISOLCU
100
AcDbBlockReference
  2
_OBLIQUE
 10
160.0
 20
1740.0
 30
0.0
 41
16.0
 42
16.0
  0
INSERT
  5
346
330
33F
100
AcDbEntity
  8
M-GOST-DISOLCU
100
AcDbBlockReference
  2
_OBLIQUE
 10
420.0
 20
1740.0
 30
0.0
 41
16.0
 42
16.0
  0
LINE
  5
348
330
33F
100
AcDbEntity
  8
0
100
AcDbLine
 10
160.0
 20
1740.0
 30
0.0
 11
420.0
 21
1740.0
 31
0.0
  0
MTEXT
  5
349
330
33F
100
AcDbEntity
  8
M-GOST-DISOLCU
100
AcDbMText
 10
290.0
 20
1751.48
 30
0.0
 40
12.96
 71
5
  1
260
  7
YAZI
  0
POINT
  5
34A
330
33F
100
AcDbEntity
  8
Defpoints
100
AcDbPoint
 10
160.0
 20
1740.0
 30
0.0
  0
POINT
  5
34B
330
33F
100
AcDbEntity
  8
Defpoints
100
AcDbPoint
 10
160.0
 20
1510.0
 30
0.0
  0
POINT
  5
34C
330
33F
100
AcDbEntity
  8
Defpoints
100
AcDbPoint
 10
420.0
 20
1510.0
 30
0.0
  0
ENDBLK
  5
341
330
33F
100
AcDbEntity
  8
0
100
AcDbBlockEnd
  0
BLOCK
  5
34F
330
34E
100
AcDbEntity
  8
0
100
AcDbBlockBegin
  2
*D3
 70
1
 10
0.0
 20
0.0
 30
0.0
  3
*D3
  1

  0
LINE
  5
351
330
34E
100
AcDbEntity
  8
0
100
AcDbLine
 10
420.0
 20
1510.0
 30
0.0
 11
420.0
 21
1752.0
 31
0.0
  0
LINE
  5
352
330
34E
100
AcDbEntity
  8
0
100
AcDbLine
 10
630.0
 20
1510.0
 30
0.0
 11
630.0
 21
1752.0
 31
0.0
  0
INSERT
  5
353
330
34E
100
AcDbEntity
  8
M-GOST-DISOLCU
100
AcDbBlockReference
  2
_OBLIQUE
 10
420.0
 20
1740.0
 30
0.0
 41
16.0
 42
16.0
  0
INSERT
  5
355
330
34E
100
AcDbEntity
  8
M-GOST-DISOLCU
100
AcDbBlockReference
  2
_OBLIQUE
 10
630.0
 20
1740.0
 30
0.0
 41
16.0
 42
16.0
  0
LINE
  5
357
330
34E
100
AcDbEntity
  8
0
100
AcDbLine
 10
420.0
 20
1740.0
 30
0.0
 11
630.0
 21
1740.0
 31
0.0
  0
MTEXT
  5
358
330
34E
100
AcDbEntity
  8
M-GOST-DISOLCU
100
AcDbMText
 10
525.0
 20
1751.48
 30
0.0
 40
12.96
 71
5
  1
210
  7
YAZI
  0
POINT
  5
359
330
34E
100
AcDbEntity
  8
Defpoints
100
AcDbPoint
 10
420.0
 20
1740.0
 30
0.0
  0
POINT
  5
35A
330
34E
100
AcDbEntity
  8
Defpoints
100
AcDbPoint
 10
420.0
 20
1510.0
 30
0.0
  0
POINT
  5
35B
330
34E
100
AcDbEntity
  8
Defpoints
100
AcDbPoint
 10
630.0
 20
1510.0
 30
0.0
  0
ENDBLK
  5
350
330
34E
100
AcDbEntity
  8
0
100
AcDbBlockEnd
  0
BLOCK
  5
35E
330
35D
100
AcDbEntity
  8
0
100
AcDbBlockBegin
  2
*D4
 70
1
 10
0.0
 20
0.0
 30
0.0
  3
*D4
  1

  0
LINE
  5
360
330
35D
100
AcDbEntity
  8
0
100
AcDbLine
 10
630.0
 20
1510.0
 30
0.0
 11
630.0
 21
1752.0
 31
0.0
  0
LINE
  5
361
330
35D
100
AcDbEntity
  8
0
100
AcDbLine
 10
730.0
 20
1510.0
 30
0.0
 11
730.0
 21
1752.0
 31
0.0
  0
INSERT
  5
362
330
35D
100
AcDbEntity
  8
M-GOST-DISOLCU
100
AcDbBlockReference
  2
_OBLIQUE
 10
630.0
 20
1740.0
 30
0.0
 41
16.0
 42
16.0
  0
INSERT
  5
364
330
35D
100
AcDbEntity
  8
M-GOST-DISOLCU
100
AcDbBlockReference
  2
_OBLIQUE
 10
730.0
 20
1740.0
 30
0.0
 41
16.0
 42
16.0
  0
LINE
  5
366
330
35D
100
AcDbEntity
  8
0
100
AcDbLine
 10
630.0
 20
1740.0
 30
0.0
 11
730.0
 21
1740.0
 31
0.0
  0
MTEXT
  5
367
330
35D
100
AcDbEntity
  8
M-GOST-DISOLCU
100
AcDbMText
 10
680.0
 20
1751.48
 30
0.0
 40
12.96
 71
5
  1
100
  7
YAZI
  0
POINT
  5
368
330
35D
100
AcDbEntity
  8
Defpoints
100
AcDbPoint
 10
630.0
 20
1740.0
 30
0.0
  0
POINT
  5
369
330
35D
100
AcDbEntity
  8
Defpoints
100
AcDbPoint
 10
630.0
 20
1510.0
 30
0.0
  0
POINT
  5
36A
330
35D
100
AcDbEntity
  8
Defpoints
100
AcDbPoint
 10
730.0
 20
1510.0
 30
0.0
  0
ENDBLK
  5
35F
330
35D
100
AcDbEntity
  8
0
100
AcDbBlockEnd
  0
BLOCK
  5
36D
330
36C
100
AcDbEntity
  8
0
100
AcDbBlockBegin
  2
*D5
 70
1
 10
0.0
 20
0.0
 30
0.0
  3
*D5
  1

  0
LINE
  5
36F
330
36C
100
AcDbEntity
  8
0
100
AcDbLine
 10
730.0
 20
1510.0
 30
0.0
 11
730.0
 21
1752.0
 31
0.0
  0
LINE
  5
370
330
36C
100
AcDbEntity
  8
0
100
AcDbLine
 10
830.0
 20
1510.0
 30
0.0
 11
830.0
 21
1752.0
 31
0.0
  0
INSERT
  5
371
330
36C
100
AcDbEntity
  8
M-GOST-DISOLCU
100
AcDbBlockReference
  2
_OBLIQUE
 10
730.0
 20
1740.0
 30
0.0
 41
16.0
 42
16.0
  0
INSERT
  5
373
330
36C
100
AcDbEntity
  8
M-GOST-DISOLCU
100
AcDbBlockReference
  2
_OBLIQUE
 10
830.0
 20
1740.0
 30
0.0
 41
16.0
 42
16.0
  0
LINE
  5
375
330
36C
100
AcDbEntity
  8
0
100
AcDbLine
 10
730.0
 20
1740.0
 30
0.0
 11
830.0
 21
1740.0
 31
0.0
  0
MTEXT
  5
376
330
36C
100
AcDbEntity
  8
M-GOST-DISOLCU
100
AcDbMText
 10
780.0
 20
1751.48
 30
0.0
 40
12.96
 71
5
  1
100
  7
YAZI
  0
POINT
  5
377
330
36C
100
AcDbEntity
  8
Defpoints
100
AcDbPoint
 10
730.0
 20
1740.0
 30
0.0
  0
POINT
  5
378
330
36C
100
AcDbEntity
  8
Defpoints
100
AcDbPoint
 10
730.0
 20
1510.0
 30
0.0
  0
POINT
  5
379
330
36C
100
AcDbEntity
  8
Defpoints
100
AcDbPoint
 10
830.0
 20
1510.0
 30
0.0
  0
ENDBLK
  5
36E
330
36C
100
AcDbEntity
  8
0
100
AcDbBlockEnd
  0
BLOCK
  5
37C
330
37B
100
AcDbEntity
  8
0
100
AcDbBlockBegin
  2
*D6
 70
1
 10
0.0
 20
0.0
 30
0.0
  3
*D6
  1

  0
LINE
  5
37E
330
37B
100
AcDbEntity
  8
0
100
AcDbLine
 10
830.0
 20
1510.0
 30
0.0
 11
830.0
 21
1752.0
 31
0.0
  0
LINE
  5
37F
330
37B
100
AcDbEntity
  8
0
100
AcDbLine
 10
970.0
 20
1510.0
 30
0.0
 11
970.0
 21
1752.0
 31
0.0
  0
INSERT
  5
380
330
37B
100
AcDbEntity
  8
M-GOST-DISOLCU
100
AcDbBlockReference
  2
_OBLIQUE
 10
830.0
 20
1740.0
 30
0.0
 41
16.0
 42
16.0
  0
INSERT
  5
382
330
37B
100
AcDbEntity
  8
M-GOST-DISOLCU
100
AcDbBlockReference
  2
_OBLIQUE
 10
970.0
 20
1740.0
 30
0.0
 41
16.0
 42
16.0
  0
LINE
  5
384
330
37B
100
AcDbEntity
  8
0
100
AcDbLine
 10
830.0
 20
1740.0
 30
0.0
 11
970.0
 21
1740.0
 31
0.0
  0
MTEXT
  5
385
330
37B
100
AcDbEntity
  8
M-GOST-DISOLCU
100
AcDbMText
 10
900.0
 20
1751.48
 30
0.0
 40
12.96
 71
5
  1
140
  7
YAZI
  0
POINT
  5
386
330
37B
100
AcDbEntity
  8
Defpoints
100
AcDbPoint
 10
830.0
 20
1740.0
 30
0.0
  0
POINT
  5
387
330
37B
100
AcDbEntity
  8
Defpoints
100
AcDbPoint
 10
830.0
 20
1510.0
 30
0.0
  0
POINT
  5
388
330
37B
100
AcDbEntity
  8
Defpoints
100
AcDbPoint
 10
970.0
 20
1510.0
 30
0.0
  0
ENDBLK
  5
37D
330
37B
100
AcDbEntity
  8
0
100
AcDbBlockEnd
  0
BLOCK
  5
38B
330
38A
100
AcDbEntity
  8
0
100
AcDbBlockBegin
  2
*D7
 70
1
 10
0.0
 20
0.0
 30
0.0
  3
*D7
  1

  0
LINE
  5
38D
330
38A
100
AcDbEntity
  8
0
100
AcDbLine
 10
970.0
 20
1510.0
 30
0.0
 11
970.0
 21
1752.0
 31
0.0
  0
LINE
  5
38E
330
38A
100
AcDbEntity
  8
0
100
AcDbLine
 10
1020.0
 20
1510.0
 30
0.0
 11
1020.0
 21
1752.0
 31
0.0
  0
INSERT
  5
38F
330
38A
100
AcDbEntity
  8
M-GOST-DISOLCU
100
AcDbBlockReference
  2
_OBLIQUE
 10
970.0
 20
1740.0
 30
0.0
 41
16.0
 42
16.0
  0
INSERT
  5
391
330
38A
100
AcDbEntity
  8
M-GOST-DISOLCU
100
AcDbBlockReference
  2
_OBLIQUE
 10
1020.0
 20
1740.0
 30
0.0
 41
16.0
 42
16.0
  0
LINE
  5
393
330
38A
100
AcDbEntity
  8
0
100
AcDbLine
 10
970.0
 20
1740.0
 30
0.0
 11
1020.0
 21
1740.0
 31
0.0
  0
MTEXT
  5
394
330
38A
100
AcDbEntity
  8
M-GOST-DISOLCU
100
AcDbMText
 10
995.0
 20
1751.48
 30
0.0
 40
12.96
 71
5
  1
50
  7
YAZI
  0
POINT
  5
395
330
38A
100
AcDbEntity
  8
Defpoints
100
AcDbPoint
 10
970.0
 20
1740.0
 30
0.0
  0
POINT
  5
396
330
38A
100
AcDbEntity
  8
Defpoints
100
AcDbPoint
 10
970.0
 20
1510.0
 30
0.0
  0
POINT
  5
397
330
38A
100
AcDbEntity
  8
Defpoints
100
AcDbPoint
 10
1020.0
 20
1510.0
 30
0.0
  0
ENDBLK
  5
38C
330
38A
100
AcDbEntity
  8
0
100
AcDbBlockEnd
  0
BLOCK
  5
39A
330
399
100
AcDbEntity
  8
0
100
AcDbBlockBegin
  2
*D8
 70
1
 10
0.0
 20
0.0
 30
0.0
  3
*D8
  1

  0
LINE
  5
39C
330
399
100
AcDbEntity
  8
0
100
AcDbLine
 10
1020.0
 20
1510.0
 30
0.0
 11
1020.0
 21
1752.0
 31
0.0
  0
LINE
  5
39D
330
399
100
AcDbEntity
  8
0
100
AcDbLine
 10
1200.0
 20
1510.0
 30
0.0
 11
1200.0
 21
1752.0
 31
0.0
  0
INSERT
  5
39E
330
399
100
AcDbEntity
  8
M-GOST-DISOLCU
100
AcDbBlockReference
  2
_OBLIQUE
 10
1020.0
 20
1740.0
 30
0.0
 41
16.0
 42
16.0
  0
INSERT
  5
3A0
330
399
100
AcDbEntity
  8
M-GOST-DISOLCU
100
AcDbBlockReference
  2
_OBLIQUE
 10
1200.0
 20
1740.0
 30
0.0
 41
16.0
 42
16.0
  0
LINE
  5
3A2
330
399
100
AcDbEntity
  8
0
100
AcDbLine
 10
1020.0
 20
1740.0
 30
0.0
 11
1200.0
 21
1740.0
 31
0.0
  0
MTEXT
  5
3A3
330
399
100
AcDbEntity
  8
M-GOST-DISOLCU
100
AcDbMText
 10
1110.0
 20
1751.48
 30
0.0
 40
12.96
 71
5
  1
180
  7
YAZI
  0
POINT
  5
3A4
330
399
100
AcDbEntity
  8
Defpoints
100
AcDbPoint
 10
1020.0
 20
1740.0
 30
0.0
  0
POINT
  5
3A5
330
399
100
AcDbEntity
  8
Defpoints
100
AcDbPoint
 10
1020.0
 20
1510.0
 30
0.0
  0
POINT
  5
3A6
330
399
100
AcDbEntity
  8
Defpoints
100
AcDbPoint
 10
1200.0
 20
1510.0
 30
0.0
  0
ENDBLK
  5
39B
330
399
100
AcDbEntity
  8
0
100
AcDbBlockEnd
  0
BLOCK
  5
3A9
330
3A8
100
AcDbEntity
  8
0
100
AcDbBlockBegin
  2
*D9
 70
1
 10
0.0
 20
0.0
 30
0.0
  3
*D9
  1

  0
LINE
  5
3AB
330
3A8
100
AcDbEntity
  8
0
100
AcDbLine
 10
1200.0
 20
1510.0
 30
0.0
 11
1200.0
 21
1752.0
 31
0.0
  0
LINE
  5
3AC
330
3A8
100
AcDbEntity
  8
0
100
AcDbLine
 10
1540.0
 20
1510.0
 30
0.0
 11
1540.0
 21
1752.0
 31
0.0
  0
INSERT
  5
3AD
330
3A8
100
AcDbEntity
  8
M-GOST-DISOLCU
100
AcDbBlockReference
  2
_OBLIQUE
 10
1200.0
 20
1740.0
 30
0.0
 41
16.0
 42
16.0
  0
INSERT
  5
3AF
330
3A8
100
AcDbEntity
  8
M-GOST-DISOLCU
100
AcDbBlockReference
  2
_OBLIQUE
 10
1540.0
 20
1740.0
 30
0.0
 41
16.0
 42
16.0
  0
LINE
  5
3B1
330
3A8
100
AcDbEntity
  8
0
100
AcDbLine
 10
1200.0
 20
1740.0
 30
0.0
 11
1540.0
 21
1740.0
 31
0.0
  0
MTEXT
  5
3B2
330
3A8
100
AcDbEntity
  8
M-GOST-DISOLCU
100
AcDbMText
 10
1370.0
 20
1751.48
 30
0.0
 40
12.96
 71
5
  1
340
  7
YAZI
  0
POINT
  5
3B3
330
3A8
100
AcDbEntity
  8
Defpoints
100
AcDbPoint
 10
1200.0
 20
1740.0
 30
0.0
  0
POINT
  5
3B4
330
3A8
100
AcDbEntity
  8
Defpoints
100
AcDbPoint
 10
1200.0
 20
1510.0
 30
0.0
  0
POINT
  5
3B5
330
3A8
100
AcDbEntity
  8
Defpoints
100
AcDbPoint
 10
1540.0
 20
1510.0
 30
0.0
  0
ENDBLK
  5
3AA
330
3A8
100
AcDbEntity
  8
0
100
AcDbBlockEnd
  0
BLOCK
  5
3B8
330
3B7
100
AcDbEntity
  8
0
100
AcDbBlockBegin
  2
*D10
 70
1
 10
0.0
 20
0.0
 30
0.0
  3
*D10
  1

  0
LINE
  5
3BA
330
3B7
100
AcDbEntity
  8
0
100
AcDbLine
 10
1540.0
 20
1510.0
 30
0.0
 11
1540.0
 21
1752.0
 31
0.0
  0
LINE
  5
3BB
330
3B7
100
AcDbEntity
  8
0
100
AcDbLine
 10
1860.0
 20
1510.0
 30
0.0
 11
1860.0
 21
1752.0
 31
0.0
  0
INSERT
  5
3BC
330
3B7
100
AcDbEntity
  8
M-GOST-DISOLCU
100
AcDbBlockReference
  2
_OBLIQUE
 10
1540.0
 20
1740.0
 30
0.0
 41
16.0
 42
16.0
  0
INSERT
  5
3BE
330
3B7
100
AcDbEntity
  8
M-GOST-DISOLCU
100
AcDbBlockReference
  2
_OBLIQUE
 10
1860.0
 20
1740.0
 30
0.0
 41
16.0
 42
16.0
  0
LINE
  5
3C0
330
3B7
100
AcDbEntity
  8
0
100
AcDbLine
 10
1540.0
 20
1740.0
 30
0.0
 11
1860.0
 21
1740.0
 31
0.0
  0
MTEXT
  5
3C1
330
3B7
100
AcDbEntity
  8
M-GOST-DISOLCU
100
AcDbMText
 10
1700.0
 20
1751.48
 30
0.0
 40
12.96
 71
5
  1
320
  7
YAZI
  0
POINT
  5
3C2
330
3B7
100
AcDbEntity
  8
Defpoints
100
AcDbPoint
 10
1540.0
 20
1740.0
 30
0.0
  0
POINT
  5
3C3
330
3B7
100
AcDbEntity
  8
Defpoints
100
AcDbPoint
 10
1540.0
 20
1510.0
 30
0.0
  0
POINT
  5
3C4
330
3B7
100
AcDbEntity
  8
Defpoints
100
AcDbPoint
 10
1860.0
 20
1510.0
 30
0.0
  0
ENDBLK
  5
3B9
330
3B7
100
AcDbEntity
  8
0
100
AcDbBlockEnd
  0
BLOCK
  5
3C7
330
3C6
100
AcDbEntity
  8
0
100
AcDbBlockBegin
  2
*D11
 70
1
 10
0.0
 20
0.0
 30
0.0
  3
*D11
  1

  0
LINE
  5
3C9
330
3C6
100
AcDbEntity
  8
0
100
AcDbLine
 10
1860.0
 20
1510.0
 30
0.0
 11
1860.0
 21
1752.0
 31
0.0
  0
LINE
  5
3CA
330
3C6
100
AcDbEntity
  8
0
100
AcDbLine
 10
2000.0
 20
1510.0
 30
0.0
 11
2000.0
 21
1752.0
 31
0.0
  0
INSERT
  5
3CB
330
3C6
100
AcDbEntity
  8
M-GOST-DISOLCU
100
AcDbBlockReference
  2
_OBLIQUE
 10
1860.0
 20
1740.0
 30
0.0
 41
16.0
 42
16.0
  0
INSERT
  5
3CD
330
3C6
100
AcDbEntity
  8
M-GOST-DISOLCU
100
AcDbBlockReference
  2
_OBLIQUE
 10
2000.0
 20
1740.0
 30
0.0
 41
16.0
 42
16.0
  0
LINE
  5
3CF
330
3C6
100
AcDbEntity
  8
0
100
AcDbLine
 10
1860.0
 20
1740.0
 30
0.0
 11
2000.0
 21
1740.0
 31
0.0
  0
MTEXT
  5
3D0
330
3C6
100
AcDbEntity
  8
M-GOST-DISOLCU
100
AcDbMText
 10
1930.0
 20
1751.48
 30
0.0
 40
12.96
 71
5
  1
140
  7
YAZI
  0
POINT
  5
3D1
330
3C6
100
AcDbEntity
  8
Defpoints
100
AcDbPoint
 10
1860.0
 20
1740.0
 30
0.0
  0
POINT
  5
3D2
330
3C6
100
AcDbEntity
  8
Defpoints
100
AcDbPoint
 10
1860.0
 20
1510.0
 30
0.0
  0
POINT
  5
3D3
330
3C6
100
AcDbEntity
  8
Defpoints
100
AcDbPoint
 10
2000.0
 20
1510.0
 30
0.0
  0
ENDBLK
  5
3C8
330
3C6
100
AcDbEntity
  8
0
100
AcDbBlockEnd
  0
BLOCK
  5
3D6
330
3D5
100
AcDbEntity
  8
0
100
AcDbBlockBegin
  2
*D12
 70
1
 10
0.0
 20
0.0
 30
0.0
  3
*D12
  1

  0
LINE
  5
3D8
330
3D5
100
AcDbEntity
  8
0
100
AcDbLine
 10
0.0
 20
1800.0
 30
0.0
 11
7.347880794884119e-16
 21
1812.0
 31
0.0
  0
LINE
  5
3D9
330
3D5
100
AcDbEntity
  8
0
100
AcDbLine
 10
780.0
 20
1800.0
 30
0.0
 11
780.0
 21
1812.0
 31
0.0
  0
INSERT
  5
3DA
330
3D5
100
AcDbEntity
  8
M-GOST-DISOLCU
100
AcDbBlockReference
  2
_OBLIQUE
 10
0.0
 20
1800.0
 30
0.0
 41
16.0
 42
16.0
  0
INSERT
  5
3DC
330
3D5
100
AcDbEntity
  8
M-GOST-DISOLCU
100
AcDbBlockReference
  2
_OBLIQUE
 10
780.0
 20
1800.0
 30
0.0
 41
16.0
 42
16.0
  0
LINE
  5
3DE
330
3D5
100
AcDbEntity
  8
0
100
AcDbLine
 10
0.0
 20
1800.0
 30
0.0
 11
780.0
 21
1800.0
 31
0.0
  0
MTEXT
  5
3DF
330
3D5
100
AcDbEntity
  8
M-GOST-DISOLCU
100
AcDbMText
 10
390.0
 20
1811.48
 30
0.0
 40
12.96
 71
5
  1
780
  7
YAZI
  0
POINT
  5
3E0
330
3D5
100
AcDbEntity
  8
Defpoints
100
AcDbPoint
 10
0.0
 20
1800.0
 30
0.0
  0
POINT
  5
3E1
330
3D5
100
AcDbEntity
  8
Defpoints
100
AcDbPoint
 10
0.0
 20
1800.0
 30
0.0
  0
POINT
  5
3E2
330
3D5
100
AcDbEntity
  8
Defpoints
100
AcDbPoint
 10
780.0
 20
1800.0
 30
0.0
  0
ENDBLK
  5
3D7
330
3D5
100
AcDbEntity
  8
0
100
AcDbBlockEnd
  0
BLOCK
  5
3E5
330
3E4
100
AcDbEntity
  8
0
100
AcDbBlockBegin
  2
*D13
 70
1
 10
0.0
 20
0.0
 30
0.0
  3
*D13
  1

  0
LINE
  5
3E7
330
3E4
100
AcDbEntity
  8
0
100
AcDbLine
 10
780.0
 20
1800.0
 30
0.0
 11
780.0
 21
1812.0
 31
0.0
  0
LINE
  5
3E8
330
3E4
100
AcDbEntity
  8
0
100
AcDbLine
 10
1260.0
 20
1800.0
 30
0.0
 11
1260.0
 21
1812.0
 31
0.0
  0
INSERT
  5
3E9
330
3E4
100
AcDbEntity
  8
M-GOST-DISOLCU
100
AcDbBlockReference
  2
_OBLIQUE
 10
780.0
 20
1800.0
 30
0.0
 41
16.0
 42
16.0
  0
INSERT
  5
3EB
330
3E4
100
AcDbEntity
  8
M-GOST-DISOLCU
100
AcDbBlockReference
  2
_OBLIQUE
 10
1260.0
 20
1800.0
 30
0.0
 41
16.0
 42
16.0
  0
LINE
  5
3ED
330
3E4
100
AcDbEntity
  8
0
100
AcDbLine
 10
780.0
 20
1800.0
 30
0.0
 11
1260.0
 21
1800.0
 31
0.0
  0
MTEXT
  5
3EE
330
3E4
100
AcDbEntity
  8
M-GOST-DISOLCU
100
AcDbMText
 10
1020.0
 20
1811.48
 30
0.0
 40
12.96
 71
5
  1
480
  7
YAZI
  0
POINT
  5
3EF
330
3E4
100
AcDbEntity
  8
Defpoints
100
AcDbPoint
 10
780.0
 20
1800.0
 30
0.0
  0
POINT
  5
3F0
330
3E4
100
AcDbEntity
  8
Defpoints
100
AcDbPoint
 10
780.0
 20
1800.0
 30
0.0
  0
POINT
  5
3F1
330
3E4
100
AcDbEntity
  8
Defpoints
100
AcDbPoint
 10
1260.0
 20
1800.0
 30
0.0
  0
ENDBLK
  5
3E6
330
3E4
100
AcDbEntity
  8
0
100
AcDbBlockEnd
  0
BLOCK
  5
3F4
330
3F3
100
AcDbEntity
  8
0
100
AcDbBlockBegin
  2
*D14
 70
1
 10
0.0
 20
0.0
 30
0.0
  3
*D14
  1

  0
LINE
  5
3F6
330
3F3
100
AcDbEntity
  8
0
100
AcDbLine
 10
1260.0
 20
1800.0
 30
0.0
 11
1260.0
 21
1812.0
 31
0.0
  0
LINE
  5
3F7
330
3F3
100
AcDbEntity
  8
0
100
AcDbLine
 10
2000.0
 20
1800.0
 30
0.0
 11
2000.0
 21
1812.0
 31
0.0
  0
INSERT
  5
3F8
330
3F3
100
AcDbEntity
  8
M-GOST-DISOLCU
100
AcDbBlockReference
  2
_OBLIQUE
 10
1260.0
 20
1800.0
 30
0.0
 41
16.0
 42
16.0
  0
INSERT
  5
3FA
330
3F3
100
AcDbEntity
  8
M-GOST-DISOLCU
100
AcDbBlockReference
  2
_OBLIQUE
 10
2000.0
 20
1800.0
 30
0.0
 41
16.0
 42
16.0
  0
LINE
  5
3FC
330
3F3
100
AcDbEntity
  8
0
100
AcDbLine
 10
1260.0
 20
1800.0
 30
0.0
 11
2000.0
 21
1800.0
 31
0.0
  0
MTEXT
  5
3FD
330
3F3
100
AcDbEntity
  8
M-GOST-DISOLCU
100
AcDbMText
 10
1630.0
 20
1811.48
 30
0.0
 40
12.96
 71
5
  1
740
  7
YAZI
  0
POINT
  5
3FE
330
3F3
100
AcDbEntity
  8
Defpoints
100
AcDbPoint
 10
1260.0
 20
1800.0
 30
0.0
  0
POINT
  5
3FF
330
3F3
100
AcDbEntity
  8
Defpoints
100
AcDbPoint
 10
1260.0
 20
1800.0
 30
0.0
  0
POINT
  5
400
330
3F3
100
AcDbEntity
  8
Defpoints
100
AcDbPoint
 10
2000.0
 20
1800.0
 30
0.0
  0
ENDBLK
  5
3F5
330
3F3
100
AcDbEntity
  8
0
100
AcDbBlockEnd
  0
BLOCK
  5
403
330
402
100
AcDbEntity
  8
0
100
AcDbBlockBegin
  2
*D15
 70
1
 10
0.0
 20
0.0
 30
0.0
  3
*D15
  1

  0
LINE
  5
405
330
402
100
AcDbEntity
  8
0
100
AcDbLine
 10
0.0
 20
1860.0
 30
0.0
 11
7.347880794884119e-16
 21
1872.0
 31
0.0
  0
LINE
  5
406
330
402
100
AcDbEntity
  8
0
100
AcDbLine
 10
2000.0
 20
1860.0
 30
0.0
 11
2000.0
 21
1872.0
 31
0.0
  0
INSERT
  5
407
330
402
100
AcDbEntity
  8
M-GOST-DISOLCU
100
AcDbBlockReference
  2
_OBLIQUE
 10
0.0
 20
1860.0
 30
0.0
 41
16.0
 42
16.0
  0
INSERT
  5
409
330
402
100
AcDbEntity
  8
M-GOST-DISOLCU
100
AcDbBlockReference
  2
_OBLIQUE
 10
2000.0
 20
1860.0
 30
0.0
 41
16.0
 42
16.0
  0
LINE
  5
40B
330
402
100
AcDbEntity
  8
0
100
AcDbLine
 10
0.0
 20
1860.0
 30
0.0
 11
2000.0
 21
1860.0
 31
0.0
  0
MTEXT
  5
40C
330
402
100
AcDbEntity
  8
M-GOST-DISOLCU
100
AcDbMText
 10
1000.0
 20
1871.48
 30
0.0
 40
12.96
 71
5
  1
2000
  7
YAZI
  0
POINT
  5
40D
330
402
100
AcDbEntity
  8
Defpoints
100
AcDbPoint
 10
0.0
 20
1860.0
 30
0.0
  0
POINT
  5
40E
330
402
100
AcDbEntity
  8
Defpoints
100
AcDbPoint
 10
0.0
 20
1860.0
 30
0.0
  0
POINT
  5
40F
330
402
100
AcDbEntity
  8
Defpoints
100
AcDbPoint
 10
2000.0
 20
1860.0
 30
0.0
  0
ENDBLK
  5
404
330
402
100
AcDbEntity
  8
0
100
AcDbBlockEnd
  0
BLOCK
  5
420
330
41F
100
AcDbEntity
  8
0
100
AcDbBlockBegin
  2
*D16
 70
1
 10
0.0
 20
0.0
 30
0.0
  3
*D16
  1

  0
LINE
  5
422
330
41F
100
AcDbEntity
  8
0
100
AcDbLine
 10
0.0
 20
-210.0
 30
0.0
 11
7.347880794884119e-16
 21
-198.0
 31
0.0
  0
LINE
  5
423
330
41F
100
AcDbEntity
  8
0
100
AcDbLine
 10
180.0
 20
-210.0
 30
0.0
 11
180.0
 21
-198.0
 31
0.0
  0
INSERT
  5
424
330
41F
100
AcDbEntity
  8
M-GOST-DISOLCU
100
AcDbBlockReference
  2
_OBLIQUE
 10
0.0
 20
-210.0
 30
0.0
 41
16.0
 42
16.0
  0
INSERT
  5
426
330
41F
100
AcDbEntity
  8
M-GOST-DISOLCU
100
AcDbBlockReference
  2
_OBLIQUE
 10
180.0
 20
-210.0
 30
0.0
 41
16.0
 42
16.0
  0
LINE
  5
428
330
41F
100
AcDbEntity
  8
0
100
AcDbLine
 10
0.0
 20
-210.0
 30
0.0
 11
180.0
 21
-210.0
 31
0.0
  0
MTEXT
  5
429
330
41F
100
AcDbEntity
  8
M-GOST-DISOLCU
100
AcDbMText
 10
90.0
 20
-198.52
 30
0.0
 40
12.96
 71
5
  1
180
  7
YAZI
  0
POINT
  5
42A
330
41F
100
AcDbEntity
  8
Defpoints
100
AcDbPoint
 10
0.0
 20
-210.0
 30
0.0
  0
POINT
  5
42B
330
41F
100
AcDbEntity
  8
Defpoints
100
AcDbPoint
 10
0.0
 20
-210.0
 30
0.0
  0
POINT
  5
42C
330
41F
100
AcDbEntity
  8
Defpoints
100
AcDbPoint
 10
180.0
 20
-210.0
 30
0.0
  0
ENDBLK
  5
421
330
41F
100
AcDbEntity
  8
0
100
AcDbBlockEnd
  0
BLOCK
  5
42F
330
42E
100
AcDbEntity
  8
0
100
AcDbBlockBegin
  2
*D17
 70
1
 10
0.0
 20
0.0
 30
0.0
  3
*D17
  1

  0
LINE
  5
431
330
42E
100
AcDbEntity
  8
0
100
AcDbLine
 10
180.0
 20
-210.0
 30
0.0
 11
180.0
 21
-198.0
 31
0.0
  0
LINE
  5
432
330
42E
100
AcDbEntity
  8
0
100
AcDbLine
 10
600.0
 20
-210.0
 30
0.0
 11
600.0
 21
-198.0
 31
0.0
  0
INSERT
  5
433
330
42E
100
AcDbEntity
  8
M-GOST-DISOLCU
100
AcDbBlockReference
  2
_OBLIQUE
 10
180.0
 20
-210.0
 30
0.0
 41
16.0
 42
16.0
  0
INSERT
  5
435
330
42E
100
AcDbEntity
  8
M-GOST-DISOLCU
100
AcDbBlockReference
  2
_OBLIQUE
 10
600.0
 20
-210.0
 30
0.0
 41
16.0
 42
16.0
  0
LINE
  5
437
330
42E
100
AcDbEntity
  8
0
100
AcDbLine
 10
180.0
 20
-210.0
 30
0.0
 11
600.0
 21
-210.0
 31
0.0
  0
MTEXT
  5
438
330
42E
100
AcDbEntity
  8
M-GOST-DISOLCU
100
AcDbMText
 10
390.0
 20
-198.52
 30
0.0
 40
12.96
 71
5
  1
420
  7
YAZI
  0
POINT
  5
439
330
42E
100
AcDbEntity
  8
Defpoints
100
AcDbPoint
 10
180.0
 20
-210.0
 30
0.0
  0
POINT
  5
43A
330
42E
100
AcDbEntity
  8
Defpoints
100
AcDbPoint
 10
180.0
 20
-210.0
 30
0.0
  0
POINT
  5
43B
330
42E
100
AcDbEntity
  8
Defpoints
100
AcDbPoint
 10
600.0
 20
-210.0
 30
0.0
  0
ENDBLK
  5
430
330
42E
100
AcDbEntity
  8
0
100
AcDbBlockEnd
  0
BLOCK
  5
43E
330
43D
100
AcDbEntity
  8
0
100
AcDbBlockBegin
  2
*D18
 70
1
 10
0.0
 20
0.0
 30
0.0
  3
*D18
  1

  0
LINE
  5
440
330
43D
100
AcDbEntity
  8
0
100
AcDbLine
 10
600.0
 20
-210.0
 30
0.0
 11
600.0
 21
-198.0
 31
0.0
  0
LINE
  5
441
330
43D
100
AcDbEntity
  8
0
100
AcDbLine
 10
860.0
 20
-210.0
 30
0.0
 11
860.0
 21
-198.0
 31
0.0
  0
INSERT
  5
442
330
43D
100
AcDbEntity
  8
M-GOST-DISOLCU
100
AcDbBlockReference
  2
_OBLIQUE
 10
600.0
 20
-210.0
 30
0.0
 41
16.0
 42
16.0
  0
INSERT
  5
444
330
43D
100
AcDbEntity
  8
M-GOST-DISOLCU
100
AcDbBlockReference
  2
_OBLIQUE
 10
860.0
 20
-210.0
 30
0.0
 41
16.0
 42
16.0
  0
LINE
  5
446
330
43D
100
AcDbEntity
  8
0
100
AcDbLine
 10
600.0
 20
-210.0
 30
0.0
 11
860.0
 21
-210.0
 31
0.0
  0
MTEXT
  5
447
330
43D
100
AcDbEntity
  8
M-GOST-DISOLCU
100
AcDbMText
 10
730.0
 20
-198.52
 30
0.0
 40
12.96
 71
5
  1
260
  7
YAZI
  0
POINT
  5
448
330
43D
100
AcDbEntity
  8
Defpoints
100
AcDbPoint
 10
600.0
 20
-210.0
 30
0.0
  0
POINT
  5
449
330
43D
100
AcDbEntity
  8
Defpoints
100
AcDbPoint
 10
600.0
 20
-210.0
 30
0.0
  0
POINT
  5
44A
330
43D
100
AcDbEntity
  8
Defpoints
100
AcDbPoint
 10
860.0
 20
-210.0
 30
0.0
  0
ENDBLK
  5
43F
330
43D
100
AcDbEntity
  8
0
100
AcDbBlockEnd
  0
BLOCK
  5
44D
330
44C
100
AcDbEntity
  8
0
100
AcDbBlockBegin
  2
*D19
 70
1
 10
0.0
 20
0.0
 30
0.0
  3
*D19
  1

  0
LINE
  5
44F
330
44C
100
AcDbEntity
  8
0
100
AcDbLine
 10
860.0
 20
-210.0
 30
0.0
 11
860.0
 21
-198.0
 31
0.0
  0
LINE
  5
450
330
44C
100
AcDbEntity
  8
0
100
AcDbLine
 10
1180.0
 20
-210.0
 30
0.0
 11
1180.0
 21
-198.0
 31
0.0
  0
INSERT
  5
451
330
44C
100
AcDbEntity
  8
M-GOST-DISOLCU
100
AcDbBlockReference
  2
_OBLIQUE
 10
860.0
 20
-210.0
 30
0.0
 41
16.0
 42
16.0
  0
INSERT
  5
453
330
44C
100
AcDbEntity
  8
M-GOST-DISOLCU
100
AcDbBlockReference
  2
_OBLIQUE
 10
1180.0
 20
-210.0
 30
0.0
 41
16.0
 42
16.0
  0
LINE
  5
455
330
44C
100
AcDbEntity
  8
0
100
AcDbLine
 10
860.0
 20
-210.0
 30
0.0
 11
1180.0
 21
-210.0
 31
0.0
  0
MTEXT
  5
456
330
44C
100
AcDbEntity
  8
M-GOST-DISOLCU
100
AcDbMText
 10
1020.0
 20
-198.52
 30
0.0
 40
12.96
 71
5
  1
320
  7
YAZI
  0
POINT
  5
457
330
44C
100
AcDbEntity
  8
Defpoints
100
AcDbPoint
 10
860.0
 20
-210.0
 30
0.0
  0
POINT
  5
458
330
44C
100
AcDbEntity
  8
Defpoints
100
AcDbPoint
 10
860.0
 20
-210.0
 30
0.0
  0
POINT
  5
459
330
44C
100
AcDbEntity
  8
Defpoints
100
AcDbPoint
 10
1180.0
 20
-210.0
 30
0.0
  0
ENDBLK
  5
44E
330
44C
100
AcDbEntity
  8
0
100
AcDbBlockEnd
  0
BLOCK
  5
45C
330
45B
100
AcDbEntity
  8
0
100
AcDbBlockBegin
  2
*D20
 70
1
 10
0.0
 20
0.0
 30
0.0
  3
*D20
  1

  0
LINE
  5
45E
330
45B
100
AcDbEntity
  8
0
100
AcDbLine
 10
1180.0
 20
-210.0
 30
0.0
 11
1180.0
 21
-198.0
 31
0.0
  0
LINE
  5
45F
330
45B
100
AcDbEntity
  8
0
100
AcDbLine
 10
1340.0
 20
-210.0
 30
0.0
 11
1340.0
 21
-198.0
 31
0.0
  0
INSERT
  5
460
330
45B
100
AcDbEntity
  8
M-GOST-DISOLCU
100
AcDbBlockReference
  2
_OBLIQUE
 10
1180.0
 20
-210.0
 30
0.0
 41
16.0
 42
16.0
  0
INSERT
  5
462
330
45B
100
AcDbEntity
  8
M-GOST-DISOLCU
100
AcDbBlockReference
  2
_OBLIQUE
 10
1340.0
 20
-210.0
 30
0.0
 41
16.0
 42
16.0
  0
LINE
  5
464
330
45B
100
AcDbEntity
  8
0
100
AcDbLine
 10
1180.0
 20
-210.0
 30
0.0
 11
1340.0
 21
-210.0
 31
0.0
  0
MTEXT
  5
465
330
45B
100
AcDbEntity
  8
M-GOST-DISOLCU
100
AcDbMText
 10
1260.0
 20
-198.52
 30
0.0
 40
12.96
 71
5
  1
160
  7
YAZI
  0
POINT
  5
466
330
45B
100
AcDbEntity
  8
Defpoints
100
AcDbPoint
 10
1180.0
 20
-210.0
 30
0.0
  0
POINT
  5
467
330
45B
100
AcDbEntity
  8
Defpoints
100
AcDbPoint
 10
1180.0
 20
-210.0
 30
0.0
  0
POINT
  5
468
330
45B
100
AcDbEntity
  8
Defpoints
100
AcDbPoint
 10
1340.0
 20
-210.0
 30
0.0
  0
ENDBLK
  5
45D
330
45B
100
AcDbEntity
  8
0
100
AcDbBlockEnd
  0
BLOCK
  5
46B
330
46A
100
AcDbEntity
  8
0
100
AcDbBlockBegin
  2
*D21
 70
1
 10
0.0
 20
0.0
 30
0.0
  3
*D21
  1

  0
LINE
  5
46D
330
46A
100
AcDbEntity
  8
0
100
AcDbLine
 10
1340.0
 20
-210.0
 30
0.0
 11
1340.0
 21
-198.0
 31
0.0
  0
LINE
  5
46E
330
46A
100
AcDbEntity
  8
0
100
AcDbLine
 10
1880.0
 20
-210.0
 30
0.0
 11
1880.0
 21
-198.0
 31
0.0
  0
INSERT
  5
46F
330
46A
100
AcDbEntity
  8
M-GOST-DISOLCU
100
AcDbBlockReference
  2
_OBLIQUE
 10
1340.0
 20
-210.0
 30
0.0
 41
16.0
 42
16.0
  0
INSERT
  5
471
330
46A
100
AcDbEntity
  8
M-GOST-DISOLCU
100
AcDbBlockReference
  2
_OBLIQUE
 10
1880.0
 20
-210.0
 30
0.0
 41
16.0
 42
16.0
  0
LINE
  5
473
330
46A
100
AcDbEntity
  8
0
100
AcDbLine
 10
1340.0
 20
-210.0
 30
0.0
 11
1880.0
 21
-210.0
 31
0.0
  0
MTEXT
  5
474
330
46A
100
AcDbEntity
  8
M-GOST-DISOLCU
100
AcDbMText
 10
1610.0
 20
-198.52
 30
0.0
 40
12.96
 71
5
  1
540
  7
YAZI
  0
POINT
  5
475
330
46A
100
AcDbEntity
  8
Defpoints
100
AcDbPoint
 10
1340.0
 20
-210.0
 30
0.0
  0
POINT
  5
476
330
46A
100
AcDbEntity
  8
Defpoints
100
AcDbPoint
 10
1340.0
 20
-210.0
 30
0.0
  0
POINT
  5
477
330
46A
100
AcDbEntity
  8
Defpoints
100
AcDbPoint
 10
1880.0
 20
-210.0
 30
0.0
  0
ENDBLK
  5
46C
330
46A
100
AcDbEntity
  8
0
100
AcDbBlockEnd
  0
BLOCK
  5
47A
330
479
100
AcDbEntity
  8
0
100
AcDbBlockBegin
  2
*D22
 70
1
 10
0.0
 20
0.0
 30
0.0
  3
*D22
  1

  0
LINE
  5
47C
330
479
100
AcDbEntity
  8
0
100
AcDbLine
 10
1880.0
 20
-210.0
 30
0.0
 11
1880.0
 21
-198.0
 31
0.0
  0
LINE
  5
47D
330
479
100
AcDbEntity
  8
0
100
AcDbLine
 10
2000.0
 20
-210.0
 30
0.0
 11
2000.0
 21
-198.0
 31
0.0
  0
INSERT
  5
47E
330
479
100
AcDbEntity
  8
M-GOST-DISOLCU
100
AcDbBlockReference
  2
_OBLIQUE
 10
1880.0
 20
-210.0
 30
0.0
 41
16.0
 42
16.0
  0
INSERT
  5
480
330
479
100
AcDbEntity
  8
M-GOST-DISOLCU
100
AcDbBlockReference
  2
_OBLIQUE
 10
2000.0
 20
-210.0
 30
0.0
 41
16.0
 42
16.0
  0
LINE
  5
482
330
479
100
AcDbEntity
  8
0
100
AcDbLine
 10
1880.0
 20
-210.0
 30
0.0
 11
2000.0
 21
-210.0
 31
0.0
  0
MTEXT
  5
483
330
479
100
AcDbEntity
  8
M-GOST-DISOLCU
100
AcDbMText
 10
1940.0
 20
-198.52
 30
0.0
 40
12.96
 71
5
  1
120
  7
YAZI
  0
POINT
  5
484
330
479
100
AcDbEntity
  8
Defpoints
100
AcDbPoint
 10
1880.0
 20
-210.0
 30
0.0
  0
POINT
  5
485
330
479
100
AcDbEntity
  8
Defpoints
100
AcDbPoint
 10
1880.0
 20
-210.0
 30
0.0
  0
POINT
  5
486
330
479
100
AcDbEntity
  8
Defpoints
100
AcDbPoint
 10
2000.0
 20
-210.0
 30
0.0
  0
ENDBLK
  5
47B
330
479
100
AcDbEntity
  8
0
100
AcDbBlockEnd
  0
BLOCK
  5
489
330
488
100
AcDbEntity
  8
0
100
AcDbBlockBegin
  2
*D23
 70
1
 10
0.0
 20
0.0
 30
0.0
  3
*D23
  1

  0
LINE
  5
48B
330
488
100
AcDbEntity
  8
0
100
AcDbLine
 10
0.0
 20
-270.0
 30
0.0
 11
7.347880794884119e-16
 21
-258.0
 31
0.0
  0
LINE
  5
48C
330
488
100
AcDbEntity
  8
0
100
AcDbLine
 10
780.0
 20
-270.0
 30
0.0
 11
780.0
 21
-258.0
 31
0.0
  0
INSERT
  5
48D
330
488
100
AcDbEntity
  8
M-GOST-DISOLCU
100
AcDbBlockReference
  2
_OBLIQUE
 10
0.0
 20
-270.0
 30
0.0
 41
16.0
 42
16.0
  0
INSERT
  5
48F
330
488
100
AcDbEntity
  8
M-GOST-DISOLCU
100
AcDbBlockReference
  2
_OBLIQUE
 10
780.0
 20
-270.0
 30
0.0
 41
16.0
 42
16.0
  0
LINE
  5
491
330
488
100
AcDbEntity
  8
0
100
AcDbLine
 10
0.0
 20
-270.0
 30
0.0
 11
780.0
 21
-270.0
 31
0.0
  0
MTEXT
  5
492
330
488
100
AcDbEntity
  8
M-GOST-DISOLCU
100
AcDbMText
 10
390.0
 20
-258.52
 30
0.0
 40
12.96
 71
5
  1
780
  7
YAZI
  0
POINT
  5
493
330
488
100
AcDbEntity
  8
Defpoints
100
AcDbPoint
 10
0.0
 20
-270.0
 30
0.0
  0
POINT
  5
494
330
488
100
AcDbEntity
  8
Defpoints
100
AcDbPoint
 10
0.0
 20
-270.0
 30
0.0
  0
POINT
  5
495
330
488
100
AcDbEntity
  8
Defpoints
100
AcDbPoint
 10
780.0
 20
-270.0
 30
0.0
  0
ENDBLK
  5
48A
330
488
100
AcDbEntity
  8
0
100
AcDbBlockEnd
  0
BLOCK
  5
498
330
497
100
AcDbEntity
  8
0
100
AcDbBlockBegin
  2
*D24
 70
1
 10
0.0
 20
0.0
 30
0.0
  3
*D24
  1

  0
LINE
  5
49A
330
497
100
AcDbEntity
  8
0
100
AcDbLine
 10
780.0
 20
-270.0
 30
0.0
 11
780.0
 21
-258.0
 31
0.0
  0
LINE
  5
49B
330
497
100
AcDbEntity
  8
0
100
AcDbLine
 10
1260.0
 20
-270.0
 30
0.0
 11
1260.0
 21
-258.0
 31
0.0
  0
INSERT
  5
49C
330
497
100
AcDbEntity
  8
M-GOST-DISOLCU
100
AcDbBlockReference
  2
_OBLIQUE
 10
780.0
 20
-270.0
 30
0.0
 41
16.0
 42
16.0
  0
INSERT
  5
49E
330
497
100
AcDbEntity
  8
M-GOST-DISOLCU
100
AcDbBlockReference
  2
_OBLIQUE
 10
1260.0
 20
-270.0
 30
0.0
 41
16.0
 42
16.0
  0
LINE
  5
4A0
330
497
100
AcDbEntity
  8
0
100
AcDbLine
 10
780.0
 20
-270.0
 30
0.0
 11
1260.0
 21
-270.0
 31
0.0
  0
MTEXT
  5
4A1
330
497
100
AcDbEntity
  8
M-GOST-DISOLCU
100
AcDbMText
 10
1020.0
 20
-258.52
 30
0.0
 40
12.96
 71
5
  1
480
  7
YAZI
  0
POINT
  5
4A2
330
497
100
AcDbEntity
  8
Defpoints
100
AcDbPoint
 10
780.0
 20
-270.0
 30
0.0
  0
POINT
  5
4A3
330
497
100
AcDbEntity
  8
Defpoints
100
AcDbPoint
 10
780.0
 20
-270.0
 30
0.0
  0
POINT
  5
4A4
330
497
100
AcDbEntity
  8
Defpoints
100
AcDbPoint
 10
1260.0
 20
-270.0
 30
0.0
  0
ENDBLK
  5
499
330
497
100
AcDbEntity
  8
0
100
AcDbBlockEnd
  0
BLOCK
  5
4A7
330
4A6
100
AcDbEntity
  8
0
100
AcDbBlockBegin
  2
*D25
 70
1
 10
0.0
 20
0.0
 30
0.0
  3
*D25
  1

  0
LINE
  5
4A9
330
4A6
100
AcDbEntity
  8
0
100
AcDbLine
 10
1260.0
 20
-270.0
 30
0.0
 11
1260.0
 21
-258.0
 31
0.0
  0
LINE
  5
4AA
330
4A6
100
AcDbEntity
  8
0
100
AcDbLine
 10
2000.0
 20
-270.0
 30
0.0
 11
2000.0
 21
-258.0
 31
0.0
  0
INSERT
  5
4AB
330
4A6
100
AcDbEntity
  8
M-GOST-DISOLCU
100
AcDbBlockReference
  2
_OBLIQUE
 10
1260.0
 20
-270.0
 30
0.0
 41
16.0
 42
16.0
  0
INSERT
  5
4AD
330
4A6
100
AcDbEntity
  8
M-GOST-DISOLCU
100
AcDbBlockReference
  2
_OBLIQUE
 10
2000.0
 20
-270.0
 30
0.0
 41
16.0
 42
16.0
  0
LINE
  5
4AF
330
4A6
100
AcDbEntity
  8
0
100
AcDbLine
 10
1260.0
 20
-270.0
 30
0.0
 11
2000.0
 21
-270.0
 31
0.0
  0
MTEXT
  5
4B0
330
4A6
100
AcDbEntity
  8
M-GOST-DISOLCU
100
AcDbMText
 10
1630.0
 20
-258.52
 30
0.0
 40
12.96
 71
5
  1
740
  7
YAZI
  0
POINT
  5
4B1
330
4A6
100
AcDbEntity
  8
Defpoints
100
AcDbPoint
 10
1260.0
 20
-270.0
 30
0.0
  0
POINT
  5
4B2
330
4A6
100
AcDbEntity
  8
Defpoints
100
AcDbPoint
 10
1260.0
 20
-270.0
 30
0.0
  0
POINT
  5
4B3
330
4A6
100
AcDbEntity
  8
Defpoints
100
AcDbPoint
 10
2000.0
 20
-270.0
 30
0.0
  0
ENDBLK
  5
4A8
330
4A6
100
AcDbEntity
  8
0
100
AcDbBlockEnd
  0
BLOCK
  5
4B6
330
4B5
100
AcDbEntity
  8
0
100
AcDbBlockBegin
  2
*D26
 70
1
 10
0.0
 20
0.0
 30
0.0
  3
*D26
  1

  0
LINE
  5
4B8
330
4B5
100
AcDbEntity
  8
0
100
AcDbLine
 10
0.0
 20
-330.0
 30
0.0
 11
7.347880794884119e-16
 21
-318.0
 31
0.0
  0
LINE
  5
4B9
330
4B5
100
AcDbEntity
  8
0
100
AcDbLine
 10
2000.0
 20
-330.0
 30
0.0
 11
2000.0
 21
-318.0
 31
0.0
  0
INSERT
  5
4BA
330
4B5
100
AcDbEntity
  8
M-GOST-DISOLCU
100
AcDbBlockReference
  2
_OBLIQUE
 10
0.0
 20
-330.0
 30
0.0
 41
16.0
 42
16.0
  0
INSERT
  5
4BC
330
4B5
100
AcDbEntity
  8
M-GOST-DISOLCU
100
AcDbBlockReference
  2
_OBLIQUE
 10
2000.0
 20
-330.0
 30
0.0
 41
16.0
 42
16.0
  0
LINE
  5
4BE
330
4B5
100
AcDbEntity
  8
0
100
AcDbLine
 10
0.0
 20
-330.0
 30
0.0
 11
2000.0
 21
-330.0
 31
0.0
  0
MTEXT
  5
4BF
330
4B5
100
AcDbEntity
  8
M-GOST-DISOLCU
100
AcDbMText
 10
1000.0
 20
-318.52
 30
0.0
 40
12.96
 71
5
  1
2000
  7
YAZI
  0
POINT
  5
4C0
330
4B5
100
AcDbEntity
  8
Defpoints
100
AcDbPoint
 10
0.0
 20
-330.0
 30
0.0
  0
POINT
  5
4C1
330
4B5
100
AcDbEntity
  8
Defpoints
100
AcDbPoint
 10
0.0
 20
-330.0
 30
0.0
  0
POINT
  5
4C2
330
4B5
100
AcDbEntity
  8
Defpoints
100
AcDbPoint
 10
2000.0
 20
-330.0
 30
0.0
  0
ENDBLK
  5
4B7
330
4B5
100
AcDbEntity
  8
0
100
AcDbBlockEnd
  0
BLOCK
  5
4CD
330
4CC
100
AcDbEntity
  8
0
100
AcDbBlockBegin
  2
*D27
 70
1
 10
0.0
 20
0.0
 30
0.0
  3
*D27
  1

  0
LINE
  5
4CF
330
4CC
100
AcDbEntity
  8
0
100
AcDbLine
 10
-120.0
 20
1500.0
 30
0.0
 11
-132.0
 21
1500.0
 31
0.0
  0
LINE
  5
4D0
330
4CC
100
AcDbEntity
  8
0
100
AcDbLine
 10
-120.0
 20
1380.0
 30
0.0
 11
-132.0
 21
1380.0
 31
0.0
  0
INSERT
  5
4D1
330
4CC
100
AcDbEntity
  8
M-GOST-DISOLCU
100
AcDbBlockReference
  2
_OBLIQUE
 10
-120.0
 20
1500.0
 30
0.0
 41
16.0
 42
16.0
 50
90.0
  0
INSERT
  5
4D3
330
4CC
100
AcDbEntity
  8
M-GOST-DISOLCU
100
AcDbBlockReference
  2
_OBLIQUE
 10
-120.0
 20
1380.0
 30
0.0
 41
16.0
 42
16.0
 50
90.0
  0
LINE
  5
4D5
330
4CC
100
AcDbEntity
  8
0
100
AcDbLine
 10
-120.0
 20
1500.0
 30
0.0
 11
-120.0
 21
1380.0
 31
0.0
  0
MTEXT
  5
4D6
330
4CC
100
AcDbEntity
  8
M-GOST-DISOLCU
100
AcDbMText
 10
-108.52
 20
1440.0
 30
0.0
 40
12.96
 71
5
  1
120
  7
YAZI
 50
90.0
  0
POINT
  5
4D7
330
4CC
100
AcDbEntity
  8
Defpoints
100
AcDbPoint
 10
-120.0
 20
1500.0
 30
0.0
  0
POINT
  5
4D8
330
4CC
100
AcDbEntity
  8
Defpoints
100
AcDbPoint
 10
-120.0
 20
1500.0
 30
0.0
  0
POINT
  5
4D9
330
4CC
100
AcDbEntity
  8
Defpoints
100
AcDbPoint
 10
-120.0
 20
1380.0
 30
0.0
  0
ENDBLK
  5
4CE
330
4CC
100
AcDbEntity
  8
0
100
AcDbBlockEnd
  0
BLOCK
  5
4DC
330
4DB
100
AcDbEntity
  8
0
100
AcDbBlockBegin
  2
*D28
 70
1
 10
0.0
 20
0.0
 30
0.0
  3
*D28
  1

  0
LINE
  5
4DE
330
4DB
100
AcDbEntity
  8
0
100
AcDbLine
 10
-120.0
 20
1380.0
 30
0.0
 11
-132.0
 21
1380.0
 31
0.0
  0
LINE
  5
4DF
330
4DB
100
AcDbEntity
  8
0
100
AcDbLine
 10
-120.0
 20
1120.0
 30
0.0
 11
-132.0
 21
1120.0
 31
0.0
  0
INSERT
  5
4E0
330
4DB
100
AcDbEntity
  8
M-GOST-DISOLCU
100
AcDbBlockReference
  2
_OBLIQUE
 10
-120.0
 20
1380.0
 30
0.0
 41
16.0
 42
16.0
 50
90.0
  0
INSERT
  5
4E2
330
4DB
100
AcDbEntity
  8
M-GOST-DISOLCU
100
AcDbBlockReference
  2
_OBLIQUE
 10
-120.0
 20
1120.0
 30
0.0
 41
16.0
 42
16.0
 50
90.0
  0
LINE
  5
4E4
330
4DB
100
AcDbEntity
  8
0
100
AcDbLine
 10
-120.0
 20
1380.0
 30
0.0
 11
-120.0
 21
1120.0
 31
0.0
  0
MTEXT
  5
4E5
330
4DB
100
AcDbEntity
  8
M-GOST-DISOLCU
100
AcDbMText
 10
-108.52
 20
1250.0
 30
0.0
 40
12.96
 71
5
  1
260
  7
YAZI
 50
90.0
  0
POINT
  5
4E6
330
4DB
100
AcDbEntity
  8
Defpoints
100
AcDbPoint
 10
-120.0
 20
1380.0
 30
0.0
  0
POINT
  5
4E7
330
4DB
100
AcDbEntity
  8
Defpoints
100
AcDbPoint
 10
-120.0
 20
1380.0
 30
0.0
  0
POINT
  5
4E8
330
4DB
100
AcDbEntity
  8
Defpoints
100
AcDbPoint
 10
-120.0
 20
1120.0
 30
0.0
  0
ENDBLK
  5
4DD
330
4DB
100
AcDbEntity
  8
0
100
AcDbBlockEnd
  0
BLOCK
  5
4EB
330
4EA
100
AcDbEntity
  8
0
100
AcDbBlockBegin
  2
*D29
 70
1
 10
0.0
 20
0.0
 30
0.0
  3
*D29
  1

  0
LINE
  5
4ED
330
4EA
100
AcDbEntity
  8
0
100
AcDbLine
 10
-120.0
 20
1120.0
 30
0.0
 11
-132.0
 21
1120.0
 31
0.0
  0
LINE
  5
4EE
330
4EA
100
AcDbEntity
  8
0
100
AcDbLine
 10
-120.0
 20
880.0
 30
0.0
 11
-132.0
 21
880.0
 31
0.0
  0
INSERT
  5
4EF
330
4EA
100
AcDbEntity
  8
M-GOST-DISOLCU
100
AcDbBlockReference
  2
_OBLIQUE
 10
-120.0
 20
1120.0
 30
0.0
 41
16.0
 42
16.0
 50
90.0
  0
INSERT
  5
4F1
330
4EA
100
AcDbEntity
  8
M-GOST-DISOLCU
100
AcDbBlockReference
  2
_OBLIQUE
 10
-120.0
 20
880.0
 30
0.0
 41
16.0
 42
16.0
 50
90.0
  0
LINE
  5
4F3
330
4EA
100
AcDbEntity
  8
0
100
AcDbLine
 10
-120.0
 20
1120.0
 30
0.0
 11
-120.0
 21
880.0
 31
0.0
  0
MTEXT
  5
4F4
330
4EA
100
AcDbEntity
  8
M-GOST-DISOLCU
100
AcDbMText
 10
-108.52
 20
1000.0
 30
0.0
 40
12.96
 71
5
  1
240
  7
YAZI
 50
90.0
  0
POINT
  5
4F5
330
4EA
100
AcDbEntity
  8
Defpoints
100
AcDbPoint
 10
-120.0
 20
1120.0
 30
0.0
  0
POINT
  5
4F6
330
4EA
100
AcDbEntity
  8
Defpoints
100
AcDbPoint
 10
-120.0
 20
1120.0
 30
0.0
  0
POINT
  5
4F7
330
4EA
100
AcDbEntity
  8
Defpoints
100
AcDbPoint
 10
-120.0
 20
880.0
 30
0.0
  0
ENDBLK
  5
4EC
330
4EA
100
AcDbEntity
  8
0
100
AcDbBlockEnd
  0
BLOCK
  5
4FA
330
4F9
100
AcDbEntity
  8
0
100
AcDbBlockBegin
  2
*D30
 70
1
 10
0.0
 20
0.0
 30
0.0
  3
*D30
  1

  0
LINE
  5
4FC
330
4F9
100
AcDbEntity
  8
0
100
AcDbLine
 10
-120.0
 20
880.0
 30
0.0
 11
-132.0
 21
880.0
 31
0.0
  0
LINE
  5
4FD
330
4F9
100
AcDbEntity
  8
0
100
AcDbLine
 10
-120.0
 20
640.0
 30
0.0
 11
-132.0
 21
640.0
 31
0.0
  0
INSERT
  5
4FE
330
4F9
100
AcDbEntity
  8
M-GOST-DISOLCU
100
AcDbBlockReference
  2
_OBLIQUE
 10
-120.0
 20
880.0
 30
0.0
 41
16.0
 42
16.0
 50
90.0
  0
INSERT
  5
500
330
4F9
100
AcDbEntity
  8
M-GOST-DISOLCU
100
AcDbBlockReference
  2
_OBLIQUE
 10
-120.0
 20
640.0
 30
0.0
 41
16.0
 42
16.0
 50
90.0
  0
LINE
  5
502
330
4F9
100
AcDbEntity
  8
0
100
AcDbLine
 10
-120.0
 20
880.0
 30
0.0
 11
-120.0
 21
640.0
 31
0.0
  0
MTEXT
  5
503
330
4F9
100
AcDbEntity
  8
M-GOST-DISOLCU
100
AcDbMText
 10
-108.52
 20
760.0
 30
0.0
 40
12.96
 71
5
  1
240
  7
YAZI
 50
90.0
  0
POINT
  5
504
330
4F9
100
AcDbEntity
  8
Defpoints
100
AcDbPoint
 10
-120.0
 20
880.0
 30
0.0
  0
POINT
  5
505
330
4F9
100
AcDbEntity
  8
Defpoints
100
AcDbPoint
 10
-120.0
 20
880.0
 30
0.0
  0
POINT
  5
506
330
4F9
100
AcDbEntity
  8
Defpoints
100
AcDbPoint
 10
-120.0
 20
640.0
 30
0.0
  0
ENDBLK
  5
4FB
330
4F9
100
AcDbEntity
  8
0
100
AcDbBlockEnd
  0
BLOCK
  5
509
330
508
100
AcDbEntity
  8
0
100
AcDbBlockBegin
  2
*D31
 70
1
 10
0.0
 20
0.0
 30
0.0
  3
*D31
  1

  0
LINE
  5
50B
330
508
100
AcDbEntity
  8
0
100
AcDbLine
 10
-120.0
 20
640.0
 30
0.0
 11
-132.0
 21
640.0
 31
0.0
  0
LINE
  5
50C
330
508
100
AcDbEntity
  8
0
100
AcDbLine
 10
-120.0
 20
370.0
 30
0.0
 11
-132.0
 21
370.0
 31
0.0
  0
INSERT
  5
50D
330
508
100
AcDbEntity
  8
M-GOST-DISOLCU
100
AcDbBlockReference
  2
_OBLIQUE
 10
-120.0
 20
640.0
 30
0.0
 41
16.0
 42
16.0
 50
90.0
  0
INSERT
  5
50F
330
508
100
AcDbEntity
  8
M-GOST-DISOLCU
100
AcDbBlockReference
  2
_OBLIQUE
 10
-120.0
 20
370.0
 30
0.0
 41
16.0
 42
16.0
 50
90.0
  0
LINE
  5
511
330
508
100
AcDbEntity
  8
0
100
AcDbLine
 10
-120.0
 20
640.0
 30
0.0
 11
-120.0
 21
370.0
 31
0.0
  0
MTEXT
  5
512
330
508
100
AcDbEntity
  8
M-GOST-DISOLCU
100
AcDbMText
 10
-108.52
 20
505.0
 30
0.0
 40
12.96
 71
5
  1
270
  7
YAZI
 50
90.0
  0
POINT
  5
513
330
508
100
AcDbEntity
  8
Defpoints
100
AcDbPoint
 10
-120.0
 20
640.0
 30
0.0
  0
POINT
  5
514
330
508
100
AcDbEntity
  8
Defpoints
100
AcDbPoint
 10
-120.0
 20
640.0
 30
0.0
  0
POINT
  5
515
330
508
100
AcDbEntity
  8
Defpoints
100
AcDbPoint
 10
-120.0
 20
370.0
 30
0.0
  0
ENDBLK
  5
50A
330
508
100
AcDbEntity
  8
0
100
AcDbBlockEnd
  0
BLOCK
  5
518
330
517
100
AcDbEntity
  8
0
100
AcDbBlockBegin
  2
*D32
 70
1
 10
0.0
 20
0.0
 30
0.0
  3
*D32
  1

  0
LINE
  5
51A
330
517
100
AcDbEntity
  8
0
100
AcDbLine
 10
-120.0
 20
370.0
 30
0.0
 11
-132.0
 21
370.0
 31
0.0
  0
LINE
  5
51B
330
517
100
AcDbEntity
  8
0
100
AcDbLine
 10
-120.0
 20
110.0
 30
0.0
 11
-132.0
 21
110.0
 31
0.0
  0
INSERT
  5
51C
330
517
100
AcDbEntity
  8
M-GOST-DISOLCU
100
AcDbBlockReference
  2
_OBLIQUE
 10
-120.0
 20
370.0
 30
0.0
 41
16.0
 42
16.0
 50
90.0
  0
INSERT
  5
51E
330
517
100
AcDbEntity
  8
M-GOST-DISOLCU
100
AcDbBlockReference
  2
_OBLIQUE
 10
-120.0
 20
110.0
 30
0.0
 41
16.0
 42
16.0
 50
90.0
  0
LINE
  5
520
330
517
100
AcDbEntity
  8
0
100
AcDbLine
 10
-120.0
 20
370.0
 30
0.0
 11
-120.0
 21
110.0
 31
0.0
  0
MTEXT
  5
521
330
517
100
AcDbEntity
  8
M-GOST-DISOLCU
100
AcDbMText
 10
-108.52
 20
240.0
 30
0.0
 40
12.96
 71
5
  1
260
  7
YAZI
 50
90.0
  0
POINT
  5
522
330
517
100
AcDbEntity
  8
Defpoints
100
AcDbPoint
 10
-120.0
 20
370.0
 30
0.0
  0
POINT
  5
523
330
517
100
AcDbEntity
  8
Defpoints
100
AcDbPoint
 10
-120.0
 20
370.0
 30
0.0
  0
POINT
  5
524
330
517
100
AcDbEntity
  8
Defpoints
100
AcDbPoint
 10
-120.0
 20
110.0
 30
0.0
  0
ENDBLK
  5
519
330
517
100
AcDbEntity
  8
0
100
AcDbBlockEnd
  0
BLOCK
  5
527
330
526
100
AcDbEntity
  8
0
100
AcDbBlockBegin
  2
*D33
 70
1
 10
0.0
 20
0.0
 30
0.0
  3
*D33
  1

  0
LINE
  5
529
330
526
100
AcDbEntity
  8
0
100
AcDbLine
 10
-120.0
 20
110.0
 30
0.0
 11
-132.0
 21
110.0
 31
0.0
  0
LINE
  5
52A
330
526
100
AcDbEntity
  8
0
100
AcDbLine
 10
-120.0
 20
0.0
 30
0.0
 11
-132.0
 21
1.4695761589768238e-15
 31
0.0
  0
INSERT
  5
52B
330
526
100
AcDbEntity
  8
M-GOST-DISOLCU
100
AcDbBlockReference
  2
_OBLIQUE
 10
-120.0
 20
110.0
 30
0.0
 41
16.0
 42
16.0
 50
90.0
  0
INSERT
  5
52D
330
526
100
AcDbEntity
  8
M-GOST-DISOLCU
100
AcDbBlockReference
  2
_OBLIQUE
 10
-120.0
 20
0.0
 30
0.0
 41
16.0
 42
16.0
 50
90.0
  0
LINE
  5
52F
330
526
100
AcDbEntity
  8
0
100
AcDbLine
 10
-120.0
 20
110.0
 30
0.0
 11
-120.0
 21
0.0
 31
0.0
  0
MTEXT
  5
530
330
526
100
AcDbEntity
  8
M-GOST-DISOLCU
100
AcDbMText
 10
-108.52
 20
55.0
 30
0.0
 40
12.96
 71
5
  1
110
  7
YAZI
 50
90.0
  0
POINT
  5
531
330
526
100
AcDbEntity
  8
Defpoints
100
AcDbPoint
 10
-120.0
 20
110.0
 30
0.0
  0
POINT
  5
532
330
526
100
AcDbEntity
  8
Defpoints
100
AcDbPoint
 10
-120.0
 20
110.0
 30
0.0
  0
POINT
  5
533
330
526
100
AcDbEntity
  8
Defpoints
100
AcDbPoint
 10
-120.0
 20
0.0
 30
0.0
  0
ENDBLK
  5
528
330
526
100
AcDbEntity
  8
0
100
AcDbBlockEnd
  0
BLOCK
  5
536
330
535
100
AcDbEntity
  8
0
100
AcDbBlockBegin
  2
*D34
 70
1
 10
0.0
 20
0.0
 30
0.0
  3
*D34
  1

  0
LINE
  5
538
330
535
100
AcDbEntity
  8
0
100
AcDbLine
 10
-180.0
 20
1500.0
 30
0.0
 11
-192.0
 21
1500.0
 31
0.0
  0
LINE
  5
539
330
535
100
AcDbEntity
  8
0
100
AcDbLine
 10
-180.0
 20
980.0
 30
0.0
 11
-192.0
 21
980.0
 31
0.0
  0
INSERT
  5
53A
330
535
100
AcDbEntity
  8
M-GOST-DISOLCU
100
AcDbBlockReference
  2
_OBLIQUE
 10
-180.0
 20
1500.0
 30
0.0
 41
16.0
 42
16.0
 50
90.0
  0
INSERT
  5
53C
330
535
100
AcDbEntity
  8
M-GOST-DISOLCU
100
AcDbBlockReference
  2
_OBLIQUE
 10
-180.0
 20
980.0
 30
0.0
 41
16.0
 42
16.0
 50
90.0
  0
LINE
  5
53E
330
535
100
AcDbEntity
  8
0
100
AcDbLine
 10
-180.0
 20
1500.0
 30
0.0
 11
-180.0
 21
980.0
 31
0.0
  0
MTEXT
  5
53F
330
535
100
AcDbEntity
  8
M-GOST-DISOLCU
100
AcDbMText
 10
-168.52
 20
1240.0
 30
0.0
 40
12.96
 71
5
  1
520
  7
YAZI
 50
90.0
  0
POINT
  5
540
330
535
100
AcDbEntity
  8
Defpoints
100
AcDbPoint
 10
-180.0
 20
1500.0
 30
0.0
  0
POINT
  5
541
330
535
100
AcDbEntity
  8
Defpoints
100
AcDbPoint
 10
-180.0
 20
1500.0
 30
0.0
  0
POINT
  5
542
330
535
100
AcDbEntity
  8
Defpoints
100
AcDbPoint
 10
-180.0
 20
980.0
 30
0.0
  0
ENDBLK
  5
537
330
535
100
AcDbEntity
  8
0
100
AcDbBlockEnd
  0
BLOCK
  5
545
330
544
100
AcDbEntity
  8
0
100
AcDbBlockBegin
  2
*D35
 70
1
 10
0.0
 20
0.0
 30
0.0
  3
*D35
  1

  0
LINE
  5
547
330
544
100
AcDbEntity
  8
0
100
AcDbLine
 10
-180.0
 20
980.0
 30
0.0
 11
-192.0
 21
980.0
 31
0.0
  0
LINE
  5
548
330
544
100
AcDbEntity
  8
0
100
AcDbLine
 10
-180.0
 20
500.0
 30
0.0
 11
-192.0
 21
500.0
 31
0.0
  0
INSERT
  5
549
330
544
100
AcDbEntity
  8
M-GOST-DISOLCU
100
AcDbBlockReference
  2
_OBLIQUE
 10
-180.0
 20
980.0
 30
0.0
 41
16.0
 42
16.0
 50
90.0
  0
INSERT
  5
54B
330
544
100
AcDbEntity
  8
M-GOST-DISOLCU
100
AcDbBlockReference
  2
_OBLIQUE
 10
-180.0
 20
500.0
 30
0.0
 41
16.0
 42
16.0
 50
90.0
  0
LINE
  5
54D
330
544
100
AcDbEntity
  8
0
100
AcDbLine
 10
-180.0
 20
980.0
 30
0.0
 11
-180.0
 21
500.0
 31
0.0
  0
MTEXT
  5
54E
330
544
100
AcDbEntity
  8
M-GOST-DISOLCU
100
AcDbMText
 10
-168.52
 20
740.0
 30
0.0
 40
12.96
 71
5
  1
480
  7
YAZI
 50
90.0
  0
POINT
  5
54F
330
544
100
AcDbEntity
  8
Defpoints
100
AcDbPoint
 10
-180.0
 20
980.0
 30
0.0
  0
POINT
  5
550
330
544
100
AcDbEntity
  8
Defpoints
100
AcDbPoint
 10
-180.0
 20
980.0
 30
0.0
  0
POINT
  5
551
330
544
100
AcDbEntity
  8
Defpoints
100
AcDbPoint
 10
-180.0
 20
500.0
 30
0.0
  0
ENDBLK
  5
546
330
544
100
AcDbEntity
  8
0
100
AcDbBlockEnd
  0
BLOCK
  5
554
330
553
100
AcDbEntity
  8
0
100
AcDbBlockBegin
  2
*D36
 70
1
 10
0.0
 20
0.0
 30
0.0
  3
*D36
  1

  0
LINE
  5
556
330
553
100
AcDbEntity
  8
0
100
AcDbLine
 10
-180.0
 20
500.0
 30
0.0
 11
-192.0
 21
500.0
 31
0.0
  0
LINE
  5
557
330
553
100
AcDbEntity
  8
0
100
AcDbLine
 10
-180.0
 20
0.0
 30
0.0
 11
-192.0
 21
1.4695761589768238e-15
 31
0.0
  0
INSERT
  5
558
330
553
100
AcDbEntity
  8
M-GOST-DISOLCU
100
AcDbBlockReference
  2
_OBLIQUE
 10
-180.0
 20
500.0
 30
0.0
 41
16.0
 42
16.0
 50
90.0
  0
INSERT
  5
55A
330
553
100
AcDbEntity
  8
M-GOST-DISOLCU
100
AcDbBlockReference
  2
_OBLIQUE
 10
-180.0
 20
0.0
 30
0.0
 41
16.0
 42
16.0
 50
90.0
  0
LINE
  5
55C
330
553
100
AcDbEntity
  8
0
100
AcDbLine
 10
-180.0
 20
500.0
 30
0.0
 11
-180.0
 21
0.0
 31
0.0
  0
MTEXT
  5
55D
330
553
100
AcDbEntity
  8
M-GOST-DISOLCU
100
AcDbMText
 10
-168.52
 20
250.0
 30
0.0
 40
12.96
 71
5
  1
500
  7
YAZI
 50
90.0
  0
POINT
  5
55E
330
553
100
AcDbEntity
  8
Defpoints
100
AcDbPoint
 10
-180.0
 20
500.0
 30
0.0
  0
POINT
  5
55F
330
553
100
AcDbEntity
  8
Defpoints
100
AcDbPoint
 10
-180.0
 20
500.0
 30
0.0
  0
POINT
  5
560
330
553
100
AcDbEntity
  8
Defpoints
100
AcDbPoint
 10
-180.0
 20
0.0
 30
0.0
  0
ENDBLK
  5
555
330
553
100
AcDbEntity
  8
0
100
AcDbBlockEnd
  0
BLOCK
  5
563
330
562
100
AcDbEntity
  8
0
100
AcDbBlockBegin
  2
*D37
 70
1
 10
0.0
 20
0.0
 30
0.0
  3
*D37
  1

  0
LINE
  5
565
330
562
100
AcDbEntity
  8
0
100
AcDbLine
 10
-240.0
 20
1500.0
 30
0.0
 11
-252.0
 21
1500.0
 31
0.0
  0
LINE
  5
566
330
562
100
AcDbEntity
  8
0
100
AcDbLine
 10
-240.0
 20
0.0
 30
0.0
 11
-252.0
 21
1.4695761589768238e-15
 31
0.0
  0
INSERT
  5
567
330
562
100
AcDbEntity
  8
M-GOST-DISOLCU
100
AcDbBlockReference
  2
_OBLIQUE
 10
-240.0
 20
1500.0
 30
0.0
 41
16.0
 42
16.0
 50
90.0
  0
INSERT
  5
569
330
562
100
AcDbEntity
  8
M-GOST-DISOLCU
100
AcDbBlockReference
  2
_OBLIQUE
 10
-240.0
 20
0.0
 30
0.0
 41
16.0
 42
16.0
 50
90.0
  0
LINE
  5
56B
330
562
100
AcDbEntity
  8
0
100
AcDbLine
 10
-240.0
 20
1500.0
 30
0.0
 11
-240.0
 21
0.0
 31
0.0
  0
MTEXT
  5
56C
330
562
100
AcDbEntity
  8
M-GOST-DISOLCU
100
AcDbMText
 10
-228.52
 20
750.0
 30
0.0
 40
12.96
 71
5
  1
1500
  7
YAZI
 50
90.0
  0
POINT
  5
56D
330
562
100
AcDbEntity
  8
Defpoints
100
AcDbPoint
 10
-240.0
 20
1500.0
 30
0.0
  0
POINT
  5
56E
330
562
100
AcDbEntity
  8
Defpoints
100
AcDbPoint
 10
-240.0
 20
1500.0
 30
0.0
  0
POINT
  5
56F
330
562
100
AcDbEntity
  8
Defpoints
100
AcDbPoint
 10
-240.0
 20
0.0
 30
0.0
  0
ENDBLK
  5
564
330
562
100
AcDbEntity
  8
0
100
AcDbBlockEnd
  0
BLOCK
  5
57E
330
57D
100
AcDbEntity
  8
0
100
AcDbBlockBegin
  2
*D38
 70
1
 10
0.0
 20
0.0
 30
0.0
  3
*D38
  1

  0
LINE
  5
580
330
57D
100
AcDbEntity
  8
0
100
AcDbLine
 10
2070.0
 20
1500.0
 30
0.0
 11
2058.0
 21
1500.0
 31
0.0
  0
LINE
  5
581
330
57D
100
AcDbEntity
  8
0
100
AcDbLine
 10
2070.0
 20
1400.0
 30
0.0
 11
2058.0
 21
1400.0
 31
0.0
  0
INSERT
  5
582
330
57D
100
AcDbEntity
  8
M-GOST-DISOLCU
100
AcDbBlockReference
  2
_OBLIQUE
 10
2070.0
 20
1500.0
 30
0.0
 41
16.0
 42
16.0
 50
90.0
  0
INSERT
  5
584
330
57D
100
AcDbEntity
  8
M-GOST-DISOLCU
100
AcDbBlockReference
  2
_OBLIQUE
 10
2070.0
 20
1400.0
 30
0.0
 41
16.0
 42
16.0
 50
90.0
  0
LINE
  5
586
330
57D
100
AcDbEntity
  8
0
100
AcDbLine
 10
2070.0
 20
1500.0
 30
0.0
 11
2070.0
 21
1400.0
 31
0.0
  0
MTEXT
  5
587
330
57D
100
AcDbEntity
  8
M-GOST-DISOLCU
100
AcDbMText
 10
2081.48
 20
1450.0
 30
0.0
 40
12.96
 71
5
  1
100
  7
YAZI
 50
90.0
  0
POINT
  5
588
330
57D
100
AcDbEntity
  8
Defpoints
100
AcDbPoint
 10
2070.0
 20
1500.0
 30
0.0
  0
POINT
  5
589
330
57D
100
AcDbEntity
  8
Defpoints
100
AcDbPoint
 10
2070.0
 20
1500.0
 30
0.0
  0
POINT
  5
58A
330
57D
100
AcDbEntity
  8
Defpoints
100
AcDbPoint
 10
2070.0
 20
1400.0
 30
0.0
  0
ENDBLK
  5
57F
330
57D
100
AcDbEntity
  8
0
100
AcDbBlockEnd
  0
BLOCK
  5
58D
330
58C
100
AcDbEntity
  8
0
100
AcDbBlockBegin
  2
*D39
 70
1
 10
0.0
 20
0.0
 30
0.0
  3
*D39
  1

  0
LINE
  5
58F
330
58C
100
AcDbEntity
  8
0
100
AcDbLine
 10
2070.0
 20
1400.0
 30
0.0
 11
2058.0
 21
1400.0
 31
0.0
  0
LINE
  5
590
330
58C
100
AcDbEntity
  8
0
100
AcDbLine
 10
2070.0
 20
1140.0
 30
0.0
 11
2058.0
 21
1140.0
 31
0.0
  0
INSERT
  5
591
330
58C
100
AcDbEntity
  8
M-GOST-DISOLCU
100
AcDbBlockReference
  2
_OBLIQUE
 10
2070.0
 20
1400.0
 30
0.0
 41
16.0
 42
16.0
 50
90.0
  0
INSERT
  5
593
330
58C
100
AcDbEntity
  8
M-GOST-DISOLCU
100
AcDbBlockReference
  2
_OBLIQUE
 10
2070.0
 20
1140.0
 30
0.0
 41
16.0
 42
16.0
 50
90.0
  0
LINE
  5
595
330
58C
100
AcDbEntity
  8
0
100
AcDbLine
 10
2070.0
 20
1400.0
 30
0.0
 11
2070.0
 21
1140.0
 31
0.0
  0
MTEXT
  5
596
330
58C
100
AcDbEntity
  8
M-GOST-DISOLCU
100
AcDbMText
 10
2081.48
 20
1270.0
 30
0.0
 40
12.96
 71
5
  1
260
  7
YAZI
 50
90.0
  0
POINT
  5
597
330
58C
100
AcDbEntity
  8
Defpoints
100
AcDbPoint
 10
2070.0
 20
1400.0
 30
0.0
  0
POINT
  5
598
330
58C
100
AcDbEntity
  8
Defpoints
100
AcDbPoint
 10
2070.0
 20
1400.0
 30
0.0
  0
POINT
  5
599
330
58C
100
AcDbEntity
  8
Defpoints
100
AcDbPoint
 10
2070.0
 20
1140.0
 30
0.0
  0
ENDBLK
  5
58E
330
58C
100
AcDbEntity
  8
0
100
AcDbBlockEnd
  0
BLOCK
  5
59C
330
59B
100
AcDbEntity
  8
0
100
AcDbBlockBegin
  2
*D40
 70
1
 10
0.0
 20
0.0
 30
0.0
  3
*D40
  1

  0
LINE
  5
59E
330
59B
100
AcDbEntity
  8
0
100
AcDbLine
 10
2070.0
 20
1140.0
 30
0.0
 11
2058.0
 21
1140.0
 31
0.0
  0
LINE
  5
59F
330
59B
100
AcDbEntity
  8
0
100
AcDbLine
 10
2070.0
 20
930.0
 30
0.0
 11
2058.0
 21
930.0
 31
0.0
  0
INSERT
  5
5A0
330
59B
100
AcDbEntity
  8
M-GOST-DISOLCU
100
AcDbBlockReference
  2
_OBLIQUE
 10
2070.0
 20
1140.0
 30
0.0
 41
16.0
 42
16.0
 50
90.0
  0
INSERT
  5
5A2
330
59B
100
AcDbEntity
  8
M-GOST-DISOLCU
100
AcDbBlockReference
  2
_OBLIQUE
 10
2070.0
 20
930.0
 30
0.0
 41
16.0
 42
16.0
 50
90.0
  0
LINE
  5
5A4
330
59B
100
AcDbEntity
  8
0
100
AcDbLine
 10
2070.0
 20
1140.0
 30
0.0
 11
2070.0
 21
930.0
 31
0.0
  0
MTEXT
  5
5A5
330
59B
100
AcDbEntity
  8
M-GOST-DISOLCU
100
AcDbMText
 10
2081.48
 20
1035.0
 30
0.0
 40
12.96
 71
5
  1
210
  7
YAZI
 50
90.0
  0
POINT
  5
5A6
330
59B
100
AcDbEntity
  8
Defpoints
100
AcDbPoint
 10
2070.0
 20
1140.0
 30
0.0
  0
POINT
  5
5A7
330
59B
100
AcDbEntity
  8
Defpoints
100
AcDbPoint
 10
2070.0
 20
1140.0
 30
0.0
  0
POINT
  5
5A8
330
59B
100
AcDbEntity
  8
Defpoints
100
AcDbPoint
 10
2070.0
 20
930.0
 30
0.0
  0
ENDBLK
  5
59D
330
59B
100
AcDbEntity
  8
0
100
AcDbBlockEnd
  0
BLOCK
  5
5AB
330
5AA
100
AcDbEntity
  8
0
100
AcDbBlockBegin
  2
*D41
 70
1
 10
0.0
 20
0.0
 30
0.0
  3
*D41
  1

  0
LINE
  5
5AD
330
5AA
100
AcDbEntity
  8
0
100
AcDbLine
 10
2070.0
 20
930.0
 30
0.0
 11
2058.0
 21
930.0
 31
0.0
  0
LINE
  5
5AE
330
5AA
100
AcDbEntity
  8
0
100
AcDbLine
 10
2070.0
 20
830.0
 30
0.0
 11
2058.0
 21
830.0
 31
0.0
  0
INSERT
  5
5AF
330
5AA
100
AcDbEntity
  8
M-GOST-DISOLCU
100
AcDbBlockReference
  2
_OBLIQUE
 10
2070.0
 20
930.0
 30
0.0
 41
16.0
 42
16.0
 50
90.0
  0
INSERT
  5
5B1
330
5AA
100
AcDbEntity
  8
M-GOST-DISOLCU
100
AcDbBlockReference
  2
_OBLIQUE
 10
2070.0
 20
830.0
 30
0.0
 41
16.0
 42
16.0
 50
90.0
  0
LINE
  5
5B3
330
5AA
100
AcDbEntity
  8
0
100
AcDbLine
 10
2070.0
 20
930.0
 30
0.0
 11
2070.0
 21
830.0
 31
0.0
  0
MTEXT
  5
5B4
330
5AA
100
AcDbEntity
  8
M-GOST-DISOLCU
100
AcDbMText
 10
2081.48
 20
880.0
 30
0.0
 40
12.96
 71
5
  1
100
  7
YAZI
 50
90.0
  0
POINT
  5
5B5
330
5AA
100
AcDbEntity
  8
Defpoints
100
AcDbPoint
 10
2070.0
 20
930.0
 30
0.0
  0
POINT
  5
5B6
330
5AA
100
AcDbEntity
  8
Defpoints
100
AcDbPoint
 10
2070.0
 20
930.0
 30
0.0
  0
POINT
  5
5B7
330
5AA
100
AcDbEntity
  8
Defpoints
100
AcDbPoint
 10
2070.0
 20
830.0
 30
0.0
  0
ENDBLK
  5
5AC
330
5AA
100
AcDbEntity
  8
0
100
AcDbBlockEnd
  0
BLOCK
  5
5BA
330
5B9
100
AcDbEntity
  8
0
100
AcDbBlockBegin
  2
*D42
 70
1
 10
0.0
 20
0.0
 30
0.0
  3
*D42
  1

  0
LINE
  5
5BC
330
5B9
100
AcDbEntity
  8
0
100
AcDbLine
 10
2070.0
 20
830.0
 30
0.0
 11
2058.0
 21
830.0
 31
0.0
  0
LINE
  5
5BD
330
5B9
100
AcDbEntity
  8
0
100
AcDbLine
 10
2070.0
 20
700.0
 30
0.0
 11
2058.0
 21
700.0
 31
0.0
  0
INSERT
  5
5BE
330
5B9
100
AcDbEntity
  8
M-GOST-DISOLCU
100
AcDbBlockReference
  2
_OBLIQUE
 10
2070.0
 20
830.0
 30
0.0
 41
16.0
 42
16.0
 50
90.0
  0
INSERT
  5
5C0
330
5B9
100
AcDbEntity
  8
M-GOST-DISOLCU
100
AcDbBlockReference
  2
_OBLIQUE
 10
2070.0
 20
700.0
 30
0.0
 41
16.0
 42
16.0
 50
90.0
  0
LINE
  5
5C2
330
5B9
100
AcDbEntity
  8
0
100
AcDbLine
 10
2070.0
 20
830.0
 30
0.0
 11
2070.0
 21
700.0
 31
0.0
  0
MTEXT
  5
5C3
330
5B9
100
AcDbEntity
  8
M-GOST-DISOLCU
100
AcDbMText
 10
2081.48
 20
765.0
 30
0.0
 40
12.96
 71
5
  1
130
  7
YAZI
 50
90.0
  0
POINT
  5
5C4
330
5B9
100
AcDbEntity
  8
Defpoints
100
AcDbPoint
 10
2070.0
 20
830.0
 30
0.0
  0
POINT
  5
5C5
330
5B9
100
AcDbEntity
  8
Defpoints
100
AcDbPoint
 10
2070.0
 20
830.0
 30
0.0
  0
POINT
  5
5C6
330
5B9
100
AcDbEntity
  8
Defpoints
100
AcDbPoint
 10
2070.0
 20
700.0
 30
0.0
  0
ENDBLK
  5
5BB
330
5B9
100
AcDbEntity
  8
0
100
AcDbBlockEnd
  0
BLOCK
  5
5C9
330
5C8
100
AcDbEntity
  8
0
100
AcDbBlockBegin
  2
*D43
 70
1
 10
0.0
 20
0.0
 30
0.0
  3
*D43
  1

  0
LINE
  5
5CB
330
5C8
100
AcDbEntity
  8
0
100
AcDbLine
 10
2070.0
 20
700.0
 30
0.0
 11
2058.0
 21
700.0
 31
0.0
  0
LINE
  5
5CC
330
5C8
100
AcDbEntity
  8
0
100
AcDbLine
 10
2070.0
 20
600.0
 30
0.0
 11
2058.0
 21
600.0
 31
0.0
  0
INSERT
  5
5CD
330
5C8
100
AcDbEntity
  8
M-GOST-DISOLCU
100
AcDbBlockReference
  2
_OBLIQUE
 10
2070.0
 20
700.0
 30
0.0
 41
16.0
 42
16.0
 50
90.0
  0
INSERT
  5
5CF
330
5C8
100
AcDbEntity
  8
M-GOST-DISOLCU
100
AcDbBlockReference
  2
_OBLIQUE
 10
2070.0
 20
600.0
 30
0.0
 41
16.0
 42
16.0
 50
90.0
  0
LINE
  5
5D1
330
5C8
100
AcDbEntity
  8
0
100
AcDbLine
 10
2070.0
 20
700.0
 30
0.0
 11
2070.0
 21
600.0
 31
0.0
  0
MTEXT
  5
5D2
330
5C8
100
AcDbEntity
  8
M-GOST-DISOLCU
100
AcDbMText
 10
2081.48
 20
650.0
 30
0.0
 40
12.96
 71
5
  1
100
  7
YAZI
 50
90.0
  0
POINT
  5
5D3
330
5C8
100
AcDbEntity
  8
Defpoints
100
AcDbPoint
 10
2070.0
 20
700.0
 30
0.0
  0
POINT
  5
5D4
330
5C8
100
AcDbEntity
  8
Defpoints
100
AcDbPoint
 10
2070.0
 20
700.0
 30
0.0
  0
POINT
  5
5D5
330
5C8
100
AcDbEntity
  8
Defpoints
100
AcDbPoint
 10
2070.0
 20
600.0
 30
0.0
  0
ENDBLK
  5
5CA
330
5C8
100
AcDbEntity
  8
0
100
AcDbBlockEnd
  0
BLOCK
  5
5D8
330
5D7
100
AcDbEntity
  8
0
100
AcDbBlockBegin
  2
*D44
 70
1
 10
0.0
 20
0.0
 30
0.0
  3
*D44
  1

  0
LINE
  5
5DA
330
5D7
100
AcDbEntity
  8
0
100
AcDbLine
 10
2070.0
 20
600.0
 30
0.0
 11
2058.0
 21
600.0
 31
0.0
  0
LINE
  5
5DB
330
5D7
100
AcDbEntity
  8
0
100
AcDbLine
 10
2070.0
 20
420.0
 30
0.0
 11
2058.0
 21
420.0
 31
0.0
  0
INSERT
  5
5DC
330
5D7
100
AcDbEntity
  8
M-GOST-DISOLCU
100
AcDbBlockReference
  2
_OBLIQUE
 10
2070.0
 20
600.0
 30
0.0
 41
16.0
 42
16.0
 50
90.0
  0
INSERT
  5
5DE
330
5D7
100
AcDbEntity
  8
M-GOST-DISOLCU
100
AcDbBlockReference
  2
_OBLIQUE
 10
2070.0
 20
420.0
 30
0.0
 41
16.0
 42
16.0
 50
90.0
  0
LINE
  5
5E0
330
5D7
100
AcDbEntity
  8
0
100
AcDbLine
 10
2070.0
 20
600.0
 30
0.0
 11
2070.0
 21
420.0
 31
0.0
  0
MTEXT
  5
5E1
330
5D7
100
AcDbEntity
  8
M-GOST-DISOLCU
100
AcDbMText
 10
2081.48
 20
510.0
 30
0.0
 40
12.96
 71
5
  1
180
  7
YAZI
 50
90.0
  0
POINT
  5
5E2
330
5D7
100
AcDbEntity
  8
Defpoints
100
AcDbPoint
 10
2070.0
 20
600.0
 30
0.0
  0
POINT
  5
5E3
330
5D7
100
AcDbEntity
  8
Defpoints
100
AcDbPoint
 10
2070.0
 20
600.0
 30
0.0
  0
POINT
  5
5E4
330
5D7
100
AcDbEntity
  8
Defpoints
100
AcDbPoint
 10
2070.0
 20
420.0
 30
0.0
  0
ENDBLK
  5
5D9
330
5D7
100
AcDbEntity
  8
0
100
AcDbBlockEnd
  0
BLOCK
  5
5E7
330
5E6
100
AcDbEntity
  8
0
100
AcDbBlockBegin
  2
*D45
 70
1
 10
0.0
 20
0.0
 30
0.0
  3
*D45
  1

  0
LINE
  5
5E9
330
5E6
100
AcDbEntity
  8
0
100
AcDbLine
 10
2070.0
 20
420.0
 30
0.0
 11
2058.0
 21
420.0
 31
0.0
  0
LINE
  5
5EA
330
5E6
100
AcDbEntity
  8
0
100
AcDbLine
 10
2070.0
 20
100.0
 30
0.0
 11
2058.0
 21
100.0
 31
0.0
  0
INSERT
  5
5EB
330
5E6
100
AcDbEntity
  8
M-GOST-DISOLCU
100
AcDbBlockReference
  2
_OBLIQUE
 10
2070.0
 20
420.0
 30
0.0
 41
16.0
 42
16.0
 50
90.0
  0
INSERT
  5
5ED
330
5E6
100
AcDbEntity
  8
M-GOST-DISOLCU
100
AcDbBlockReference
  2
_OBLIQUE
 10
2070.0
 20
100.0
 30
0.0
 41
16.0
 42
16.0
 50
90.0
  0
LINE
  5
5EF
330
5E6
100
AcDbEntity
  8
0
100
AcDbLine
 10
2070.0
 20
420.0
 30
0.0
 11
2070.0
 21
100.0
 31
0.0
  0
MTEXT
  5
5F0
330
5E6
100
AcDbEntity
  8
M-GOST-DISOLCU
100
AcDbMText
 10
2081.48
 20
260.0
 30
0.0
 40
12.96
 71
5
  1
320
  7
YAZI
 50
90.0
  0
POINT
  5
5F1
330
5E6
100
AcDbEntity
  8
Defpoints
100
AcDbPoint
 10
2070.0
 20
420.0
 30
0.0
  0
POINT
  5
5F2
330
5E6
100
AcDbEntity
  8
Defpoints
100
AcDbPoint
 10
2070.0
 20
420.0
 30
0.0
  0
POINT
  5
5F3
330
5E6
100
AcDbEntity
  8
Defpoints
100
AcDbPoint
 10
2070.0
 20
100.0
 30
0.0
  0
ENDBLK
  5
5E8
330
5E6
100
AcDbEntity
  8
0
100
AcDbBlockEnd
  0
BLOCK
  5
5F6
330
5F5
100
AcDbEntity
  8
0
100
AcDbBlockBegin
  2
*D46
 70
1
 10
0.0
 20
0.0
 30
0.0
  3
*D46
  1

  0
LINE
  5
5F8
330
5F5
100
AcDbEntity
  8
0
100
AcDbLine
 10
2070.0
 20
100.0
 30
0.0
 11
2058.0
 21
100.0
 31
0.0
  0
LINE
  5
5F9
330
5F5
100
AcDbEntity
  8
0
100
AcDbLine
 10
2070.0
 20
0.0
 30
0.0
 11
2058.0
 21
1.4695761589768238e-15
 31
0.0
  0
INSERT
  5
5FA
330
5F5
100
AcDbEntity
  8
M-GOST-DISOLCU
100
AcDbBlockReference
  2
_OBLIQUE
 10
2070.0
 20
100.0
 30
0.0
 41
16.0
 42
16.0
 50
90.0
  0
INSERT
  5
5FC
330
5F5
100
AcDbEntity
  8
M-GOST-DISOLCU
100
AcDbBlockReference
  2
_OBLIQUE
 10
2070.0
 20
0.0
 30
0.0
 41
16.0
 42
16.0
 50
90.0
  0
LINE
  5
5FE
330
5F5
100
AcDbEntity
  8
0
100
AcDbLine
 10
2070.0
 20
100.0
 30
0.0
 11
2070.0
 21
0.0
 31
0.0
  0
MTEXT
  5
5FF
330
5F5
100
AcDbEntity
  8
M-GOST-DISOLCU
100
AcDbMText
 10
2081.48
 20
50.0
 30
0.0
 40
12.96
 71
5
  1
100
  7
YAZI
 50
90.0
  0
POINT
  5
600
330
5F5
100
AcDbEntity
  8
Defpoints
100
AcDbPoint
 10
2070.0
 20
100.0
 30
0.0
  0
POINT
  5
601
330
5F5
100
AcDbEntity
  8
Defpoints
100
AcDbPoint
 10
2070.0
 20
100.0
 30
0.0
  0
POINT
  5
602
330
5F5
100
AcDbEntity
  8
Defpoints
100
AcDbPoint
 10
2070.0
 20
0.0
 30
0.0
  0
ENDBLK
  5
5F7
330
5F5
100
AcDbEntity
  8
0
100
AcDbBlockEnd
  0
BLOCK
  5
605
330
604
100
AcDbEntity
  8
0
100
AcDbBlockBegin
  2
*D47
 70
1
 10
0.0
 20
0.0
 30
0.0
  3
*D47
  1

  0
LINE
  5
607
330
604
100
AcDbEntity
  8
0
100
AcDbLine
 10
2130.0
 20
1500.0
 30
0.0
 11
2118.0
 21
1500.0
 31
0.0
  0
LINE
  5
608
330
604
100
AcDbEntity
  8
0
100
AcDbLine
 10
2130.0
 20
980.0
 30
0.0
 11
2118.0
 21
980.0
 31
0.0
  0
INSERT
  5
609
330
604
100
AcDbEntity
  8
M-GOST-DISOLCU
100
AcDbBlockReference
  2
_OBLIQUE
 10
2130.0
 20
1500.0
 30
0.0
 41
16.0
 42
16.0
 50
90.0
  0
INSERT
  5
60B
330
604
100
AcDbEntity
  8
M-GOST-DISOLCU
100
AcDbBlockReference
  2
_OBLIQUE
 10
2130.0
 20
980.0
 30
0.0
 41
16.0
 42
16.0
 50
90.0
  0
LINE
  5
60D
330
604
100
AcDbEntity
  8
0
100
AcDbLine
 10
2130.0
 20
1500.0
 30
0.0
 11
2130.0
 21
980.0
 31
0.0
  0
MTEXT
  5
60E
330
604
100
AcDbEntity
  8
M-GOST-DISOLCU
100
AcDbMText
 10
2141.48
 20
1240.0
 30
0.0
 40
12.96
 71
5
  1
520
  7
YAZI
 50
90.0
  0
POINT
  5
60F
330
604
100
AcDbEntity
  8
Defpoints
100
AcDbPoint
 10
2130.0
 20
1500.0
 30
0.0
  0
POINT
  5
610
330
604
100
AcDbEntity
  8
Defpoints
100
AcDbPoint
 10
2130.0
 20
1500.0
 30
0.0
  0
POINT
  5
611
330
604
100
AcDbEntity
  8
Defpoints
100
AcDbPoint
 10
2130.0
 20
980.0
 30
0.0
  0
ENDBLK
  5
606
330
604
100
AcDbEntity
  8
0
100
AcDbBlockEnd
  0
BLOCK
  5
614
330
613
100
AcDbEntity
  8
0
100
AcDbBlockBegin
  2
*D48
 70
1
 10
0.0
 20
0.0
 30
0.0
  3
*D48
  1

  0
LINE
  5
616
330
613
100
AcDbEntity
  8
0
100
AcDbLine
 10
2130.0
 20
980.0
 30
0.0
 11
2118.0
 21
980.0
 31
0.0
  0
LINE
  5
617
330
613
100
AcDbEntity
  8
0
100
AcDbLine
 10
2130.0
 20
500.0
 30
0.0
 11
2118.0
 21
500.0
 31
0.0
  0
INSERT
  5
618
330
613
100
AcDbEntity
  8
M-GOST-DISOLCU
100
AcDbBlockReference
  2
_OBLIQUE
 10
2130.0
 20
980.0
 30
0.0
 41
16.0
 42
16.0
 50
90.0
  0
INSERT
  5
61A
330
613
100
AcDbEntity
  8
M-GOST-DISOLCU
100
AcDbBlockReference
  2
_OBLIQUE
 10
2130.0
 20
500.0
 30
0.0
 41
16.0
 42
16.0
 50
90.0
  0
LINE
  5
61C
330
613
100
AcDbEntity
  8
0
100
AcDbLine
 10
2130.0
 20
980.0
 30
0.0
 11
2130.0
 21
500.0
 31
0.0
  0
MTEXT
  5
61D
330
613
100
AcDbEntity
  8
M-GOST-DISOLCU
100
AcDbMText
 10
2141.48
 20
740.0
 30
0.0
 40
12.96
 71
5
  1
480
  7
YAZI
 50
90.0
  0
POINT
  5
61E
330
613
100
AcDbEntity
  8
Defpoints
100
AcDbPoint
 10
2130.0
 20
980.0
 30
0.0
  0
POINT
  5
61F
330
613
100
AcDbEntity
  8
Defpoints
100
AcDbPoint
 10
2130.0
 20
980.0
 30
0.0
  0
POINT
  5
620
330
613
100
AcDbEntity
  8
Defpoints
100
AcDbPoint
 10
2130.0
 20
500.0
 30
0.0
  0
ENDBLK
  5
615
330
613
100
AcDbEntity
  8
0
100
AcDbBlockEnd
  0
BLOCK
  5
623
330
622
100
AcDbEntity
  8
0
100
AcDbBlockBegin
  2
*D49
 70
1
 10
0.0
 20
0.0
 30
0.0
  3
*D49
  1

  0
LINE
  5
625
330
622
100
AcDbEntity
  8
0
100
AcDbLine
 10
2130.0
 20
500.0
 30
0.0
 11
2118.0
 21
500.0
 31
0.0
  0
LINE
  5
626
330
622
100
AcDbEntity
  8
0
100
AcDbLine
 10
2130.0
 20
0.0
 30
0.0
 11
2118.0
 21
1.4695761589768238e-15
 31
0.0
  0
INSERT
  5
627
330
622
100
AcDbEntity
  8
M-GOST-DISOLCU
100
AcDbBlockReference
  2
_OBLIQUE
 10
2130.0
 20
500.0
 30
0.0
 41
16.0
 42
16.0
 50
90.0
  0
INSERT
  5
629
330
622
100
AcDbEntity
  8
M-GOST-DISOLCU
100
AcDbBlockReference
  2
_OBLIQUE
 10
2130.0
 20
0.0
 30
0.0
 41
16.0
 42
16.0
 50
90.0
  0
LINE
  5
62B
330
622
100
AcDbEntity
  8
0
100
AcDbLine
 10
2130.0
 20
500.0
 30
0.0
 11
2130.0
 21
0.0
 31
0.0
  0
MTEXT
  5
62C
330
622
100
AcDbEntity
  8
M-GOST-DISOLCU
100
AcDbMText
 10
2141.48
 20
250.0
 30
0.0
 40
12.96
 71
5
  1
500
  7
YAZI
 50
90.0
  0
POINT
  5
62D
330
622
100
AcDbEntity
  8
Defpoints
100
AcDbPoint
 10
2130.0
 20
500.0
 30
0.0
  0
POINT
  5
62E
330
622
100
AcDbEntity
  8
Defpoints
100
AcDbPoint
 10
2130.0
 20
500.0
 30
0.0
  0
POINT
  5
62F
330
622
100
AcDbEntity
  8
Defpoints
100
AcDbPoint
 10
2130.0
 20
0.0
 30
0.0
  0
ENDBLK
  5
624
330
622
100
AcDbEntity
  8
0
100
AcDbBlockEnd
  0
BLOCK
  5
632
330
631
100
AcDbEntity
  8
0
100
AcDbBlockBegin
  2
*D50
 70
1
 10
0.0
 20
0.0
 30
0.0
  3
*D50
  1

  0
LINE
  5
634
330
631
100
AcDbEntity
  8
0
100
AcDbLine
 10
2190.0
 20
1500.0
 30
0.0
 11
2178.0
 21
1500.0
 31
0.0
  0
LINE
  5
635
330
631
100
AcDbEntity
  8
0
100
AcDbLine
 10
2190.0
 20
0.0
 30
0.0
 11
2178.0
 21
1.4695761589768238e-15
 31
0.0
  0
INSERT
  5
636
330
631
100
AcDbEntity
  8
M-GOST-DISOLCU
100
AcDbBlockReference
  2
_OBLIQUE
 10
2190.0
 20
1500.0
 30
0.0
 41
16.0
 42
16.0
 50
90.0
  0
INSERT
  5
638
330
631
100
AcDbEntity
  8
M-GOST-DISOLCU
100
AcDbBlockReference
  2
_OBLIQUE
 10
2190.0
 20
0.0
 30
0.0
 41
16.0
 42
16.0
 50
90.0
  0
LINE
  5
63A
330
631
100
AcDbEntity
  8
0
100
AcDbLine
 10
2190.0
 20
1500.0
 30
0.0
 11
2190.0
 21
0.0
 31
0.0
  0
MTEXT
  5
63B
330
631
100
AcDbEntity
  8
M-GOST-DISOLCU
100
AcDbMText
 10
2201.48
 20
750.0
 30
0.0
 40
12.96
 71
5
  1
1500
  7
YAZI
 50
90.0
  0
POINT
  5
63C
330
631
100
AcDbEntity
  8
Defpoints
100
AcDbPoint
 10
2190.0
 20
1500.0
 30
0.0
  0
POINT
  5
63D
330
631
100
AcDbEntity
  8
Defpoints
100
AcDbPoint
 10
2190.0
 20
1500.0
 30
0.0
  0
POINT
  5
63E
330
631
100
AcDbEntity
  8
Defpoints
100
AcDbPoint
 10
2190.0
 20
0.0
 30
0.0
  0
ENDBLK
  5
633
330
631
100
AcDbEntity
  8
0
100
AcDbBlockEnd
  0
BLOCK
  5
64A
330
649
100
AcDbEntity
  8
0
100
AcDbBlockBegin
  2
*D51
 70
1
 10
0.0
 20
0.0
 30
0.0
  3
*D51
  1

  0
LINE
  5
64C
330
649
100
AcDbEntity
  8
0
100
AcDbLine
 10
0.0
 20
270.0
 30
0.0
 11
7.347880794884119e-16
 21
282.0
 31
0.0
  0
LINE
  5
64D
330
649
100
AcDbEntity
  8
0
100
AcDbLine
 10
35.0
 20
270.0
 30
0.0
 11
35.0
 21
282.0
 31
0.0
  0
INSERT
  5
64E
330
649
100
AcDbEntity
  8
M-GOST-ICOLCU
100
AcDbBlockReference
  2
_OBLIQUE
 10
0.0
 20
270.0
 30
0.0
 41
16.0
 42
16.0
  0
INSERT
  5
650
330
649
100
AcDbEntity
  8
M-GOST-ICOLCU
100
AcDbBlockReference
  2
_OBLIQUE
 10
35.0
 20
270.0
 30
0.0
 41
16.0
 42
16.0
  0
LINE
  5
652
330
649
100
AcDbEntity
  8
0
100
AcDbLine
 10
0.0
 20
270.0
 30
0.0
 11
35.0
 21
270.0
 31
0.0
  0
MTEXT
  5
653
330
649
100
AcDbEntity
  8
M-GOST-ICOLCU
100
AcDbMText
 10
17.5
 20
281.48
 30
0.0
 40
12.96
 71
5
  1
35
  7
YAZI
  0
POINT
  5
654
330
649
100
AcDbEntity
  8
Defpoints
100
AcDbPoint
 10
0.0
 20
270.0
 30
0.0
  0
POINT
  5
655
330
649
100
AcDbEntity
  8
Defpoints
100
AcDbPoint
 10
0.0
 20
270.0
 30
0.0
  0
POINT
  5
656
330
649
100
AcDbEntity
  8
Defpoints
100
AcDbPoint
 10
35.0
 20
270.0
 30
0.0
  0
ENDBLK
  5
64B
330
649
100
AcDbEntity
  8
0
100
AcDbBlockEnd
  0
BLOCK
  5
659
330
658
100
AcDbEntity
  8
0
100
AcDbBlockBegin
  2
*D52
 70
1
 10
0.0
 20
0.0
 30
0.0
  3
*D52
  1

  0
LINE
  5
65B
330
658
100
AcDbEntity
  8
0
100
AcDbLine
 10
35.0
 20
270.0
 30
0.0
 11
35.0
 21
282.0
 31
0.0
  0
LINE
  5
65C
330
658
100
AcDbEntity
  8
0
100
AcDbLine
 10
772.5
 20
270.0
 30
0.0
 11
772.5
 21
282.0
 31
0.0
  0
INSERT
  5
65D
330
658
100
AcDbEntity
  8
M-GOST-ICOLCU
100
AcDbBlockReference
  2
_OBLIQUE
 10
35.0
 20
270.0
 30
0.0
 41
16.0
 42
16.0
  0
INSERT
  5
65F
330
658
100
AcDbEntity
  8
M-GOST-ICOLCU
100
AcDbBlockReference
  2
_OBLIQUE
 10
772.5
 20
270.0
 30
0.0
 41
16.0
 42
16.0
  0
LINE
  5
661
330
658
100
AcDbEntity
  8
0
100
AcDbLine
 10
35.0
 20
270.0
 30
0.0
 11
772.5
 21
270.0
 31
0.0
  0
MTEXT
  5
662
330
658
100
AcDbEntity
  8
M-GOST-ICOLCU
100
AcDbMText
 10
403.75
 20
281.48
 30
0.0
 40
12.96
 71
5
  1
738
  7
YAZI
  0
POINT
  5
663
330
658
100
AcDbEntity
  8
Defpoints
100
AcDbPoint
 10
35.0
 20
270.0
 30
0.0
  0
POINT
  5
664
330
658
100
AcDbEntity
  8
Defpoints
100
AcDbPoint
 10
35.0
 20
270.0
 30
0.0
  0
POINT
  5
665
330
658
100
AcDbEntity
  8
Defpoints
100
AcDbPoint
 10
772.5
 20
270.0
 30
0.0
  0
ENDBLK
  5
65A
330
658
100
AcDbEntity
  8
0
100
AcDbBlockEnd
  0
BLOCK
  5
668
330
667
100
AcDbEntity
  8
0
100
AcDbBlockBegin
  2
*D53
 70
1
 10
0.0
 20
0.0
 30
0.0
  3
*D53
  1

  0
LINE
  5
66A
330
667
100
AcDbEntity
  8
0
100
AcDbLine
 10
772.5
 20
270.0
 30
0.0
 11
772.5
 21
282.0
 31
0.0
  0
LINE
  5
66B
330
667
100
AcDbEntity
  8
0
100
AcDbLine
 10
787.5
 20
270.0
 30
0.0
 11
787.5
 21
282.0
 31
0.0
  0
INSERT
  5
66C
330
667
100
AcDbEntity
  8
M-GOST-ICOLCU
100
AcDbBlockReference
  2
_OBLIQUE
 10
772.5
 20
270.0
 30
0.0
 41
16.0
 42
16.0
  0
INSERT
  5
66E
330
667
100
AcDbEntity
  8
M-GOST-ICOLCU
100
AcDbBlockReference
  2
_OBLIQUE
 10
787.5
 20
270.0
 30
0.0
 41
16.0
 42
16.0
  0
LINE
  5
670
330
667
100
AcDbEntity
  8
0
100
AcDbLine
 10
772.5
 20
270.0
 30
0.0
 11
787.5
 21
270.0
 31
0.0
  0
MTEXT
  5
671
330
667
100
AcDbEntity
  8
M-GOST-ICOLCU
100
AcDbMText
 10
780.0
 20
293.48
 30
0.0
 40
12.96
 71
5
  1
15
  7
YAZI
  0
POINT
  5
672
330
667
100
AcDbEntity
  8
Defpoints
100
AcDbPoint
 10
772.5
 20
270.0
 30
0.0
  0
POINT
  5
673
330
667
100
AcDbEntity
  8
Defpoints
100
AcDbPoint
 10
772.5
 20
270.0
 30
0.0
  0
POINT
  5
674
330
667
100
AcDbEntity
  8
Defpoints
100
AcDbPoint
 10
787.5
 20
270.0
 30
0.0
  0
ENDBLK
  5
669
330
667
100
AcDbEntity
  8
0
100
AcDbBlockEnd
  0
BLOCK
  5
677
330
676
100
AcDbEntity
  8
0
100
AcDbBlockBegin
  2
*D54
 70
1
 10
0.0
 20
0.0
 30
0.0
  3
*D54
  1

  0
LINE
  5
679
330
676
100
AcDbEntity
  8
0
100
AcDbLine
 10
787.5
 20
270.0
 30
0.0
 11
787.5
 21
282.0
 31
0.0
  0
LINE
  5
67A
330
676
100
AcDbEntity
  8
0
100
AcDbLine
 10
1052.5
 20
270.0
 30
0.0
 11
1052.5
 21
282.0
 31
0.0
  0
INSERT
  5
67B
330
676
100
AcDbEntity
  8
M-GOST-ICOLCU
100
AcDbBlockReference
  2
_OBLIQUE
 10
787.5
 20
270.0
 30
0.0
 41
16.0
 42
16.0
  0
INSERT
  5
67D
330
676
100
AcDbEntity
  8
M-GOST-ICOLCU
100
AcDbBlockReference
  2
_OBLIQUE
 10
1052.5
 20
270.0
 30
0.0
 41
16.0
 42
16.0
  0
LINE
  5
67F
330
676
100
AcDbEntity
  8
0
100
AcDbLine
 10
787.5
 20
270.0
 30
0.0
 11
1052.5
 21
270.0
 31
0.0
  0
MTEXT
  5
680
330
676
100
AcDbEntity
  8
M-GOST-ICOLCU
100
AcDbMText
 10
920.0
 20
281.48
 30
0.0
 40
12.96
 71
5
  1
265
  7
YAZI
  0
POINT
  5
681
330
676
100
AcDbEntity
  8
Defpoints
100
AcDbPoint
 10
787.5
 20
270.0
 30
0.0
  0
POINT
  5
682
330
676
100
AcDbEntity
  8
Defpoints
100
AcDbPoint
 10
787.5
 20
270.0
 30
0.0
  0
POINT
  5
683
330
676
100
AcDbEntity
  8
Defpoints
100
AcDbPoint
 10
1052.5
 20
270.0
 30
0.0
  0
ENDBLK
  5
678
330
676
100
AcDbEntity
  8
0
100
AcDbBlockEnd
  0
BLOCK
  5
686
330
685
100
AcDbEntity
  8
0
100
AcDbBlockBegin
  2
*D55
 70
1
 10
0.0
 20
0.0
 30
0.0
  3
*D55
  1

  0
LINE
  5
688
330
685
100
AcDbEntity
  8
0
100
AcDbLine
 10
1052.5
 20
270.0
 30
0.0
 11
1052.5
 21
282.0
 31
0.0
  0
LINE
  5
689
330
685
100
AcDbEntity
  8
0
100
AcDbLine
 10
1067.5
 20
270.0
 30
0.0
 11
1067.5
 21
282.0
 31
0.0
  0
INSERT
  5
68A
330
685
100
AcDbEntity
  8
M-GOST-ICOLCU
100
AcDbBlockReference
  2
_OBLIQUE
 10
1052.5
 20
270.0
 30
0.0
 41
16.0
 42
16.0
  0
INSERT
  5
68C
330
685
100
AcDbEntity
  8
M-GOST-ICOLCU
100
AcDbBlockReference
  2
_OBLIQUE
 10
1067.5
 20
270.0
 30
0.0
 41
16.0
 42
16.0
  0
LINE
  5
68E
330
685
100
AcDbEntity
  8
0
100
AcDbLine
 10
1052.5
 20
270.0
 30
0.0
 11
1067.5
 21
270.0
 31
0.0
  0
MTEXT
  5
68F
330
685
100
AcDbEntity
  8
M-GOST-ICOLCU
100
AcDbMText
 10
1060.0
 20
293.48
 30
0.0
 40
12.96
 71
5
  1
15
  7
YAZI
  0
POINT
  5
690
330
685
100
AcDbEntity
  8
Defpoints
100
AcDbPoint
 10
1052.5
 20
270.0
 30
0.0
  0
POINT
  5
691
330
685
100
AcDbEntity
  8
Defpoints
100
AcDbPoint
 10
1052.5
 20
270.0
 30
0.0
  0
POINT
  5
692
330
685
100
AcDbEntity
  8
Defpoints
100
AcDbPoint
 10
1067.5
 20
270.0
 30
0.0
  0
ENDBLK
  5
687
330
685
100
AcDbEntity
  8
0
100
AcDbBlockEnd
  0
BLOCK
  5
695
330
694
100
AcDbEntity
  8
0
100
AcDbBlockBegin
  2
*D56
 70
1
 10
0.0
 20
0.0
 30
0.0
  3
*D56
  1

  0
LINE
  5
697
330
694
100
AcDbEntity
  8
0
100
AcDbLine
 10
1067.5
 20
270.0
 30
0.0
 11
1067.5
 21
282.0
 31
0.0
  0
LINE
  5
698
330
694
100
AcDbEntity
  8
0
100
AcDbLine
 10
1252.5
 20
270.0
 30
0.0
 11
1252.5
 21
282.0
 31
0.0
  0
INSERT
  5
699
330
694
100
AcDbEntity
  8
M-GOST-ICOLCU
100
AcDbBlockReference
  2
_OBLIQUE
 10
1067.5
 20
270.0
 30
0.0
 41
16.0
 42
16.0
  0
INSERT
  5
69B
330
694
100
AcDbEntity
  8
M-GOST-ICOLCU
100
AcDbBlockReference
  2
_OBLIQUE
 10
1252.5
 20
270.0
 30
0.0
 41
16.0
 42
16.0
  0
LINE
  5
69D
330
694
100
AcDbEntity
  8
0
100
AcDbLine
 10
1067.5
 20
270.0
 30
0.0
 11
1252.5
 21
270.0
 31
0.0
  0
MTEXT
  5
69E
330
694
100
AcDbEntity
  8
M-GOST-ICOLCU
100
AcDbMText
 10
1160.0
 20
281.48
 30
0.0
 40
12.96
 71
5
  1
185
  7
YAZI
  0
POINT
  5
69F
330
694
100
AcDbEntity
  8
Defpoints
100
AcDbPoint
 10
1067.5
 20
270.0
 30
0.0
  0
POINT
  5
6A0
330
694
100
AcDbEntity
  8
Defpoints
100
AcDbPoint
 10
1067.5
 20
270.0
 30
0.0
  0
POINT
  5
6A1
330
694
100
AcDbEntity
  8
Defpoints
100
AcDbPoint
 10
1252.5
 20
270.0
 30
0.0
  0
ENDBLK
  5
696
330
694
100
AcDbEntity
  8
0
100
AcDbBlockEnd
  0
BLOCK
  5
6A4
330
6A3
100
AcDbEntity
  8
0
100
AcDbBlockBegin
  2
*D57
 70
1
 10
0.0
 20
0.0
 30
0.0
  3
*D57
  1

  0
LINE
  5
6A6
330
6A3
100
AcDbEntity
  8
0
100
AcDbLine
 10
1252.5
 20
270.0
 30
0.0
 11
1252.5
 21
282.0
 31
0.0
  0
LINE
  5
6A7
330
6A3
100
AcDbEntity
  8
0
100
AcDbLine
 10
1267.5
 20
270.0
 30
0.0
 11
1267.5
 21
282.0
 31
0.0
  0
INSERT
  5
6A8
330
6A3
100
AcDbEntity
  8
M-GOST-ICOLCU
100
AcDbBlockReference
  2
_OBLIQUE
 10
1252.5
 20
270.0
 30
0.0
 41
16.0
 42
16.0
  0
INSERT
  5
6AA
330
6A3
100
AcDbEntity
  8
M-GOST-ICOLCU
100
AcDbBlockReference
  2
_OBLIQUE
 10
1267.5
 20
270.0
 30
0.0
 41
16.0
 42
16.0
  0
LINE
  5
6AC
330
6A3
100
AcDbEntity
  8
0
100
AcDbLine
 10
1252.5
 20
270.0
 30
0.0
 11
1267.5
 21
270.0
 31
0.0
  0
MTEXT
  5
6AD
330
6A3
100
AcDbEntity
  8
M-GOST-ICOLCU
100
AcDbMText
 10
1260.0
 20
293.48
 30
0.0
 40
12.96
 71
5
  1
15
  7
YAZI
  0
POINT
  5
6AE
330
6A3
100
AcDbEntity
  8
Defpoints
100
AcDbPoint
 10
1252.5
 20
270.0
 30
0.0
  0
POINT
  5
6AF
330
6A3
100
AcDbEntity
  8
Defpoints
100
AcDbPoint
 10
1252.5
 20
270.0
 30
0.0
  0
POINT
  5
6B0
330
6A3
100
AcDbEntity
  8
Defpoints
100
AcDbPoint
 10
1267.5
 20
270.0
 30
0.0
  0
ENDBLK
  5
6A5
330
6A3
100
AcDbEntity
  8
0
100
AcDbBlockEnd
  0
BLOCK
  5
6B3
330
6B2
100
AcDbEntity
  8
0
100
AcDbBlockBegin
  2
*D58
 70
1
 10
0.0
 20
0.0
 30
0.0
  3
*D58
  1

  0
LINE
  5
6B5
330
6B2
100
AcDbEntity
  8
0
100
AcDbLine
 10
1267.5
 20
270.0
 30
0.0
 11
1267.5
 21
282.0
 31
0.0
  0
LINE
  5
6B6
330
6B2
100
AcDbEntity
  8
0
100
AcDbLine
 10
1965.0
 20
270.0
 30
0.0
 11
1965.0
 21
282.0
 31
0.0
  0
INSERT
  5
6B7
330
6B2
100
AcDbEntity
  8
M-GOST-ICOLCU
100
AcDbBlockReference
  2
_OBLIQUE
 10
1267.5
 20
270.0
 30
0.0
 41
16.0
 42
16.0
  0
INSERT
  5
6B9
330
6B2
100
AcDbEntity
  8
M-GOST-ICOLCU
100
AcDbBlockReference
  2
_OBLIQUE
 10
1965.0
 20
270.0
 30
0.0
 41
16.0
 42
16.0
  0
LINE
  5
6BB
330
6B2
100
AcDbEntity
  8
0
100
AcDbLine
 10
1267.5
 20
270.0
 30
0.0
 11
1965.0
 21
270.0
 31
0.0
  0
MTEXT
  5
6BC
330
6B2
100
AcDbEntity
  8
M-GOST-ICOLCU
100
AcDbMText
 10
1616.25
 20
281.48
 30
0.0
 40
12.96
 71
5
  1
698
  7
YAZI
  0
POINT
  5
6BD
330
6B2
100
AcDbEntity
  8
Defpoints
100
AcDbPoint
 10
1267.5
 20
270.0
 30
0.0
  0
POINT
  5
6BE
330
6B2
100
AcDbEntity
  8
Defpoints
100
AcDbPoint
 10
1267.5
 20
270.0
 30
0.0
  0
POINT
  5
6BF
330
6B2
100
AcDbEntity
  8
Defpoints
100
AcDbPoint
 10
1965.0
 20
270.0
 30
0.0
  0
ENDBLK
  5
6B4
330
6B2
100
AcDbEntity
  8
0
100
AcDbBlockEnd
  0
BLOCK
  5
6C2
330
6C1
100
AcDbEntity
  8
0
100
AcDbBlockBegin
  2
*D59
 70
1
 10
0.0
 20
0.0
 30
0.0
  3
*D59
  1

  0
LINE
  5
6C4
330
6C1
100
AcDbEntity
  8
0
100
AcDbLine
 10
1965.0
 20
270.0
 30
0.0
 11
1965.0
 21
282.0
 31
0.0
  0
LINE
  5
6C5
330
6C1
100
AcDbEntity
  8
0
100
AcDbLine
 10
2000.0
 20
270.0
 30
0.0
 11
2000.0
 21
282.0
 31
0.0
  0
INSERT
  5
6C6
330
6C1
100
AcDbEntity
  8
M-GOST-ICOLCU
100
AcDbBlockReference
  2
_OBLIQUE
 10
1965.0
 20
270.0
 30
0.0
 41
16.0
 42
16.0
  0
INSERT
  5
6C8
330
6C1
100
AcDbEntity
  8
M-GOST-ICOLCU
100
AcDbBlockReference
  2
_OBLIQUE
 10
2000.0
 20
270.0
 30
0.0
 41
16.0
 42
16.0
  0
LINE
  5
6CA
330
6C1
100
AcDbEntity
  8
0
100
AcDbLine
 10
1965.0
 20
270.0
 30
0.0
 11
2000.0
 21
270.0
 31
0.0
  0
MTEXT
  5
6CB
330
6C1
100
AcDbEntity
  8
M-GOST-ICOLCU
100
AcDbMText
 10
1982.5
 20
281.48
 30
0.0
 40
12.96
 71
5
  1
35
  7
YAZI
  0
POINT
  5
6CC
330
6C1
100
AcDbEntity
  8
Defpoints
100
AcDbPoint
 10
1965.0
 20
270.0
 30
0.0
  0
POINT
  5
6CD
330
6C1
100
AcDbEntity
  8
Defpoints
100
AcDbPoint
 10
1965.0
 20
270.0
 30
0.0
  0
POINT
  5
6CE
330
6C1
100
AcDbEntity
  8
Defpoints
100
AcDbPoint
 10
2000.0
 20
270.0
 30
0.0
  0
ENDBLK
  5
6C3
330
6C1
100
AcDbEntity
  8
0
100
AcDbBlockEnd
  0
BLOCK
  5
6D1
330
6D0
100
AcDbEntity
  8
0
100
AcDbBlockBegin
  2
*D60
 70
1
 10
0.0
 20
0.0
 30
0.0
  3
*D60
  1

  0
LINE
  5
6D3
330
6D0
100
AcDbEntity
  8
0
100
AcDbLine
 10
300.0
 20
1500.0
 30
0.0
 11
288.0
 21
1500.0
 31
0.0
  0
LINE
  5
6D4
330
6D0
100
AcDbEntity
  8
0
100
AcDbLine
 10
300.0
 20
1465.0
 30
0.0
 11
288.0
 21
1465.0
 31
0.0
  0
INSERT
  5
6D5
330
6D0
100
AcDbEntity
  8
M-GOST-ICOLCU
100
AcDbBlockReference
  2
_OBLIQUE
 10
300.0
 20
1500.0
 30
0.0
 41
16.0
 42
16.0
 50
90.0
  0
INSERT
  5
6D7
330
6D0
100
AcDbEntity
  8
M-GOST-ICOLCU
100
AcDbBlockReference
  2
_OBLIQUE
 10
300.0
 20
1465.0
 30
0.0
 41
16.0
 42
16.0
 50
90.0
  0
LINE
  5
6D9
330
6D0
100
AcDbEntity
  8
0
100
AcDbLine
 10
300.0
 20
1500.0
 30
0.0
 11
300.0
 21
1465.0
 31
0.0
  0
MTEXT
  5
6DA
330
6D0
100
AcDbEntity
  8
M-GOST-ICOLCU
100
AcDbMText
 10
311.48
 20
1482.5
 30
0.0
 40
12.96
 71
5
  1
35
  7
YAZI
 50
90.0
  0
POINT
  5
6DB
330
6D0
100
AcDbEntity
  8
Defpoints
100
AcDbPoint
 10
300.0
 20
1500.0
 30
0.0
  0
POINT
  5
6DC
330
6D0
100
AcDbEntity
  8
Defpoints
100
AcDbPoint
 10
300.0
 20
1500.0
 30
0.0
  0
POINT
  5
6DD
330
6D0
100
AcDbEntity
  8
Defpoints
100
AcDbPoint
 10
300.0
 20
1465.0
 30
0.0
  0
ENDBLK
  5
6D2
330
6D0
100
AcDbEntity
  8
0
100
AcDbBlockEnd
  0
BLOCK
  5
6E0
330
6DF
100
AcDbEntity
  8
0
100
AcDbBlockBegin
  2
*D61
 70
1
 10
0.0
 20
0.0
 30
0.0
  3
*D61
  1

  0
LINE
  5
6E2
330
6DF
100
AcDbEntity
  8
0
100
AcDbLine
 10
300.0
 20
1465.0
 30
0.0
 11
288.0
 21
1465.0
 31
0.0
  0
LINE
  5
6E3
330
6DF
100
AcDbEntity
  8
0
100
AcDbLine
 10
300.0
 20
987.5
 30
0.0
 11
288.0
 21
987.5
 31
0.0
  0
INSERT
  5
6E4
330
6DF
100
AcDbEntity
  8
M-GOST-ICOLCU
100
AcDbBlockReference
  2
_OBLIQUE
 10
300.0
 20
1465.0
 30
0.0
 41
16.0
 42
16.0
 50
90.0
  0
INSERT
  5
6E6
330
6DF
100
AcDbEntity
  8
M-GOST-ICOLCU
100
AcDbBlockReference
  2
_OBLIQUE
 10
300.0
 20
987.5
 30
0.0
 41
16.0
 42
16.0
 50
90.0
  0
LINE
  5
6E8
330
6DF
100
AcDbEntity
  8
0
100
AcDbLine
 10
300.0
 20
1465.0
 30
0.0
 11
300.0
 21
987.5
 31
0.0
  0
MTEXT
  5
6E9
330
6DF
100
AcDbEntity
  8
M-GOST-ICOLCU
100
AcDbMText
 10
311.48
 20
1226.25
 30
0.0
 40
12.96
 71
5
  1
478
  7
YAZI
 50
90.0
  0
POINT
  5
6EA
330
6DF
100
AcDbEntity
  8
Defpoints
100
AcDbPoint
 10
300.0
 20
1465.0
 30
0.0
  0
POINT
  5
6EB
330
6DF
100
AcDbEntity
  8
Defpoints
100
AcDbPoint
 10
300.0
 20
1465.0
 30
0.0
  0
POINT
  5
6EC
330
6DF
100
AcDbEntity
  8
Defpoints
100
AcDbPoint
 10
300.0
 20
987.5
 30
0.0
  0
ENDBLK
  5
6E1
330
6DF
100
AcDbEntity
  8
0
100
AcDbBlockEnd
  0
BLOCK
  5
6EF
330
6EE
100
AcDbEntity
  8
0
100
AcDbBlockBegin
  2
*D62
 70
1
 10
0.0
 20
0.0
 30
0.0
  3
*D62
  1

  0
LINE
  5
6F1
330
6EE
100
AcDbEntity
  8
0
100
AcDbLine
 10
300.0
 20
987.5
 30
0.0
 11
288.0
 21
987.5
 31
0.0
  0
LINE
  5
6F2
330
6EE
100
AcDbEntity
  8
0
100
AcDbLine
 10
300.0
 20
972.5
 30
0.0
 11
288.0
 21
972.5
 31
0.0
  0
INSERT
  5
6F3
330
6EE
100
AcDbEntity
  8
M-GOST-ICOLCU
100
AcDbBlockReference
  2
_OBLIQUE
 10
300.0
 20
987.5
 30
0.0
 41
16.0
 42
16.0
 50
90.0
  0
INSERT
  5
6F5
330
6EE
100
AcDbEntity
  8
M-GOST-ICOLCU
100
AcDbBlockReference
  2
_OBLIQUE
 10
300.0
 20
972.5
 30
0.0
 41
16.0
 42
16.0
 50
90.0
  0
LINE
  5
6F7
330
6EE
100
AcDbEntity
  8
0
100
AcDbLine
 10
300.0
 20
987.5
 30
0.0
 11
300.0
 21
972.5
 31
0.0
  0
MTEXT
  5
6F8
330
6EE
100
AcDbEntity
  8
M-GOST-ICOLCU
100
AcDbMText
 10
323.48
 20
980.0
 30
0.0
 40
12.96
 71
5
  1
15
  7
YAZI
 50
90.0
  0
POINT
  5
6F9
330
6EE
100
AcDbEntity
  8
Defpoints
100
AcDbPoint
 10
300.0
 20
987.5
 30
0.0
  0
POINT
  5
6FA
330
6EE
100
AcDbEntity
  8
Defpoints
100
AcDbPoint
 10
300.0
 20
987.5
 30
0.0
  0
POINT
  5
6FB
330
6EE
100
AcDbEntity
  8
Defpoints
100
AcDbPoint
 10
300.0
 20
972.5
 30
0.0
  0
ENDBLK
  5
6F0
330
6EE
100
AcDbEntity
  8
0
100
AcDbBlockEnd
  0
BLOCK
  5
6FE
330
6FD
100
AcDbEntity
  8
0
100
AcDbBlockBegin
  2
*D63
 70
1
 10
0.0
 20
0.0
 30
0.0
  3
*D63
  1

  0
LINE
  5
700
330
6FD
100
AcDbEntity
  8
0
100
AcDbLine
 10
300.0
 20
972.5
 30
0.0
 11
288.0
 21
972.5
 31
0.0
  0
LINE
  5
701
330
6FD
100
AcDbEntity
  8
0
100
AcDbLine
 10
300.0
 20
507.5
 30
0.0
 11
288.0
 21
507.5
 31
0.0
  0
INSERT
  5
702
330
6FD
100
AcDbEntity
  8
M-GOST-ICOLCU
100
AcDbBlockReference
  2
_OBLIQUE
 10
300.0
 20
972.5
 30
0.0
 41
16.0
 42
16.0
 50
90.0
  0
INSERT
  5
704
330
6FD
100
AcDbEntity
  8
M-GOST-ICOLCU
100
AcDbBlockReference
  2
_OBLIQUE
 10
300.0
 20
507.5
 30
0.0
 41
16.0
 42
16.0
 50
90.0
  0
LINE
  5
706
330
6FD
100
AcDbEntity
  8
0
100
AcDbLine
 10
300.0
 20
972.5
 30
0.0
 11
300.0
 21
507.5
 31
0.0
  0
MTEXT
  5
707
330
6FD
100
AcDbEntity
  8
M-GOST-ICOLCU
100
AcDbMText
 10
311.48
 20
740.0
 30
0.0
 40
12.96
 71
5
  1
465
  7
YAZI
 50
90.0
  0
POINT
  5
708
330
6FD
100
AcDbEntity
  8
Defpoints
100
AcDbPoint
 10
300.0
 20
972.5
 30
0.0
  0
POINT
  5
709
330
6FD
100
AcDbEntity
  8
Defpoints
100
AcDbPoint
 10
300.0
 20
972.5
 30
0.0
  0
POINT
  5
70A
330
6FD
100
AcDbEntity
  8
Defpoints
100
AcDbPoint
 10
300.0
 20
507.5
 30
0.0
  0
ENDBLK
  5
6FF
330
6FD
100
AcDbEntity
  8
0
100
AcDbBlockEnd
  0
BLOCK
  5
70D
330
70C
100
AcDbEntity
  8
0
100
AcDbBlockBegin
  2
*D64
 70
1
 10
0.0
 20
0.0
 30
0.0
  3
*D64
  1

  0
LINE
  5
70F
330
70C
100
AcDbEntity
  8
0
100
AcDbLine
 10
300.0
 20
507.5
 30
0.0
 11
288.0
 21
507.5
 31
0.0
  0
LINE
  5
710
330
70C
100
AcDbEntity
  8
0
100
AcDbLine
 10
300.0
 20
492.5
 30
0.0
 11
288.0
 21
492.5
 31
0.0
  0
INSERT
  5
711
330
70C
100
AcDbEntity
  8
M-GOST-ICOLCU
100
AcDbBlockReference
  2
_OBLIQUE
 10
300.0
 20
507.5
 30
0.0
 41
16.0
 42
16.0
 50
90.0
  0
INSERT
  5
713
330
70C
100
AcDbEntity
  8
M-GOST-ICOLCU
100
AcDbBlockReference
  2
_OBLIQUE
 10
300.0
 20
492.5
 30
0.0
 41
16.0
 42
16.0
 50
90.0
  0
LINE
  5
715
330
70C
100
AcDbEntity
  8
0
100
AcDbLine
 10
300.0
 20
507.5
 30
0.0
 11
300.0
 21
492.5
 31
0.0
  0
MTEXT
  5
716
330
70C
100
AcDbEntity
  8
M-GOST-ICOLCU
100
AcDbMText
 10
323.48
 20
500.0
 30
0.0
 40
12.96
 71
5
  1
15
  7
YAZI
 50
90.0
  0
POINT
  5
717
330
70C
100
AcDbEntity
  8
Defpoints
100
AcDbPoint
 10
300.0
 20
507.5
 30
0.0
  0
POINT
  5
718
330
70C
100
AcDbEntity
  8
Defpoints
100
AcDbPoint
 10
300.0
 20
507.5
 30
0.0
  0
POINT
  5
719
330
70C
100
AcDbEntity
  8
Defpoints
100
AcDbPoint
 10
300.0
 20
492.5
 30
0.0
  0
ENDBLK
  5
70E
330
70C
100
AcDbEntity
  8
0
100
AcDbBlockEnd
  0
BLOCK
  5
71C
330
71B
100
AcDbEntity
  8
0
100
AcDbBlockBegin
  2
*D65
 70
1
 10
0.0
 20
0.0
 30
0.0
  3
*D65
  1

  0
LINE
  5
71E
330
71B
100
AcDbEntity
  8
0
100
AcDbLine
 10
300.0
 20
492.5
 30
0.0
 11
288.0
 21
492.5
 31
0.0
  0
LINE
  5
71F
330
71B
100
AcDbEntity
  8
0
100
AcDbLine
 10
300.0
 20
35.0
 30
0.0
 11
288.0
 21
35.0
 31
0.0
  0
INSERT
  5
720
330
71B
100
AcDbEntity
  8
M-GOST-ICOLCU
100
AcDbBlockReference
  2
_OBLIQUE
 10
300.0
 20
492.5
 30
0.0
 41
16.0
 42
16.0
 50
90.0
  0
INSERT
  5
722
330
71B
100
AcDbEntity
  8
M-GOST-ICOLCU
100
AcDbBlockReference
  2
_OBLIQUE
 10
300.0
 20
35.0
 30
0.0
 41
16.0
 42
16.0
 50
90.0
  0
LINE
  5
724
330
71B
100
AcDbEntity
  8
0
100
AcDbLine
 10
300.0
 20
492.5
 30
0.0
 11
300.0
 21
35.0
 31
0.0
  0
MTEXT
  5
725
330
71B
100
AcDbEntity
  8
M-GOST-ICOLCU
100
AcDbMText
 10
311.48
 20
263.75
 30
0.0
 40
12.96
 71
5
  1
458
  7
YAZI
 50
90.0
  0
POINT
  5
726
330
71B
100
AcDbEntity
  8
Defpoints
100
AcDbPoint
 10
300.0
 20
492.5
 30
0.0
  0
POINT
  5
727
330
71B
100
AcDbEntity
  8
Defpoints
100
AcDbPoint
 10
300.0
 20
492.5
 30
0.0
  0
POINT
  5
728
330
71B
100
AcDbEntity
  8
Defpoints
100
AcDbPoint
 10
300.0
 20
35.0
 30
0.0
  0
ENDBLK
  5
71D
330
71B
100
AcDbEntity
  8
0
100
AcDbBlockEnd
  0
BLOCK
  5
72B
330
72A
100
AcDbEntity
  8
0
100
AcDbBlockBegin
  2
*D66
 70
1
 10
0.0
 20
0.0
 30
0.0
  3
*D66
  1

  0
LINE
  5
72D
330
72A
100
AcDbEntity
  8
0
100
AcDbLine
 10
300.0
 20
35.0
 30
0.0
 11
288.0
 21
35.0
 31
0.0
  0
LINE
  5
72E
330
72A
100
AcDbEntity
  8
0
100
AcDbLine
 10
300.0
 20
0.0
 30
0.0
 11
288.0
 21
1.4695761589768238e-15
 31
0.0
  0
INSERT
  5
72F
330
72A
100
AcDbEntity
  8
M-GOST-ICOLCU
100
AcDbBlockReference
  2
_OBLIQUE
 10
300.0
 20
35.0
 30
0.0
 41
16.0
 42
16.0
 50
90.0
  0
INSERT
  5
731
330
72A
100
AcDbEntity
  8
M-GOST-ICOLCU
100
AcDbBlockReference
  2
_OBLIQUE
 10
300.0
 20
0.0
 30
0.0
 41
16.0
 42
16.0
 50
90.0
  0
LINE
  5
733
330
72A
100
AcDbEntity
  8
0
100
AcDbLine
 10
300.0
 20
35.0
 30
0.0
 11
300.0
 21
0.0
 31
0.0
  0
MTEXT
  5
734
330
72A
100
AcDbEntity
  8
M-GOST-ICOLCU
100
AcDbMText
 10
311.48
 20
17.5
 30
0.0
 40
12.96
 71
5
  1
35
  7
YAZI
 50
90.0
  0
POINT
  5
735
330
72A
100
AcDbEntity
  8
Defpoints
100
AcDbPoint
 10
300.0
 20
35.0
 30
0.0
  0
POINT
  5
736
330
72A
100
AcDbEntity
  8
Defpoints
100
AcDbPoint
 10
300.0
 20
35.0
 30
0.0
  0
POINT
  5
737
330
72A
100
AcDbEntity
  8
Defpoints
100
AcDbPoint
 10
300.0
 20
0.0
 30
0.0
  0
ENDBLK
  5
72C
330
72A
100
AcDbEntity
  8
0
100
AcDbBlockEnd
  0
ENDSEC
  0
SECTION
  2
ENTITIES
  0
HATCH
  5
52
330
17
100
AcDbEntity
  8
M-KALD-TAS-T
 62
7
100
AcDbHatch
 10
0.0
 20
0.0
 30
0.0
210
0.0
220
0.0
230
1.0
  2
NET
 70
0
 71
0
 91
1
 92
3
 72
0
 73
1
 93
4
 10
60.0
 20
0.0
 10
720.0
 20
0.0
 10
720.0
 20
-150.0
 10
60.0
 20
-150.0
 97
0
 75
1
 76
1
 52
0.0
 41
16.0
 77
0
 78
2
 53
0.0
 43
0.0
 44
0.0
 45
0.0
 46
50.8
 79
0
 53
90.0
 43
0.0
 44
0.0
 45
-50.8
 46
0.0
 79
0
 98
0
  0
LWPOLYLINE
  5
54
330
17
100
AcDbEntity
  8
M-KALD-TAS
100
AcDbPolyline
 90
4
 70
1
 10
60.0
 20
0.0
 10
720.0
 20
0.0
 10
720.0
 20
-150.0
 10
60.0
 20
-150.0
  0
LWPOLYLINE
  5
56
330
17
100
AcDbEntity
  8
M-KORK-CAM
100
AcDbPolyline
 90
4
 70
1
 10
65.0
 20
-140.5
 10
715.0
 20
-140.5
 10
715.0
 20
-147.5
 10
65.0
 20
-147.5
  0
LWPOLYLINE
  5
57
330
17
100
AcDbEntity
  8
M-KORK-CAM
100
AcDbPolyline
 90
4
 70
1
 10
62.5
 20
-5.0
 10
69.50000000000003
 20
-5.0
 10
69.50000000000003
 20
-145.0
 10
62.5
 20
-145.0
  0
LWPOLYLINE
  5
58
330
17
100
AcDbEntity
  8
M-KORK-CAM
100
AcDbPolyline
 90
4
 70
1
 10
710.5000000000001
 20
-5.0
 10
717.5
 20
-5.0
 10
717.5
 20
-145.0
 10
710.5000000000001
 20
-145.0
  0
TEXT
  5
5A
330
17
100
AcDbEntity
  8
M-GOST-YAZI
100
AcDbText
 10
390.0
 20
-95.0
 30
0.0
 40
12.96
  1
EBEVEYN BALKONU
  7
YAZI-KALIN
 72
1
 11
390.0
 21
-95.0
 31
0.0
100
AcDbText
  0
TEXT
  5
5B
330
17
100
AcDbEntity
  8
M-GOST-YAZI
100
AcDbText
 10
390.0
 20
-118.0
 30
0.0
 40
10.8
  1
cam korkuluk h=110 · +3.18
  7
YAZI
 72
1
 11
390.0
 21
-118.0
 31
0.0
100
AcDbText
  0
HATCH
  5
5C
330
17
100
AcDbEntity
  8
M-KALD-TAS-T
 62
7
100
AcDbHatch
 10
0.0
 20
0.0
 30
0.0
210
0.0
220
0.0
230
1.0
  2
NET
 70
0
 71
0
 91
1
 92
3
 72
0
 73
1
 93
4
 10
1320.0
 20
0.0
 10
1940.0
 20
0.0
 10
1940.0
 20
-150.0
 10
1320.0
 20
-150.0
 97
0
 75
1
 76
1
 52
0.0
 41
16.0
 77
0
 78
2
 53
0.0
 43
0.0
 44
0.0
 45
0.0
 46
50.8
 79
0
 53
90.0
 43
0.0
 44
0.0
 45
-50.8
 46
0.0
 79
0
 98
0
  0
LWPOLYLINE
  5
5D
330
17
100
AcDbEntity
  8
M-KALD-TAS
100
AcDbPolyline
 90
4
 70
1
 10
1320.0
 20
0.0
 10
1940.0
 20
0.0
 10
1940.0
 20
-150.0
 10
1320.0
 20
-150.0
  0
LWPOLYLINE
  5
5E
330
17
100
AcDbEntity
  8
M-KORK-CAM
100
AcDbPolyline
 90
4
 70
1
 10
1325.0
 20
-140.5
 10
1934.9999999999998
 20
-140.5
 10
1934.9999999999998
 20
-147.5
 10
1325.0
 20
-147.5
  0
LWPOLYLINE
  5
5F
330
17
100
AcDbEntity
  8
M-KORK-CAM
100
AcDbPolyline
 90
4
 70
1
 10
1322.5
 20
-5.0
 10
1329.5
 20
-5.0
 10
1329.5
 20
-145.0
 10
1322.5
 20
-145.0
  0
LWPOLYLINE
  5
60
330
17
100
AcDbEntity
  8
M-KORK-CAM
100
AcDbPolyline
 90
4
 70
1
 10
1930.5
 20
-5.0
 10
1937.5
 20
-5.0
 10
1937.5
 20
-145.0
 10
1930.5
 20
-145.0
  0
TEXT
  5
61
330
17
100
AcDbEntity
  8
M-GOST-YAZI
100
AcDbText
 10
1629.9999999999998
 20
-95.0
 30
0.0
 40
12.96
  1
AILE BALKONU
  7
YAZI-KALIN
 72
1
 11
1629.9999999999998
 21
-95.0
 31
0.0
100
AcDbText
  0
TEXT
  5
62
330
17
100
AcDbEntity
  8
M-GOST-YAZI
100
AcDbText
 10
1629.9999999999998
 20
-118.0
 30
0.0
 40
10.8
  1
cam korkuluk h=110 · +3.18
  7
YAZI
 72
1
 11
1629.9999999999998
 21
-118.0
 31
0.0
100
AcDbText
  0
LWPOLYLINE
  5
63
330
17
100
AcDbEntity
  8
M-KALD-TAS
100
AcDbPolyline
 90
4
 70
1
 10
790.0
 20
1680.0
 10
1240.0
 20
1680.0
 10
1240.0
 20
1500.0
 10
790.0
 20
1500.0
  0
TEXT
  5
64
330
17
100
AcDbEntity
  8
M-GOST-YAZI
100
AcDbText
 10
1015.0
 20
1584.0
 30
0.0
 40
10.8
  1
giriş saçağı (yeşil çatı, +2.95)
  7
YAZI
 72
1
 11
1015.0
 21
1584.0
 31
0.0
100
AcDbText
  0
HATCH
  5
66
330
17
100
AcDbEntity
  8
M-ZMNK-DOGALTAS-T
 62
7
100
AcDbHatch
 10
0.0
 20
0.0
 30
0.0
210
0.0
220
0.0
230
1.0
  2
NET
 70
0
 71
0
 91
1
 92
3
 72
0
 73
1
 93
4
 10
787.5
 20
1172.5
 10
992.5
 20
1172.5
 10
992.5
 20
487.5
 10
787.5
 20
487.5
 97
0
 75
1
 76
1
 52
0.0
 41
16.0
 77
0
 78
2
 53
0.0
 43
0.0
 44
0.0
 45
0.0
 46
50.8
 79
0
 53
90.0
 43
0.0
 44
0.0
 45
-50.8
 46
0.0
 79
0
 98
0
  0
HATCH
  5
67
330
17
100
AcDbEntity
  8
M-ZMNK-DOGALTAS-T
 62
7
100
AcDbHatch
 10
0.0
 20
0.0
 30
0.0
210
0.0
220
0.0
230
1.0
  2
NET
 70
0
 71
0
 91
1
 92
3
 72
0
 73
1
 93
4
 10
1007.5
 20
1465.0
 10
1252.5
 20
1465.0
 10
1252.5
 20
1187.5
 10
1007.5
 20
1187.5
 97
0
 75
1
 76
1
 52
0.0
 41
16.0
 77
0
 78
2
 53
0.0
 43
0.0
 44
0.0
 45
0.0
 46
50.8
 79
0
 53
90.0
 43
0.0
 44
0.0
 45
-50.8
 46
0.0
 79
0
 98
0
  0
HATCH
  5
69
330
17
100
AcDbEntity
  8
M-SAFT-TESISAT-T
 62
7
100
AcDbHatch
 10
0.0
 20
0.0
 30
0.0
210
0.0
220
0.0
230
1.0
  2
ANSI31
 70
0
 71
0
 91
1
 92
3
 72
0
 73
1
 93
4
 10
1207.5
 20
692.5
 10
1252.5
 20
692.5
 10
1252.5
 20
487.5
 10
1207.5
 20
487.5
 97
0
 75
1
 76
1
 52
0.0
 41
5.0
 77
0
 78
1
 53
45.0
 43
0.0
 44
0.0
 45
-11.2253201515
 46
11.2253201515
 79
0
 98
0
  0
HATCH
  5
6B
330
17
100
AcDbEntity
  8
M-ZMNK-SERAMIK-T
 62
7
100
AcDbHatch
 10
0.0
 20
0.0
 30
0.0
210
0.0
220
0.0
230
1.0
  2
NET
 70
0
 71
0
 91
1
 92
3
 72
0
 73
1
 93
4
 10
587.5
 20
1465.0
 10
772.5
 20
1465.0
 10
772.5
 20
1187.5
 10
587.5
 20
1187.5
 97
0
 75
1
 76
1
 52
0.0
 41
8.0
 77
0
 78
2
 53
0.0
 43
0.0
 44
0.0
 45
0.0
 46
25.4
 79
0
 53
90.0
 43
0.0
 44
0.0
 45
-25.4
 46
0.0
 79
0
 98
0
  0
HATCH
  5
6C
330
17
100
AcDbEntity
  8
M-ZMNK-DOGALTAS-T
 62
7
100
AcDbHatch
 10
0.0
 20
0.0
 30
0.0
210
0.0
220
0.0
230
1.0
  2
NET
 70
0
 71
0
 91
1
 92
3
 72
0
 73
1
 93
4
 10
587.5
 20
1172.5
 10
772.5
 20
1172.5
 10
772.5
 20
987.5
 10
587.5
 20
987.5
 97
0
 75
1
 76
1
 52
0.0
 41
16.0
 77
0
 78
2
 53
0.0
 43
0.0
 44
0.0
 45
0.0
 46
50.8
 79
0
 53
90.0
 43
0.0
 44
0.0
 45
-50.8
 46
0.0
 79
0
 98
0
  0
HATCH
  5
6D
330
17
100
AcDbEntity
  8
M-ZMNK-SERAMIK-T
 62
7
100
AcDbHatch
 10
0.0
 20
0.0
 30
0.0
210
0.0
220
0.0
230
1.0
  2
NET
 70
0
 71
0
 91
1
 92
3
 72
0
 73
1
 93
4
 10
35.0
 20
972.5
 10
412.5
 20
972.5
 10
412.5
 20
507.5
 10
35.0
 20
507.5
 97
0
 75
1
 76
1
 52
0.0
 41
8.0
 77
0
 78
2
 53
0.0
 43
0.0
 44
0.0
 45
0.0
 46
25.4
 79
0
 53
90.0
 43
0.0
 44
0.0
 45
-25.4
 46
0.0
 79
0
 98
0
  0
HATCH
  5
6E
330
17
100
AcDbEntity
  8
M-ZMNK-SERAMIK-T
 62
7
100
AcDbHatch
 10
0.0
 20
0.0
 30
0.0
210
0.0
220
0.0
230
1.0
  2
NET
 70
0
 71
0
 91
1
 92
3
 72
0
 73
1
 93
4
 10
1067.5
 20
472.5
 10
1252.5
 20
472.5
 10
1252.5
 20
227.49999999999977
 10
1067.5
 20
227.49999999999977
 97
0
 75
1
 76
1
 52
0.0
 41
8.0
 77
0
 78
2
 53
0.0
 43
0.0
 44
0.0
 45
0.0
 46
25.4
 79
0
 53
90.0
 43
0.0
 44
0.0
 45
-25.4
 46
0.0
 79
0
 98
0
  0
HATCH
  5
6F
330
17
100
AcDbEntity
  8
M-ZMNK-DOGALTAS-T
 62
7
100
AcDbHatch
 10
0.0
 20
0.0
 30
0.0
210
0.0
220
0.0
230
1.0
  2
NET
 70
0
 71
0
 91
1
 92
3
 72
0
 73
1
 93
4
 10
1267.5
 20
1465.0
 10
1392.5000000000002
 20
1465.0
 10
1392.5000000000002
 20
527.5
 10
1267.5
 20
527.5
 97
0
 75
1
 76
1
 52
0.0
 41
16.0
 77
0
 78
2
 53
0.0
 43
0.0
 44
0.0
 45
0.0
 46
50.8
 79
0
 53
90.0
 43
0.0
 44
0.0
 45
-50.8
 46
0.0
 79
0
 98
0
  0
HATCH
  5
70
330
17
100
AcDbEntity
  8
M-ZMNK-SERAMIK-T
 62
7
100
AcDbHatch
 10
0.0
 20
0.0
 30
0.0
210
0.0
220
0.0
230
1.0
  2
NET
 70
0
 71
0
 91
1
 92
3
 72
0
 73
1
 93
4
 10
1667.5
 20
1032.5
 10
1965.0
 20
1032.5
 10
1965.0
 20
787.5
 10
1667.5
 20
787.5
 97
0
 75
1
 76
1
 52
0.0
 41
8.0
 77
0
 78
2
 53
0.0
 43
0.0
 44
0.0
 45
0.0
 46
25.4
 79
0
 53
90.0
 43
0.0
 44
0.0
 45
-25.4
 46
0.0
 79
0
 98
0
  0
HATCH
  5
71
330
17
100
AcDbEntity
  8
M-ZMNK-SERAMIK-T
 62
7
100
AcDbHatch
 10
0.0
 20
0.0
 30
0.0
210
0.0
220
0.0
230
1.0
  2
NET
 70
0
 71
0
 91
1
 92
3
 72
0
 73
1
 93
4
 10
1407.5
 20
772.5
 10
1732.5
 20
772.5
 10
1732.5
 20
527.5
 10
1407.5
 20
527.5
 97
0
 75
1
 76
1
 52
0.0
 41
8.0
 77
0
 78
2
 53
0.0
 43
0.0
 44
0.0
 45
0.0
 46
25.4
 79
0
 53
90.0
 43
0.0
 44
0.0
 45
-25.4
 46
0.0
 79
0
 98
0
  0
HATCH
  5
72
330
17
100
AcDbEntity
  8
M-ZMNK-SERAMIK-T
 62
7
100
AcDbHatch
 10
0.0
 20
0.0
 30
0.0
210
0.0
220
0.0
230
1.0
  2
NET
 70
0
 71
0
 91
1
 92
3
 72
0
 73
1
 93
4
 10
1747.4999999999998
 20
772.5
 10
1965.0
 20
772.5
 10
1965.0
 20
527.5
 10
1747.4999999999998
 20
527.5
 97
0
 75
1
 76
1
 52
0.0
 41
8.0
 77
0
 78
2
 53
0.0
 43
0.0
 44
0.0
 45
0.0
 46
25.4
 79
0
 53
90.0
 43
0.0
 44
0.0
 45
-25.4
 46
0.0
 79
0
 98
0
  0
HATCH
  5
73
330
17
100
AcDbEntity
  8
M-ZMNK-DOGALTAS-T
 62
7
100
AcDbHatch
 10
0.0
 20
0.0
 30
0.0
210
0.0
220
0.0
230
1.0
  2
NET
 70
0
 71
0
 91
1
 92
3
 72
0
 73
1
 93
4
 10
1007.5
 20
1187.5
 10
1007.5
 20
1187.5
 10
1007.5
 20
1172.5
 10
1007.5
 20
1172.5
 97
0
 75
1
 76
1
 52
0.0
 41
16.0
 77
0
 78
2
 53
0.0
 43
0.0
 44
0.0
 45
0.0
 46
50.8
 79
0
 53
90.0
 43
0.0
 44
0.0
 45
-50.8
 46
0.0
 79
0
 98
0
  0
LWPOLYLINE
  5
75
330
17
100
AcDbEntity
  8
M-TEFR-MIMARI
100
AcDbPolyline
 90
4
 70
1
 10
330.0
 20
987.5
 10
150.0
 20
987.5
 10
150.0
 20
1197.5
 10
330.0
 20
1197.5
  0
LWPOLYLINE
  5
76
330
17
100
AcDbEntity
  8
M-TEFR-MIMARI
100
AcDbPolyline
 90
4
 70
1
 10
330.0
 20
987.5
 10
150.0
 20
987.5
 10
150.0
 20
997.5
 10
330.0
 20
997.5
  0
LWPOLYLINE
  5
77
330
17
100
AcDbEntity
  8
M-TEFR-MIMARI
100
AcDbPolyline
 90
4
 70
1
 10
324.00000000000006
 20
1005.5
 10
244.00000000000006
 20
1005.5
 10
244.00000000000006
 20
1042.5
 10
324.00000000000006
 20
1042.5
  0
LWPOLYLINE
  5
78
330
17
100
AcDbEntity
  8
M-TEFR-MIMARI
100
AcDbPolyline
 90
4
 70
1
 10
235.99999999999994
 20
1005.5
 10
155.99999999999994
 20
1005.5
 10
155.99999999999994
 20
1042.5
 10
235.99999999999994
 20
1042.5
  0
LINE
  5
79
330
17
100
AcDbEntity
  8
M-TEFR-MIMARI
100
AcDbLine
 10
330.0
 20
1062.5
 30
0.0
 11
150.0
 21
1062.5
 31
0.0
  0
LINE
  5
7A
330
17
100
AcDbEntity
  8
M-TEFR-MIMARI
100
AcDbLine
 10
330.0
 20
1062.5
 30
0.0
 11
305.0
 21
1082.5
 31
0.0
  0
LWPOLYLINE
  5
7B
330
17
100
AcDbEntity
  8
M-TEFR-MIMARI
100
AcDbPolyline
 90
4
 70
1
 10
380.0
 20
987.5
 10
335.0
 20
987.5
 10
335.0
 20
1029.5
 10
380.0
 20
1029.5
  0
CIRCLE
  5
7C
330
17
100
AcDbEntity
  8
M-TEFR-MIMARI
100
AcDbCircle
 10
357.5
 20
1008.5
 30
0.0
 40
10.0
  0
LWPOLYLINE
  5
7D
330
17
100
AcDbEntity
  8
M-TEFR-MIMARI
100
AcDbPolyline
 90
4
 70
1
 10
145.0
 20
987.5
 10
100.0
 20
987.5
 10
100.0
 20
1029.5
 10
145.0
 20
1029.5
  0
CIRCLE
  5
7E
330
17
100
AcDbEntity
  8
M-TEFR-MIMARI
100
AcDbCircle
 10
122.5
 20
1008.5
 30
0.0
 40
10.0
  0
LWPOLYLINE
  5
7F
330
17
100
AcDbEntity
  8
M-TEFR-MIMARI
100
AcDbPolyline
 90
4
 70
1
 10
572.5
 20
1440.0
 10
572.5
 20
1200.0
 10
510.5000000000001
 20
1200.0
 10
510.5000000000001
 20
1440.0
  0
LINE
  5
80
330
17
100
AcDbEntity
  8
M-TEFR-MIMARI
100
AcDbLine
 10
572.5
 20
1392.0
 30
0.0
 11
510.5000000000001
 21
1392.0
 31
0.0
  0
LINE
  5
81
330
17
100
AcDbEntity
  8
M-TEFR-MIMARI
100
AcDbLine
 10
572.5
 20
1344.0
 30
0.0
 11
510.5000000000001
 21
1344.0
 31
0.0
  0
LINE
  5
82
330
17
100
AcDbEntity
  8
M-TEFR-MIMARI
100
AcDbLine
 10
572.5
 20
1296.0
 30
0.0
 11
510.5000000000001
 21
1296.0
 31
0.0
  0
LINE
  5
83
330
17
100
AcDbEntity
  8
M-TEFR-MIMARI
100
AcDbLine
 10
572.5
 20
1248.0
 30
0.0
 11
510.5000000000001
 21
1248.0
 31
0.0
  0
LINE
  5
84
330
17
100
AcDbEntity
  8
M-TEFR-MIMARI
100
AcDbLine
 10
572.5
 20
1440.0
 30
0.0
 11
510.5000000000001
 21
1200.0
 31
0.0
  0
LWPOLYLINE
  5
85
330
17
100
AcDbEntity
  8
M-TEFR-MIMARI
100
AcDbPolyline
 90
4
 70
1
 10
240.0
 20
1465.0
 10
360.0
 20
1465.0
 10
360.0
 20
1395.0
 10
240.0
 20
1395.0
  0
LWPOLYLINE
  5
86
330
17
100
AcDbEntity
  8
M-TEFR-MIMARI
100
AcDbPolyline
 90
4
 70
1
 10
275.99999999999994
 20
1390.0
 10
324.00000000000006
 20
1390.0
 10
324.00000000000006
 20
1347.0
 10
275.99999999999994
 20
1347.0
  0
LWPOLYLINE
  5
88
330
17
100
AcDbEntity
  8
M-TEFR-MEKANIK
100
AcDbPolyline
 90
4
 70
1
 10
587.5
 20
1360.0
 10
587.5
 20
1440.0
 10
637.5
 20
1440.0
 10
637.5
 20
1360.0
  0
LWPOLYLINE
  5
89
330
17
100
AcDbEntity
  8
M-TEFR-MEKANIK
100
AcDbPolyline
 90
25
 70
0
 10
617.5
 20
1380.0
 10
618.0200006827156
 20
1374.8293610827277
 10
619.5252252641131
 20
1370.0139372981166
 10
621.9132574388631
 20
1365.8813727191573
 10
625.0216141892366
 20
1362.7128493043053
 10
628.638801218666
 20
1360.723955122948
 10
632.5187031395752
 20
1360.0500156250305
 10
636.3973292992134
 20
1360.7368860232868
 10
640.0107758483256
 20
1362.737831279438
 10
643.1131819036661
 20
1365.9167059818071
 10
645.4934580572185
 20
1370.057217753731
 10
646.9896490151858
 20
1374.8776439053906
 10
647.4999531249267
 20
1380.05
 10
646.9896490151858
 20
1385.2223560946093
 10
645.4934580572185
 20
1390.042782246269
 10
643.1131819036661
 20
1394.183294018193
 10
640.0107758483256
 20
1397.3621687205618
 10
636.3973292992134
 20
1399.363113976713
 10
632.5187031395752
 20
1400.0499843749694
 10
628.638801218666
 20
1399.376044877052
 10
625.0216141892366
 20
1397.3871506956948
 10
621.9132574388631
 20
1394.2186272808426
 10
619.5252252641131
 20
1390.0860627018833
 10
618.0200006827156
 20
1385.2706389172722
 10
617.5
 20
1380.1000000000001
  0
LWPOLYLINE
  5
8A
330
17
100
AcDbEntity
  8
M-TEFR-MEKANIK
100
AcDbPolyline
 90
4
 70
1
 10
772.5
 20
1330.0
 10
772.5
 20
1290.0
 10
754.4999999999999
 20
1290.0
 10
754.4999999999999
 20
1330.0
  0
LWPOLYLINE
  5
8B
330
17
100
AcDbEntity
  8
M-TEFR-MEKANIK
100
AcDbPolyline
 90
25
 70
1
 10
754.4999999999999
 20
1328.0
 10
746.9930555555555
 20
1328.1805555555557
 10
740.1388888888889
 20
1328.0555555555557
 10
733.9375000000001
 20
1327.625
 10
728.388888888889
 20
1326.888888888889
 10
723.4930555555557
 20
1325.8472222222222
 10
719.2500000000001
 20
1324.5
 10
715.6597222222223
 20
1322.8472222222222
 10
712.7222222222222
 20
1320.888888888889
 10
710.4374999999999
 20
1318.625
 10
708.8055555555557
 20
1316.0555555555557
 10
707.8263888888889
 20
1313.1805555555557
 10
707.5
 20
1310.0
 10
707.8263888888889
 20
1306.8194444444443
 10
708.8055555555557
 20
1303.9444444444443
 10
710.4374999999999
 20
1301.375
 10
712.7222222222222
 20
1299.111111111111
 10
715.6597222222223
 20
1297.1527777777778
 10
719.2500000000001
 20
1295.5
 10
723.4930555555557
 20
1294.1527777777778
 10
728.388888888889
 20
1293.111111111111
 10
733.9375000000001
 20
1292.375
 10
740.1388888888889
 20
1291.9444444444443
 10
746.9930555555555
 20
1291.8194444444443
 10
754.4999999999999
 20
1292.0
  0
LWPOLYLINE
  5
8C
330
17
100
AcDbEntity
  8
M-TEFR-MEKANIK
100
AcDbPolyline
 90
4
 70
1
 10
655.4999999999998
 20
1465.0
 10
772.4999999999998
 20
1465.0
 10
772.4999999999998
 20
1365.0
 10
655.4999999999998
 20
1365.0
  0
LINE
  5
8D
330
17
100
AcDbEntity
  8
M-TEFR-MEKANIK
100
AcDbLine
 10
655.4999999999998
 20
1465.0
 30
0.0
 11
772.4999999999998
 21
1365.0
 31
0.0
  0
LINE
  5
8E
330
17
100
AcDbEntity
  8
M-TEFR-MEKANIK
100
AcDbLine
 10
655.4999999999998
 20
1365.0
 30
0.0
 11
772.4999999999998
 21
1465.0
 31
0.0
  0
CIRCLE
  5
8F
330
17
100
AcDbEntity
  8
M-TEFR-MEKANIK
100
AcDbCircle
 10
713.9999999999998
 20
1415.0
 30
0.0
 40
5.0
  0
LWPOLYLINE
  5
90
330
17
100
AcDbEntity
  8
M-TEFR-MIMARI
100
AcDbPolyline
 90
4
 70
1
 10
770.0
 20
987.5
 10
590.0
 20
987.5
 10
590.0
 20
1049.5
 10
770.0
 20
1049.5
  0
LINE
  5
91
330
17
100
AcDbEntity
  8
M-TEFR-MIMARI
100
AcDbLine
 10
725.0
 20
987.5
 30
0.0
 11
725.0
 21
1049.5
 31
0.0
  0
LINE
  5
92
330
17
100
AcDbEntity
  8
M-TEFR-MIMARI
100
AcDbLine
 10
680.0
 20
987.5
 30
0.0
 11
680.0
 21
1049.5
 31
0.0
  0
LINE
  5
93
330
17
100
AcDbEntity
  8
M-TEFR-MIMARI
100
AcDbLine
 10
635.0
 20
987.5
 30
0.0
 11
635.0
 21
1049.5
 31
0.0
  0
LINE
  5
94
330
17
100
AcDbEntity
  8
M-TEFR-MIMARI
100
AcDbLine
 10
770.0
 20
987.5
 30
0.0
 11
590.0
 21
1049.5
 31
0.0
  0
LWPOLYLINE
  5
95
330
17
100
AcDbEntity
  8
M-TEFR-MEKANIK
100
AcDbPolyline
 90
4
 70
1
 10
170.0
 20
845.0
 10
170.0
 20
675.0
 10
90.0
 20
675.0
 10
90.0
 20
845.0
  0
LWPOLYLINE
  5
96
330
17
100
AcDbEntity
  8
M-TEFR-MEKANIK
100
AcDbPolyline
 90
4
 70
1
 10
162.00000000000003
 20
836.9999999999999
 10
162.00000000000003
 20
683.0000000000001
 10
97.99999999999997
 20
683.0000000000001
 10
97.99999999999997
 20
836.9999999999999
  0
CIRCLE
  5
97
330
17
100
AcDbEntity
  8
M-TEFR-MEKANIK
100
AcDbCircle
 10
130.0
 20
705.0
 30
0.0
 40
4.0
  0
LWPOLYLINE
  5
98
330
17
100
AcDbEntity
  8
M-TEFR-MEKANIK
100
AcDbPolyline
 90
4
 70
1
 10
412.5
 20
950.0
 10
412.5
 20
770.0
 10
362.5
 20
770.0
 10
362.5
 20
950.0
  0
LWPOLYLINE
  5
99
330
17
100
AcDbEntity
  8
M-TEFR-MEKANIK
100
AcDbPolyline
 90
25
 70
0
 10
382.5
 20
925.0
 10
381.97999931728447
 20
930.1706389172722
 10
380.47477473588685
 20
934.9860627018834
 10
378.08674256113693
 20
939.1186272808426
 10
374.97838581076337
 20
942.2871506956949
 10
371.361198781334
 20
944.276044877052
 10
367.4812968604248
 20
944.9499843749695
 10
363.60267070078663
 20
944.2631139767133
 10
359.9892241516744
 20
942.2621687205619
 10
356.8868180963338
 20
939.0832940181929
 10
354.50654194278144
 20
934.942782246269
 10
353.0103509848142
 20
930.1223560946094
 10
352.5000468750733
 20
924.95
 10
353.0103509848142
 20
919.7776439053905
 10
354.50654194278144
 20
914.9572177537311
 10
356.8868180963338
 20
910.8167059818072
 10
359.9892241516744
 20
907.6378312794382
 10
363.60267070078663
 20
905.6368860232868
 10
367.4812968604248
 20
904.9500156250306
 10
371.361198781334
 20
905.6239551229478
 10
374.97838581076337
 20
907.6128493043052
 10
378.08674256113693
 20
910.7813727191575
 10
380.47477473588685
 20
914.9139372981167
 10
381.97999931728447
 20
919.7293610827279
 10
382.5
 20
924.9000000000001
  0
LWPOLYLINE
  5
9A
330
17
100
AcDbEntity
  8
M-TEFR-MEKANIK
100
AcDbPolyline
 90
25
 70
0
 10
382.5
 20
835.0
 10
381.97999931728447
 20
840.1706389172722
 10
380.47477473588697
 20
844.9860627018834
 10
378.08674256113693
 20
849.1186272808426
 10
374.97838581076337
 20
852.2871506956949
 10
371.361198781334
 20
854.276044877052
 10
367.4812968604248
 20
854.9499843749695
 10
363.60267070078663
 20
854.2631139767133
 10
359.9892241516744
 20
852.2621687205619
 10
356.8868180963338
 20
849.0832940181929
 10
354.50654194278144
 20
844.942782246269
 10
353.0103509848142
 20
840.1223560946094
 10
352.5000468750733
 20
834.95
 10
353.0103509848142
 20
829.7776439053905
 10
354.50654194278144
 20
824.9572177537311
 10
356.8868180963338
 20
820.8167059818072
 10
359.9892241516744
 20
817.6378312794382
 10
363.60267070078663
 20
815.6368860232868
 10
367.4812968604248
 20
814.9500156250306
 10
371.361198781334
 20
815.6239551229478
 10
374.97838581076337
 20
817.6128493043052
 10
378.08674256113693
 20
820.7813727191575
 10
380.47477473588685
 20
824.9139372981167
 10
381.97999931728447
 20
829.7293610827279
 10
382.5
 20
834.9000000000001
  0
LWPOLYLINE
  5
9B
330
17
100
AcDbEntity
  8
M-TEFR-MEKANIK
100
AcDbPolyline
 90
4
 70
1
 10
35.0
 20
617.5
 10
175.0
 20
617.5
 10
175.0
 20
507.5
 10
35.0
 20
507.5
  0
LINE
  5
9C
330
17
100
AcDbEntity
  8
M-TEFR-MEKANIK
100
AcDbLine
 10
35.0
 20
617.5
 30
0.0
 11
175.0
 21
507.5
 31
0.0
  0
LINE
  5
9D
330
17
100
AcDbEntity
  8
M-TEFR-MEKANIK
100
AcDbLine
 10
35.0
 20
507.5
 30
0.0
 11
175.0
 21
617.5
 31
0.0
  0
CIRCLE
  5
9E
330
17
100
AcDbEntity
  8
M-TEFR-MEKANIK
100
AcDbCircle
 10
105.0
 20
562.5
 30
0.0
 40
5.0
  0
LWPOLYLINE
  5
9F
330
17
100
AcDbEntity
  8
M-TEFR-MEKANIK
100
AcDbPolyline
 90
4
 70
1
 10
220.0
 20
972.5
 10
260.0
 20
972.5
 10
260.0
 20
954.4999999999999
 10
220.0
 20
954.4999999999999
  0
LWPOLYLINE
  5
A0
330
17
100
AcDbEntity
  8
M-TEFR-MEKANIK
100
AcDbPolyline
 90
25
 70
1
 10
222.00000000000003
 20
954.4999999999999
 10
221.8194444444444
 20
946.9930555555555
 10
221.94444444444443
 20
940.1388888888889
 10
222.37499999999997
 20
933.9375000000001
 10
223.11111111111117
 20
928.388888888889
 10
224.15277777777774
 20
923.4930555555557
 10
225.49999999999997
 20
919.2500000000001
 10
227.15277777777771
 20
915.6597222222223
 10
229.11111111111111
 20
912.7222222222222
 10
231.37500000000003
 20
910.4374999999999
 10
233.94444444444446
 20
908.8055555555557
 10
236.8194444444444
 20
907.8263888888889
 10
240.0
 20
907.5
 10
243.1805555555556
 20
907.8263888888889
 10
246.05555555555554
 20
908.8055555555557
 10
248.62499999999997
 20
910.4374999999999
 10
250.88888888888889
 20
912.7222222222222
 10
252.84722222222229
 20
915.6597222222223
 10
254.50000000000003
 20
919.2500000000001
 10
255.84722222222226
 20
923.4930555555557
 10
256.8888888888888
 20
928.388888888889
 10
257.625
 20
933.9375000000001
 10
258.05555555555554
 20
940.1388888888889
 10
258.1805555555556
 20
946.9930555555555
 10
258.0
 20
954.4999999999999
  0
LWPOLYLINE
  5
A1
330
17
100
AcDbEntity
  8
M-TEFR-MIMARI
100
AcDbPolyline
 90
4
 70
1
 10
427.5
 20
660.0
 10
427.4999999999999
 20
960.0
 10
489.4999999999999
 20
960.0
 10
489.5
 20
660.0
  0
LINE
  5
A2
330
17
100
AcDbEntity
  8
M-TEFR-MIMARI
100
AcDbLine
 10
427.5
 20
710.0
 30
0.0
 11
489.5
 21
710.0
 31
0.0
  0
LINE
  5
A3
330
17
100
AcDbEntity
  8
M-TEFR-MIMARI
100
AcDbLine
 10
427.5
 20
760.0
 30
0.0
 11
489.4999999999999
 21
760.0
 31
0.0
  0
LINE
  5
A4
330
17
100
AcDbEntity
  8
M-TEFR-MIMARI
100
AcDbLine
 10
427.5
 20
810.0
 30
0.0
 11
489.4999999999999
 21
810.0
 31
0.0
  0
LINE
  5
A5
330
17
100
AcDbEntity
  8
M-TEFR-MIMARI
100
AcDbLine
 10
427.5
 20
860.0
 30
0.0
 11
489.4999999999999
 21
860.0
 31
0.0
  0
LINE
  5
A6
330
17
100
AcDbEntity
  8
M-TEFR-MIMARI
100
AcDbLine
 10
427.4999999999999
 20
910.0
 30
0.0
 11
489.4999999999999
 21
910.0
 31
0.0
  0
LINE
  5
A7
330
17
100
AcDbEntity
  8
M-TEFR-MIMARI
100
AcDbLine
 10
427.5
 20
660.0
 30
0.0
 11
489.4999999999999
 21
960.0
 31
0.0
  0
LWPOLYLINE
  5
A8
330
17
100
AcDbEntity
  8
M-TEFR-MIMARI
100
AcDbPolyline
 90
4
 70
1
 10
490.0
 20
972.5
 10
680.0
 20
972.5
 10
680.0
 20
910.5000000000001
 10
490.0
 20
910.5000000000001
  0
LINE
  5
A9
330
17
100
AcDbEntity
  8
M-TEFR-MIMARI
100
AcDbLine
 10
537.5
 20
972.5
 30
0.0
 11
537.5
 21
910.5000000000001
 31
0.0
  0
LINE
  5
AA
330
17
100
AcDbEntity
  8
M-TEFR-MIMARI
100
AcDbLine
 10
585.0
 20
972.5
 30
0.0
 11
585.0
 21
910.5000000000001
 31
0.0
  0
LINE
  5
AB
330
17
100
AcDbEntity
  8
M-TEFR-MIMARI
100
AcDbLine
 10
632.5
 20
972.5
 30
0.0
 11
632.5
 21
910.5000000000001
 31
0.0
  0
LINE
  5
AC
330
17
100
AcDbEntity
  8
M-TEFR-MIMARI
100
AcDbLine
 10
490.0
 20
972.5
 30
0.0
 11
680.0
 21
910.5000000000001
 31
0.0
  0
LWPOLYLINE
  5
AD
330
17
100
AcDbEntity
  8
M-TEFR-MIMARI
100
AcDbPolyline
 90
4
 70
1
 10
772.5
 20
830.0
 10
772.5
 20
550.0
 10
710.5000000000001
 20
550.0
 10
710.5000000000001
 20
830.0
  0
LINE
  5
AE
330
17
100
AcDbEntity
  8
M-TEFR-MIMARI
100
AcDbLine
 10
772.5
 20
783.3333333333335
 30
0.0
 11
710.5000000000001
 21
783.3333333333335
 31
0.0
  0
LINE
  5
AF
330
17
100
AcDbEntity
  8
M-TEFR-MIMARI
100
AcDbLine
 10
772.5
 20
736.6666666666665
 30
0.0
 11
710.5000000000001
 21
736.6666666666665
 31
0.0
  0
LINE
  5
B0
330
17
100
AcDbEntity
  8
M-TEFR-MIMARI
100
AcDbLine
 10
772.5
 20
690.0
 30
0.0
 11
710.5000000000001
 21
690.0
 31
0.0
  0
LINE
  5
B1
330
17
100
AcDbEntity
  8
M-TEFR-MIMARI
100
AcDbLine
 10
772.5
 20
643.3333333333335
 30
0.0
 11
710.5000000000001
 21
643.3333333333335
 31
0.0
  0
LINE
  5
B2
330
17
100
AcDbEntity
  8
M-TEFR-MIMARI
100
AcDbLine
 10
772.5
 20
596.6666666666665
 30
0.0
 11
710.5000000000001
 21
596.6666666666665
 31
0.0
  0
LINE
  5
B3
330
17
100
AcDbEntity
  8
M-TEFR-MIMARI
100
AcDbLine
 10
772.5
 20
830.0
 30
0.0
 11
710.5000000000001
 21
550.0
 31
0.0
  0
LWPOLYLINE
  5
B4
330
17
100
AcDbEntity
  8
M-TEFR-MEKANIK
100
AcDbPolyline
 90
4
 70
1
 10
545.0
 20
790.0
 10
645.0
 20
790.0
 10
645.0
 20
650.0
 10
545.0
 20
650.0
  0
LINE
  5
B5
330
17
100
AcDbEntity
  8
M-TEFR-MEKANIK
100
AcDbLine
 10
545.0
 20
720.0
 30
0.0
 11
645.0
 21
720.0
 31
0.0
  0
LWPOLYLINE
  5
B6
330
17
100
AcDbEntity
  8
M-TEFR-MIMARI
100
AcDbPolyline
 90
4
 70
1
 10
772.5
 20
355.0
 10
772.5
 20
175.0
 10
562.5
 20
175.0
 10
562.5
 20
355.0
  0
LWPOLYLINE
  5
B7
330
17
100
AcDbEntity
  8
M-TEFR-MIMARI
100
AcDbPolyline
 90
4
 70
1
 10
772.5
 20
355.0
 10
772.5
 20
175.0
 10
762.5
 20
175.0
 10
762.5
 20
355.0
  0
LWPOLYLINE
  5
B8
330
17
100
AcDbEntity
  8
M-TEFR-MIMARI
100
AcDbPolyline
 90
4
 70
1
 10
754.4999999999999
 20
349.0
 10
754.4999999999999
 20
269.0
 10
717.5
 20
269.0
 10
717.5
 20
349.0
  0
LWPOLYLINE
  5
B9
330
17
100
AcDbEntity
  8
M-TEFR-MIMARI
100
AcDbPolyline
 90
4
 70
1
 10
754.4999999999999
 20
261.0
 10
754.4999999999999
 20
181.0
 10
717.5
 20
181.0
 10
717.5
 20
261.0
  0
LINE
  5
BA
330
17
100
AcDbEntity
  8
M-TEFR-MIMARI
100
AcDbLine
 10
697.5
 20
355.0
 30
0.0
 11
697.5
 21
175.0
 31
0.0
  0
LINE
  5
BB
330
17
100
AcDbEntity
  8
M-TEFR-MIMARI
100
AcDbLine
 10
697.5
 20
355.0
 30
0.0
 11
677.5
 21
330.0
 31
0.0
  0
LWPOLYLINE
  5
BC
330
17
100
AcDbEntity
  8
M-TEFR-MIMARI
100
AcDbPolyline
 90
4
 70
1
 10
772.5
 20
405.0
 10
772.5
 20
360.0
 10
730.5000000000001
 20
360.0
 10
730.5000000000001
 20
405.0
  0
CIRCLE
  5
BD
330
17
100
AcDbEntity
  8
M-TEFR-MIMARI
100
AcDbCircle
 10
751.5
 20
382.5
 30
0.0
 40
10.0
  0
LWPOLYLINE
  5
BE
330
17
100
AcDbEntity
  8
M-TEFR-MIMARI
100
AcDbPolyline
 90
4
 70
1
 10
772.5
 20
170.0
 10
772.5
 20
125.0
 10
730.5000000000001
 20
125.0
 10
730.5000000000001
 20
170.0
  0
CIRCLE
  5
BF
330
17
100
AcDbEntity
  8
M-TEFR-MIMARI
100
AcDbCircle
 10
751.5
 20
147.5
 30
0.0
 40
10.0
  0
LWPOLYLINE
  5
C0
330
17
100
AcDbEntity
  8
M-TEFR-MIMARI
100
AcDbPolyline
 90
4
 70
1
 10
57.5
 20
422.5
 10
142.5
 20
422.5
 10
142.5
 20
337.5
 10
57.5
 20
337.5
  0
LWPOLYLINE
  5
C1
330
17
100
AcDbEntity
  8
M-TEFR-MIMARI
100
AcDbPolyline
 90
4
 70
1
 10
57.5
 20
422.5
 10
142.5
 20
422.5
 10
142.5
 20
402.5
 10
57.5
 20
402.5
  0
LWPOLYLINE
  5
C2
330
17
100
AcDbEntity
  8
M-TEFR-MIMARI
100
AcDbPolyline
 90
4
 70
1
 10
57.5
 20
422.5
 10
72.5
 20
422.5
 10
72.5
 20
337.5
 10
57.5
 20
337.5
  0
LWPOLYLINE
  5
C3
330
17
100
AcDbEntity
  8
M-TEFR-MIMARI
100
AcDbPolyline
 90
4
 70
1
 10
127.5
 20
422.5
 10
142.5
 20
422.5
 10
142.5
 20
337.5
 10
127.5
 20
337.5
  0
LWPOLYLINE
  5
C4
330
17
100
AcDbEntity
  8
M-TEFR-MIMARI
100
AcDbPolyline
 90
4
 70
1
 10
142.5
 20
137.5
 10
57.5
 20
137.5
 10
57.5
 20
222.5
 10
142.5
 20
222.5
  0
LWPOLYLINE
  5
C5
330
17
100
AcDbEntity
  8
M-TEFR-MIMARI
100
AcDbPolyline
 90
4
 70
1
 10
142.5
 20
137.5
 10
57.5
 20
137.5
 10
57.5
 20
157.5
 10
142.5
 20
157.5
  0
LWPOLYLINE
  5
C6
330
17
100
AcDbEntity
  8
M-TEFR-MIMARI
100
AcDbPolyline
 90
4
 70
1
 10
142.5
 20
137.5
 10
127.5
 20
137.5
 10
127.5
 20
222.5
 10
142.5
 20
222.5
  0
LWPOLYLINE
  5
C7
330
17
100
AcDbEntity
  8
M-TEFR-MIMARI
100
AcDbPolyline
 90
4
 70
1
 10
72.5
 20
137.5
 10
57.5
 20
137.5
 10
57.5
 20
222.5
 10
72.5
 20
222.5
  0
LWPOLYLINE
  5
C8
330
17
100
AcDbEntity
  8
M-TEFR-MIMARI
100
AcDbPolyline
 90
4
 70
1
 10
75.0
 20
305.0
 10
125.0
 20
305.0
 10
125.0
 20
255.0
 10
75.0
 20
255.0
  0
LWPOLYLINE
  5
C9
330
17
100
AcDbEntity
  8
M-TEFR-MIMARI
100
AcDbPolyline
 90
4
 70
1
 10
787.5
 20
85.0
 10
787.5
 20
225.0
 10
997.5
 20
225.0
 10
997.5
 20
85.0
  0
LWPOLYLINE
  5
CA
330
17
100
AcDbEntity
  8
M-TEFR-MIMARI
100
AcDbPolyline
 90
4
 70
1
 10
787.5
 20
85.0
 10
787.5
 20
225.0
 10
797.5
 20
225.0
 10
797.5
 20
85.0
  0
LWPOLYLINE
  5
CB
330
17
100
AcDbEntity
  8
M-TEFR-MIMARI
100
AcDbPolyline
 90
4
 70
1
 10
805.5000000000001
 20
91.0
 10
805.5000000000001
 20
151.0
 10
842.5
 20
151.0
 10
842.5
 20
91.0
  0
LWPOLYLINE
  5
CC
330
17
100
AcDbEntity
  8
M-TEFR-MIMARI
100
AcDbPolyline
 90
4
 70
1
 10
805.5000000000001
 20
159.0
 10
805.5000000000001
 20
219.0
 10
842.5
 20
219.0
 10
842.5
 20
159.0
  0
LINE
  5
CD
330
17
100
AcDbEntity
  8
M-TEFR-MIMARI
100
AcDbLine
 10
862.5
 20
85.0
 30
0.0
 11
862.5
 21
225.0
 31
0.0
  0
LINE
  5
CE
330
17
100
AcDbEntity
  8
M-TEFR-MIMARI
100
AcDbLine
 10
862.5
 20
85.0
 30
0.0
 11
882.5
 21
110.0
 31
0.0
  0
LWPOLYLINE
  5
CF
330
17
100
AcDbEntity
  8
M-TEFR-MIMARI
100
AcDbPolyline
 90
4
 70
1
 10
787.5
 20
35.0
 10
787.5
 20
80.0
 10
829.4999999999999
 20
80.0
 10
829.4999999999999
 20
35.0
  0
CIRCLE
  5
D0
330
17
100
AcDbEntity
  8
M-TEFR-MIMARI
100
AcDbCircle
 10
808.5
 20
57.5
 30
0.0
 40
10.0
  0
LWPOLYLINE
  5
D1
330
17
100
AcDbEntity
  8
M-TEFR-MIMARI
100
AcDbPolyline
 90
4
 70
1
 10
787.5
 20
230.0
 10
787.5
 20
275.0
 10
829.4999999999999
 20
275.0
 10
829.4999999999999
 20
230.0
  0
CIRCLE
  5
D2
330
17
100
AcDbEntity
  8
M-TEFR-MIMARI
100
AcDbCircle
 10
808.5
 20
252.5
 30
0.0
 40
10.0
  0
LWPOLYLINE
  5
D3
330
17
100
AcDbEntity
  8
M-TEFR-MIMARI
100
AcDbPolyline
 90
4
 70
1
 10
787.5000000000002
 20
285.0
 10
787.5000000000002
 20
465.0
 10
849.5000000000002
 20
465.0
 10
849.5000000000002
 20
285.0
  0
LINE
  5
D4
330
17
100
AcDbEntity
  8
M-TEFR-MIMARI
100
AcDbLine
 10
787.5000000000002
 20
330.0
 30
0.0
 11
849.5000000000002
 21
330.0
 31
0.0
  0
LINE
  5
D5
330
17
100
AcDbEntity
  8
M-TEFR-MIMARI
100
AcDbLine
 10
787.5000000000002
 20
375.0
 30
0.0
 11
849.5000000000002
 21
375.0
 31
0.0
  0
LINE
  5
D6
330
17
100
AcDbEntity
  8
M-TEFR-MIMARI
100
AcDbLine
 10
787.5000000000002
 20
420.0
 30
0.0
 11
849.5000000000002
 21
420.0
 31
0.0
  0
LINE
  5
D7
330
17
100
AcDbEntity
  8
M-TEFR-MIMARI
100
AcDbLine
 10
787.5000000000002
 20
285.0
 30
0.0
 11
849.5000000000002
 21
465.0
 31
0.0
  0
LWPOLYLINE
  5
D8
330
17
100
AcDbEntity
  8
M-TEFR-MIMARI
100
AcDbPolyline
 90
4
 70
1
 10
1220.0
 20
35.0
 10
1100.0
 20
35.0
 10
1100.0
 20
105.0
 10
1220.0
 20
105.0
  0
LWPOLYLINE
  5
D9
330
17
100
AcDbEntity
  8
M-TEFR-MIMARI
100
AcDbPolyline
 90
4
 70
1
 10
1184.0
 20
110.0
 10
1136.0
 20
110.0
 10
1136.0
 20
153.0
 10
1184.0
 20
153.0
  0
LWPOLYLINE
  5
DA
330
17
100
AcDbEntity
  8
M-TEFR-MEKANIK
100
AcDbPolyline
 90
4
 70
1
 10
1252.5
 20
290.0
 10
1252.5
 20
250.0
 10
1234.5
 20
250.0
 10
1234.5
 20
290.0
  0
LWPOLYLINE
  5
DB
330
17
100
AcDbEntity
  8
M-TEFR-MEKANIK
100
AcDbPolyline
 90
25
 70
1
 10
1234.5
 20
288.0
 10
1226.9930555555557
 20
288.18055555555566
 10
1220.138888888889
 20
288.05555555555543
 10
1213.9375
 20
287.625
 10
1208.3888888888891
 20
286.8888888888889
 10
1203.4930555555557
 20
285.8472222222222
 10
1199.25
 20
284.5
 10
1195.6597222222222
 20
282.8472222222222
 10
1192.7222222222222
 20
280.88888888888914
 10
1190.4375
 20
278.625
 10
1188.8055555555557
 20
276.05555555555566
 10
1187.826388888889
 20
273.18055555555566
 10
1187.5
 20
270.0
 10
1187.826388888889
 20
266.81944444444434
 10
1188.8055555555557
 20
263.94444444444434
 10
1190.4375
 20
261.375
 10
1192.7222222222222
 20
259.11111111111086
 10
1195.6597222222222
 20
257.1527777777778
 10
1199.25
 20
255.5
 10
1203.4930555555557
 20
254.15277777777783
 10
1208.3888888888891
 20
253.1111111111111
 10
1213.9375
 20
252.375
 10
1220.138888888889
 20
251.94444444444457
 10
1226.9930555555557
 20
251.81944444444434
 10
1234.5
 20
252.0
  0
LWPOLYLINE
  5
DC
330
17
100
AcDbEntity
  8
M-TEFR-MEKANIK
100
AcDbPolyline
 90
4
 70
1
 10
1075.0
 20
472.5
 10
1145.0
 20
472.5
 10
1145.0
 20
422.5
 10
1075.0
 20
422.5
  0
LWPOLYLINE
  5
DD
330
17
100
AcDbEntity
  8
M-TEFR-MEKANIK
100
AcDbPolyline
 90
25
 70
0
 10
1090.0
 20
442.5
 10
1084.8293610827277
 20
441.9799993172844
 10
1080.0139372981166
 20
440.47477473588697
 10
1075.8813727191573
 20
438.0867425611368
 10
1072.712849304305
 20
434.9783858107635
 10
1070.7239551229482
 20
431.361198781334
 10
1070.0500156250305
 20
427.4812968604249
 10
1070.7368860232868
 20
423.6026707007866
 10
1072.737831279438
 20
419.98922415167453
 10
1075.9167059818071
 20
416.88681809633385
 10
1080.057217753731
 20
414.5065419427815
 10
1084.8776439053906
 20
413.0103509848143
 10
1090.05
 20
412.50004687507317
 10
1095.2223560946095
 20
413.0103509848143
 10
1100.0427822462689
 20
414.5065419427815
 10
1104.1832940181928
 20
416.88681809633385
 10
1107.3621687205618
 20
419.98922415167453
 10
1109.363113976713
 20
423.6026707007866
 10
1110.0499843749694
 20
427.4812968604249
 10
1109.3760448770522
 20
431.361198781334
 10
1107.3871506956948
 20
434.9783858107635
 10
1104.2186272808426
 20
438.0867425611368
 10
1100.0860627018833
 20
440.47477473588697
 10
1095.2706389172722
 20
441.9799993172844
 10
1090.1
 20
442.5
  0
LWPOLYLINE
  5
DE
330
17
100
AcDbEntity
  8
M-TEFR-MEKANIK
100
AcDbPolyline
 90
4
 70
1
 10
1152.5
 20
472.5
 10
1252.5
 20
472.5
 10
1252.5
 20
352.5
 10
1152.5
 20
352.5
  0
LINE
  5
DF
330
17
100
AcDbEntity
  8
M-TEFR-MEKANIK
100
AcDbLine
 10
1152.5
 20
472.5
 30
0.0
 11
1252.5
 21
352.5
 31
0.0
  0
LINE
  5
E0
330
17
100
AcDbEntity
  8
M-TEFR-MEKANIK
100
AcDbLine
 10
1152.5
 20
352.5
 30
0.0
 11
1252.5
 21
472.5
 31
0.0
  0
CIRCLE
  5
E1
330
17
100
AcDbEntity
  8
M-TEFR-MEKANIK
100
AcDbCircle
 10
1202.5
 20
412.5
 30
0.0
 40
5.0
  0
LWPOLYLINE
  5
E2
330
17
100
AcDbEntity
  8
M-TEFR-MIMARI
100
AcDbPolyline
 90
4
 70
1
 10
1115.0
 20
1300.0
 10
1035.0
 20
1300.0
 10
1035.0
 20
1380.0
 10
1115.0
 20
1380.0
  0
LWPOLYLINE
  5
E3
330
17
100
AcDbEntity
  8
M-TEFR-MIMARI
100
AcDbPolyline
 90
4
 70
1
 10
1115.0
 20
1300.0
 10
1035.0
 20
1300.0
 10
1035.0
 20
1320.0
 10
1115.0
 20
1320.0
  0
LWPOLYLINE
  5
E4
330
17
100
AcDbEntity
  8
M-TEFR-MIMARI
100
AcDbPolyline
 90
4
 70
1
 10
1115.0
 20
1300.0
 10
1100.0
 20
1300.0
 10
1100.0
 20
1380.0
 10
1115.0
 20
1380.0
  0
LWPOLYLINE
  5
E5
330
17
100
AcDbEntity
  8
M-TEFR-MIMARI
100
AcDbPolyline
 90
4
 70
1
 10
1050.0
 20
1300.0
 10
1035.0
 20
1300.0
 10
1035.0
 20
1380.0
 10
1050.0
 20
1380.0
  0
LWPOLYLINE
  5
E6
330
17
100
AcDbEntity
  8
M-TEFR-MIMARI
100
AcDbPolyline
 90
4
 70
1
 10
1225.0
 20
1300.0
 10
1145.0
 20
1300.0
 10
1145.0
 20
1380.0
 10
1225.0
 20
1380.0
  0
LWPOLYLINE
  5
E7
330
17
100
AcDbEntity
  8
M-TEFR-MIMARI
100
AcDbPolyline
 90
4
 70
1
 10
1225.0
 20
1300.0
 10
1145.0
 20
1300.0
 10
1145.0
 20
1320.0
 10
1225.0
 20
1320.0
  0
LWPOLYLINE
  5
E8
330
17
100
AcDbEntity
  8
M-TEFR-MIMARI
100
AcDbPolyline
 90
4
 70
1
 10
1225.0
 20
1300.0
 10
1210.0
 20
1300.0
 10
1210.0
 20
1380.0
 10
1225.0
 20
1380.0
  0
LWPOLYLINE
  5
E9
330
17
100
AcDbEntity
  8
M-TEFR-MIMARI
100
AcDbPolyline
 90
4
 70
1
 10
1160.0
 20
1300.0
 10
1145.0
 20
1300.0
 10
1145.0
 20
1380.0
 10
1160.0
 20
1380.0
  0
LWPOLYLINE
  5
EA
330
17
100
AcDbEntity
  8
M-TEFR-MIMARI
100
AcDbPolyline
 90
4
 70
1
 10
1105.0
 20
1445.0
 10
1155.0
 20
1445.0
 10
1155.0
 20
1395.0
 10
1105.0
 20
1395.0
  0
LWPOLYLINE
  5
EB
330
17
100
AcDbEntity
  8
M-TEFR-MIMARI
100
AcDbPolyline
 90
4
 70
1
 10
1830.0
 20
1047.5
 10
1650.0
 20
1047.5
 10
1650.0
 20
1257.5
 10
1830.0
 20
1257.5
  0
LWPOLYLINE
  5
EC
330
17
100
AcDbEntity
  8
M-TEFR-MIMARI
100
AcDbPolyline
 90
4
 70
1
 10
1830.0
 20
1047.5
 10
1650.0
 20
1047.5
 10
1650.0
 20
1057.5
 10
1830.0
 20
1057.5
  0
LWPOLYLINE
  5
ED
330
17
100
AcDbEntity
  8
M-TEFR-MIMARI
100
AcDbPolyline
 90
4
 70
1
 10
1824.0
 20
1065.5
 10
1744.0
 20
1065.5
 10
1744.0
 20
1102.5
 10
1824.0
 20
1102.5
  0
LWPOLYLINE
  5
EE
330
17
100
AcDbEntity
  8
M-TEFR-MIMARI
100
AcDbPolyline
 90
4
 70
1
 10
1736.0
 20
1065.5
 10
1656.0
 20
1065.5
 10
1656.0
 20
1102.5
 10
1736.0
 20
1102.5
  0
LINE
  5
EF
330
17
100
AcDbEntity
  8
M-TEFR-MIMARI
100
AcDbLine
 10
1830.0
 20
1122.5
 30
0.0
 11
1650.0
 21
1122.5
 31
0.0
  0
LINE
  5
F0
330
17
100
AcDbEntity
  8
M-TEFR-MIMARI
100
AcDbLine
 10
1830.0
 20
1122.5
 30
0.0
 11
1805.0
 21
1142.5
 31
0.0
  0
LWPOLYLINE
  5
F1
330
17
100
AcDbEntity
  8
M-TEFR-MIMARI
100
AcDbPolyline
 90
4
 70
1
 10
1880.0
 20
1047.5
 10
1835.0
 20
1047.5
 10
1835.0
 20
1089.5
 10
1880.0
 20
1089.5
  0
CIRCLE
  5
F2
330
17
100
AcDbEntity
  8
M-TEFR-MIMARI
100
AcDbCircle
 10
1857.5
 20
1068.5
 30
0.0
 40
10.0
  0
LWPOLYLINE
  5
F3
330
17
100
AcDbEntity
  8
M-TEFR-MIMARI
100
AcDbPolyline
 90
4
 70
1
 10
1645.0
 20
1047.5
 10
1600.0
 20
1047.5
 10
1600.0
 20
1089.5
 10
1645.0
 20
1089.5
  0
CIRCLE
  5
F4
330
17
100
AcDbEntity
  8
M-TEFR-MIMARI
100
AcDbCircle
 10
1622.5
 20
1068.5
 30
0.0
 40
10.0
  0
LWPOLYLINE
  5
F5
330
17
100
AcDbEntity
  8
M-TEFR-MIMARI
100
AcDbPolyline
 90
4
 70
1
 10
1500.0
 20
1465.0
 10
1620.0
 20
1465.0
 10
1620.0
 20
1395.0
 10
1500.0
 20
1395.0
  0
LWPOLYLINE
  5
F6
330
17
100
AcDbEntity
  8
M-TEFR-MIMARI
100
AcDbPolyline
 90
4
 70
1
 10
1536.0
 20
1390.0
 10
1584.0
 20
1390.0
 10
1584.0
 20
1347.0
 10
1536.0
 20
1347.0
  0
LWPOLYLINE
  5
F7
330
17
100
AcDbEntity
  8
M-TEFR-MIMARI
100
AcDbPolyline
 90
4
 70
1
 10
1910.0
 20
1353.4314575050762
 10
1853.4314575050762
 20
1410.0
 10
1910.0
 20
1466.5685424949238
 10
1966.5685424949238
 20
1410.0
  0
LWPOLYLINE
  5
F8
330
17
100
AcDbEntity
  8
M-TEFR-MIMARI
100
AcDbPolyline
 90
4
 70
1
 10
1910.0
 20
1353.4314575050762
 10
1853.4314575050762
 20
1410.0
 10
1867.573593128807
 20
1424.1421356237308
 10
1924.142135623731
 20
1367.573593128807
  0
LWPOLYLINE
  5
F9
330
17
100
AcDbEntity
  8
M-TEFR-MIMARI
100
AcDbPolyline
 90
4
 70
1
 10
1910.0
 20
1353.4314575050762
 10
1899.3933982822018
 20
1364.0380592228744
 10
1955.9619407771254
 20
1420.6066017177982
 10
1966.5685424949238
 20
1410.0
  0
LWPOLYLINE
  5
FA
330
17
100
AcDbEntity
  8
M-TEFR-MIMARI
100
AcDbPolyline
 90
4
 70
1
 10
1864.0380592228744
 20
1399.3933982822018
 10
1853.4314575050762
 20
1410.0
 10
1910.0
 20
1466.5685424949238
 10
1920.6066017177982
 20
1455.9619407771256
  0
LWPOLYLINE
  5
FB
330
17
100
AcDbEntity
  8
M-TEFR-MIMARI
100
AcDbPolyline
 90
4
 70
1
 10
1645.0
 20
787.5
 10
1415.0
 20
787.5
 10
1415.0
 20
849.4999999999999
 10
1645.0
 20
849.4999999999999
  0
LINE
  5
FC
330
17
100
AcDbEntity
  8
M-TEFR-MIMARI
100
AcDbLine
 10
1599.0
 20
787.5
 30
0.0
 11
1599.0
 21
849.4999999999999
 31
0.0
  0
LINE
  5
FD
330
17
100
AcDbEntity
  8
M-TEFR-MIMARI
100
AcDbLine
 10
1553.0
 20
787.5
 30
0.0
 11
1553.0
 21
849.4999999999999
 31
0.0
  0
LINE
  5
FE
330
17
100
AcDbEntity
  8
M-TEFR-MIMARI
100
AcDbLine
 10
1507.0
 20
787.5
 30
0.0
 11
1507.0
 21
849.4999999999999
 31
0.0
  0
LINE
  5
FF
330
17
100
AcDbEntity
  8
M-TEFR-MIMARI
100
AcDbLine
 10
1461.0
 20
787.5
 30
0.0
 11
1461.0
 21
849.4999999999999
 31
0.0
  0
LINE
  5
100
330
17
100
AcDbEntity
  8
M-TEFR-MIMARI
100
AcDbLine
 10
1645.0
 20
787.5
 30
0.0
 11
1415.0
 21
849.4999999999999
 31
0.0
  0
LWPOLYLINE
  5
101
330
17
100
AcDbEntity
  8
M-TEFR-MEKANIK
100
AcDbPolyline
 90
4
 70
1
 10
1735.0
 20
867.5
 10
1905.0
 20
867.5
 10
1905.0
 20
787.5
 10
1735.0
 20
787.5
  0
LWPOLYLINE
  5
102
330
17
100
AcDbEntity
  8
M-TEFR-MEKANIK
100
AcDbPolyline
 90
4
 70
1
 10
1743.0
 20
859.4999999999999
 10
1897.0
 20
859.4999999999999
 10
1897.0
 20
795.5000000000001
 10
1743.0
 20
795.5000000000001
  0
CIRCLE
  5
103
330
17
100
AcDbEntity
  8
M-TEFR-MEKANIK
100
AcDbCircle
 10
1875.0
 20
827.5
 30
0.0
 40
4.0
  0
LWPOLYLINE
  5
104
330
17
100
AcDbEntity
  8
M-TEFR-MEKANIK
100
AcDbPolyline
 90
4
 70
1
 10
1965.0
 20
920.0
 10
1965.0
 20
880.0
 10
1947.0
 20
880.0
 10
1947.0
 20
920.0
  0
LWPOLYLINE
  5
105
330
17
100
AcDbEntity
  8
M-TEFR-MEKANIK
100
AcDbPolyline
 90
25
 70
1
 10
1947.0
 20
918.0000000000001
 10
1939.4930555555557
 20
918.1805555555557
 10
1932.638888888889
 20
918.0555555555554
 10
1926.4375
 20
917.6249999999999
 10
1920.8888888888891
 20
916.8888888888889
 10
1915.9930555555557
 20
915.8472222222222
 10
1911.75
 20
914.4999999999999
 10
1908.1597222222222
 20
912.8472222222223
 10
1905.2222222222222
 20
910.888888888889
 10
1902.9375
 20
908.6250000000001
 10
1901.3055555555557
 20
906.0555555555555
 10
1900.326388888889
 20
903.1805555555557
 10
1900.0
 20
900.0
 10
1900.326388888889
 20
896.8194444444443
 10
1901.3055555555557
 20
893.9444444444445
 10
1902.9375
 20
891.3749999999999
 10
1905.2222222222222
 20
889.111111111111
 10
1908.1597222222222
 20
887.1527777777777
 10
1911.75
 20
885.5000000000001
 10
1915.9930555555557
 20
884.1527777777778
 10
1920.8888888888891
 20
883.1111111111111
 10
1926.4375
 20
882.3750000000001
 10
1932.638888888889
 20
881.9444444444446
 10
1939.4930555555557
 20
881.8194444444443
 10
1947.0
 20
881.9999999999999
  0
LWPOLYLINE
  5
106
330
17
100
AcDbEntity
  8
M-TEFR-MEKANIK
100
AcDbPolyline
 90
4
 70
1
 10
1770.0
 20
1032.5
 10
1890.0
 20
1032.5
 10
1890.0
 20
982.5
 10
1770.0
 20
982.5
  0
LWPOLYLINE
  5
107
330
17
100
AcDbEntity
  8
M-TEFR-MEKANIK
100
AcDbPolyline
 90
25
 70
0
 10
1810.0
 20
1002.5
 10
1804.8293610827277
 20
1001.9799993172844
 10
1800.0139372981166
 20
1000.474774735887
 10
1795.8813727191573
 20
998.0867425611369
 10
1792.712849304305
 20
994.9783858107634
 10
1790.7239551229482
 20
991.361198781334
 10
1790.0500156250305
 20
987.4812968604248
 10
1790.7368860232868
 20
983.6026707007866
 10
1792.737831279438
 20
979.9892241516744
 10
1795.9167059818071
 20
976.8868180963339
 10
1800.057217753731
 20
974.5065419427815
 10
1804.8776439053906
 20
973.0103509848142
 10
1810.05
 20
972.5000468750733
 10
1815.2223560946095
 20
973.0103509848142
 10
1820.0427822462689
 20
974.5065419427815
 10
1824.1832940181928
 20
976.8868180963339
 10
1827.3621687205618
 20
979.9892241516744
 10
1829.363113976713
 20
983.6026707007866
 10
1830.0499843749694
 20
987.4812968604248
 10
1829.3760448770522
 20
991.361198781334
 10
1827.3871506956948
 20
994.9783858107634
 10
1824.2186272808426
 20
998.0867425611369
 10
1820.0860627018833
 20
1000.4747747358869
 10
1815.2706389172722
 20
1001.9799993172844
 10
1810.1
 20
1002.5
  0
LWPOLYLINE
  5
108
330
17
100
AcDbEntity
  8
M-TEFR-MEKANIK
100
AcDbPolyline
 90
4
 70
1
 10
1730.0
 20
527.5000000000002
 10
1510.0
 20
527.5000000000002
 10
1510.0
 20
589.5000000000002
 10
1730.0
 20
589.5000000000002
  0
LINE
  5
109
330
17
100
AcDbEntity
  8
M-TEFR-MEKANIK
100
AcDbLine
 10
1730.0
 20
585.5000000000001
 30
0.0
 11
1510.0
 21
585.5000000000001
 31
0.0
  0
LWPOLYLINE
  5
10A
330
17
100
AcDbEntity
  8
M-TEFR-MEKANIK
100
AcDbPolyline
 90
4
 70
1
 10
1590.0
 20
527.5
 10
1530.0
 20
527.5
 10
1530.0
 20
587.5
 10
1590.0
 20
587.5
  0
CIRCLE
  5
10B
330
17
100
AcDbEntity
  8
M-TEFR-MEKANIK
100
AcDbCircle
 10
1560.0
 20
560.5000000000001
 30
0.0
 40
21.0
  0
LWPOLYLINE
  5
10C
330
17
100
AcDbEntity
  8
M-TEFR-MEKANIK
100
AcDbPolyline
 90
4
 70
1
 10
1655.0
 20
527.5
 10
1595.0
 20
527.5
 10
1595.0
 20
587.5
 10
1655.0
 20
587.5
  0
CIRCLE
  5
10D
330
17
100
AcDbEntity
  8
M-TEFR-MEKANIK
100
AcDbCircle
 10
1625.0
 20
560.5000000000001
 30
0.0
 40
21.0
  0
LWPOLYLINE
  5
10E
330
17
100
AcDbEntity
  8
M-TEFR-MIMARI
100
AcDbPolyline
 90
5
 70
1
 10
1505.0
 20
725.0
 10
1600.0
 20
725.0
 10
1635.0
 20
705.0
 10
1600.0
 20
685.0
 10
1505.0
 20
685.0
  0
LWPOLYLINE
  5
10F
330
17
100
AcDbEntity
  8
M-TEFR-MEKANIK
100
AcDbPolyline
 90
4
 70
1
 10
1965.0
 20
720.0
 10
1965.0
 20
680.0
 10
1947.0
 20
680.0
 10
1947.0
 20
720.0
  0
LWPOLYLINE
  5
110
330
17
100
AcDbEntity
  8
M-TEFR-MEKANIK
100
AcDbPolyline
 90
25
 70
1
 10
1947.0
 20
718.0000000000001
 10
1939.4930555555557
 20
718.1805555555557
 10
1932.638888888889
 20
718.0555555555554
 10
1926.4375
 20
717.6249999999999
 10
1920.8888888888891
 20
716.8888888888889
 10
1915.9930555555557
 20
715.8472222222222
 10
1911.75
 20
714.4999999999999
 10
1908.1597222222222
 20
712.8472222222223
 10
1905.2222222222222
 20
710.888888888889
 10
1902.9375
 20
708.6250000000001
 10
1901.3055555555557
 20
706.0555555555555
 10
1900.326388888889
 20
703.1805555555557
 10
1900.0
 20
700.0
 10
1900.326388888889
 20
696.8194444444443
 10
1901.3055555555557
 20
693.9444444444445
 10
1902.9375
 20
691.3749999999999
 10
1905.2222222222222
 20
689.111111111111
 10
1908.1597222222222
 20
687.1527777777777
 10
1911.75
 20
685.5000000000001
 10
1915.9930555555557
 20
684.1527777777778
 10
1920.8888888888891
 20
683.1111111111111
 10
1926.4375
 20
682.3750000000001
 10
1932.638888888889
 20
681.9444444444446
 10
1939.4930555555557
 20
681.8194444444443
 10
1947.0
 20
681.9999999999999
  0
LWPOLYLINE
  5
111
330
17
100
AcDbEntity
  8
M-TEFR-MEKANIK
100
AcDbPolyline
 90
4
 70
1
 10
1760.0
 20
772.5
 10
1840.0
 20
772.5
 10
1840.0
 20
722.5
 10
1760.0
 20
722.5
  0
LWPOLYLINE
  5
112
330
17
100
AcDbEntity
  8
M-TEFR-MEKANIK
100
AcDbPolyline
 90
25
 70
0
 10
1780.0
 20
742.5
 10
1774.8293610827277
 20
741.9799993172844
 10
1770.0139372981166
 20
740.4747747358869
 10
1765.8813727191573
 20
738.0867425611368
 10
1762.712849304305
 20
734.9783858107634
 10
1760.7239551229482
 20
731.361198781334
 10
1760.0500156250305
 20
727.4812968604249
 10
1760.7368860232868
 20
723.6026707007866
 10
1762.737831279438
 20
719.9892241516744
 10
1765.9167059818071
 20
716.8868180963339
 10
1770.057217753731
 20
714.5065419427815
 10
1774.8776439053906
 20
713.0103509848143
 10
1780.05
 20
712.5000468750733
 10
1785.2223560946095
 20
713.0103509848143
 10
1790.0427822462689
 20
714.5065419427815
 10
1794.1832940181928
 20
716.8868180963339
 10
1797.3621687205618
 20
719.9892241516744
 10
1799.363113976713
 20
723.6026707007866
 10
1800.0499843749694
 20
727.4812968604249
 10
1799.3760448770522
 20
731.361198781334
 10
1797.3871506956948
 20
734.9783858107634
 10
1794.2186272808426
 20
738.0867425611368
 10
1790.0860627018833
 20
740.4747747358869
 10
1785.2706389172722
 20
741.9799993172844
 10
1780.1
 20
742.5
  0
LWPOLYLINE
  5
113
330
17
100
AcDbEntity
  8
M-TEFR-MIMARI
100
AcDbPolyline
 90
4
 70
1
 10
1540.0
 20
512.5
 10
1780.0
 20
512.5
 10
1780.0
 20
467.5
 10
1540.0
 20
467.5
  0
HATCH
  5
114
330
17
100
AcDbEntity
  8
M-TEFR-MIMARI
100
AcDbHatch
 10
0.0
 20
0.0
 30
0.0
210
0.0
220
0.0
230
1.0
  2
SOLID
 70
1
 71
0
 91
1
 92
3
 72
0
 73
1
 93
4
 10
1576.0
 20
514.4999999999999
 10
1744.0
 20
514.4999999999999
 10
1744.0
 20
506.5
 10
1576.0
 20
506.5
 97
0
 75
1
 76
1
 98
0
  0
LWPOLYLINE
  5
115
330
17
100
AcDbEntity
  8
M-TEFR-MIMARI
100
AcDbPolyline
 90
4
 70
1
 10
1576.0
 20
514.4999999999999
 10
1744.0
 20
514.4999999999999
 10
1744.0
 20
506.5
 10
1576.0
 20
506.5
  0
LWPOLYLINE
  5
116
330
17
100
AcDbEntity
  8
M-TEFR-MIMARI
100
AcDbPolyline
 90
6
 70
1
 10
1840.0
 20
140.0
 10
1480.0
 20
140.0
 10
1480.0
 20
235.0
 10
1745.0
 20
235.0
 10
1745.0
 20
380.0
 10
1840.0
 20
380.0
  0
LWPOLYLINE
  5
117
330
17
100
AcDbEntity
  8
M-TEFR-MIMARI
100
AcDbPolyline
 90
4
 70
1
 10
1840.0
 20
140.0
 10
1480.0
 20
140.0
 10
1480.0
 20
162.0
 10
1840.0
 20
162.0
  0
LWPOLYLINE
  5
118
330
17
100
AcDbEntity
  8
M-TEFR-MIMARI
100
AcDbPolyline
 90
4
 70
1
 10
1840.0
 20
140.0
 10
1818.0
 20
140.0
 10
1818.0
 20
380.0
 10
1840.0
 20
380.0
  0
LINE
  5
119
330
17
100
AcDbEntity
  8
M-TEFR-MIMARI
100
AcDbLine
 10
1678.75
 20
162.0
 30
0.0
 11
1678.75
 21
235.0
 31
0.0
  0
LINE
  5
11A
330
17
100
AcDbEntity
  8
M-TEFR-MIMARI
100
AcDbLine
 10
1612.5
 20
162.0
 30
0.0
 11
1612.5
 21
235.0
 31
0.0
  0
LINE
  5
11B
330
17
100
AcDbEntity
  8
M-TEFR-MIMARI
100
AcDbLine
 10
1546.25
 20
162.0
 30
0.0
 11
1546.25
 21
235.0
 31
0.0
  0
LWPOLYLINE
  5
11C
330
17
100
AcDbEntity
  8
M-TEFR-MIMARI
100
AcDbPolyline
 90
4
 70
1
 10
1600.0
 20
400.0
 10
1720.0
 20
400.0
 10
1720.0
 20
340.0
 10
1600.0
 20
340.0
  0
LWPOLYLINE
  5
11D
330
17
100
AcDbEntity
  8
M-TEFR-MIMARI
100
AcDbPolyline
 90
4
 70
1
 10
1470.0
 20
450.0
 10
1850.0
 20
450.0
 10
1850.0
 20
150.0
 10
1470.0
 20
150.0
  0
LWPOLYLINE
  5
11E
330
17
100
AcDbEntity
  8
M-TEFR-MIMARI
100
AcDbPolyline
 90
4
 70
1
 10
1478.0
 20
442.0
 10
1842.0
 20
442.0
 10
1842.0
 20
158.0
 10
1478.0
 20
158.0
  0
LWPOLYLINE
  5
11F
330
17
100
AcDbEntity
  8
M-TEFR-MIMARI
100
AcDbPolyline
 90
4
 70
1
 10
1290.0
 20
260.0
 10
1430.0
 20
260.0
 10
1430.0
 20
190.0
 10
1290.0
 20
190.0
  0
LWPOLYLINE
  5
120
330
17
100
AcDbEntity
  8
M-TEFR-MIMARI
100
AcDbPolyline
 90
4
 70
1
 10
1336.0
 20
185.0
 10
1384.0
 20
185.0
 10
1384.0
 20
142.0
 10
1336.0
 20
142.0
  0
CIRCLE
  5
121
330
17
100
AcDbEntity
  8
M-TEFR-MIMARI
100
AcDbCircle
 10
1930.0
 20
70.0
 30
0.0
 40
25.0
  0
LINE
  5
122
330
17
100
AcDbEntity
  8
M-TEFR-MIMARI
100
AcDbLine
 10
1930.0
 20
70.0
 30
0.0
 11
1952.0
 21
70.0
 31
0.0
  0
LINE
  5
123
330
17
100
AcDbEntity
  8
M-TEFR-MIMARI
100
AcDbLine
 10
1930.0
 20
70.0
 30
0.0
 11
1941.0000000000002
 21
50.94744111674231
 31
0.0
  0
LINE
  5
124
330
17
100
AcDbEntity
  8
M-TEFR-MIMARI
100
AcDbLine
 10
1930.0
 20
70.0
 30
0.0
 11
1919.0
 21
50.94744111674231
 31
0.0
  0
LINE
  5
125
330
17
100
AcDbEntity
  8
M-TEFR-MIMARI
100
AcDbLine
 10
1930.0
 20
70.0
 30
0.0
 11
1908.0
 21
70.0
 31
0.0
  0
LINE
  5
126
330
17
100
AcDbEntity
  8
M-TEFR-MIMARI
100
AcDbLine
 10
1930.0
 20
70.0
 30
0.0
 11
1919.0
 21
89.05255888325769
 31
0.0
  0
LINE
  5
127
330
17
100
AcDbEntity
  8
M-TEFR-MIMARI
100
AcDbLine
 10
1930.0
 20
70.0
 30
0.0
 11
1941.0000000000002
 21
89.05255888325769
 31
0.0
  0
HATCH
  5
128
330
17
100
AcDbEntity
  8
M-ZMNK-DOGALTAS-T
 62
7
100
AcDbHatch
 10
0.0
 20
0.0
 30
0.0
210
0.0
220
0.0
230
1.0
  2
NET
 70
0
 71
0
 91
1
 92
3
 72
0
 73
1
 93
4
 10
1005.0
 20
832.5
 10
1252.5
 20
832.5
 10
1252.5
 20
707.5
 10
1005.0
 20
707.5
 97
0
 75
1
 76
1
 52
0.0
 41
16.0
 77
0
 78
2
 53
0.0
 43
0.0
 44
0.0
 45
0.0
 46
50.8
 79
0
 53
90.0
 43
0.0
 44
0.0
 45
-50.8
 46
0.0
 79
0
 98
0
  0
LWPOLYLINE
  5
12A
330
17
100
AcDbEntity
  8
M-MERD-BETONARME
100
AcDbPolyline
 90
4
 70
1
 10
1005.0
 20
832.5
 10
1252.5
 20
832.5
 10
1252.5
 20
707.5
 10
1005.0
 20
707.5
  0
LINE
  5
12B
330
17
100
AcDbEntity
  8
M-MERD-BETONARME
100
AcDbLine
 10
1135.0
 20
832.5
 30
0.0
 11
1252.5
 21
832.5
 31
0.0
  0
LINE
  5
12C
330
17
100
AcDbEntity
  8
M-MERD-BETONARME
100
AcDbLine
 10
1135.0
 20
860.5000000000001
 30
0.0
 11
1252.5
 21
860.5000000000001
 31
0.0
  0
LINE
  5
12D
330
17
100
AcDbEntity
  8
M-MERD-BETONARME
100
AcDbLine
 10
1135.0
 20
888.5
 30
0.0
 11
1252.5
 21
888.5
 31
0.0
  0
LINE
  5
12E
330
17
100
AcDbEntity
  8
M-MERD-BETONARME
100
AcDbLine
 10
1135.0
 20
916.5
 30
0.0
 11
1252.5
 21
916.5
 31
0.0
  0
LINE
  5
12F
330
17
100
AcDbEntity
  8
M-MERD-BETONARME
100
AcDbLine
 10
1135.0
 20
944.4999999999999
 30
0.0
 11
1252.5
 21
944.4999999999999
 31
0.0
  0
LINE
  5
130
330
17
100
AcDbEntity
  8
M-MERD-BETONARME
100
AcDbLine
 10
1135.0
 20
972.5
 30
0.0
 11
1252.5
 21
972.5
 31
0.0
  0
LINE
  5
131
330
17
100
AcDbEntity
  8
M-MERD-BETONARME
100
AcDbLine
 10
1135.0
 20
1000.5000000000001
 30
0.0
 11
1252.5
 21
1000.5000000000001
 31
0.0
  0
LINE
  5
132
330
17
100
AcDbEntity
  8
M-MERD-BETONARME
100
AcDbLine
 10
1135.0
 20
1028.5
 30
0.0
 11
1252.5
 21
1028.5
 31
0.0
  0
LINE
  5
133
330
17
100
AcDbEntity
  8
M-MERD-BETONARME
100
AcDbLine
 10
1135.0
 20
1056.5
 30
0.0
 11
1252.5
 21
1056.5
 31
0.0
  0
LINE
  5
134
330
17
100
AcDbEntity
  8
M-MERD-BETONARME
100
AcDbLine
 10
1135.0
 20
1056.5
 30
0.0
 11
1135.0
 21
832.5
 31
0.0
  0
LINE
  5
135
330
17
100
AcDbEntity
  8
M-MERD-BETONARME
100
AcDbLine
 10
1252.5
 20
1056.5
 30
0.0
 11
1252.5
 21
832.5
 31
0.0
  0
LINE
  5
136
330
17
100
AcDbEntity
  8
M-MERD-BETONARME
100
AcDbLine
 10
1193.75
 20
1031.5
 30
0.0
 11
1193.75
 21
857.5
 31
0.0
  0
HATCH
  5
138
330
17
100
AcDbEntity
  8
M-MERD-BETONARME-T
100
AcDbHatch
 10
0.0
 20
0.0
 30
0.0
210
0.0
220
0.0
230
1.0
  2
SOLID
 70
1
 71
0
 91
1
 92
3
 72
0
 73
1
 93
3
 10
1181.75
 20
882.5
 10
1205.75
 20
882.5
 10
1193.75
 20
852.5
 97
0
 75
1
 76
1
 98
0
  0
TEXT
  5
13A
330
17
100
AcDbEntity
  8
M-GOST-MERDIVEPOZ
100
AcDbText
 10
1193.75
 20
1071.5
 30
0.0
 40
10.440000000000001
  1
İNİŞ
  7
YAZI-KALIN
 72
1
 11
1193.75
 21
1071.5
 31
0.0
100
AcDbText
  0
LINE
  5
13B
330
17
100
AcDbEntity
  8
M-MERD-BETONARME
100
AcDbLine
 10
1005.0
 20
1084.5
 30
0.0
 11
1125.0
 21
1084.5
 31
0.0
  0
LINE
  5
13C
330
17
100
AcDbEntity
  8
M-MERD-BETONARME
100
AcDbLine
 10
1005.0
 20
1056.5
 30
0.0
 11
1125.0
 21
1056.5
 31
0.0
  0
LINE
  5
13D
330
17
100
AcDbEntity
  8
M-MERD-BETONARME
100
AcDbLine
 10
1005.0
 20
1028.5
 30
0.0
 11
1125.0
 21
1028.5
 31
0.0
  0
LINE
  5
13E
330
17
100
AcDbEntity
  8
M-MERD-BETONARME
100
AcDbLine
 10
1005.0
 20
1000.5000000000001
 30
0.0
 11
1125.0
 21
1000.5000000000001
 31
0.0
  0
LINE
  5
13F
330
17
100
AcDbEntity
  8
M-MERD-BETONARME
100
AcDbLine
 10
1005.0
 20
972.5
 30
0.0
 11
1125.0
 21
972.5
 31
0.0
  0
LINE
  5
140
330
17
100
AcDbEntity
  8
M-MERD-BETONARME
100
AcDbLine
 10
1005.0
 20
944.4999999999999
 30
0.0
 11
1125.0
 21
944.4999999999999
 31
0.0
  0
LINE
  5
141
330
17
100
AcDbEntity
  8
M-MERD-BETONARME
100
AcDbLine
 10
1005.0
 20
916.5
 30
0.0
 11
1125.0
 21
916.5
 31
0.0
  0
LINE
  5
142
330
17
100
AcDbEntity
  8
M-MERD-BETONARME
100
AcDbLine
 10
1005.0
 20
888.5000000000002
 30
0.0
 11
1125.0
 21
888.5000000000002
 31
0.0
  0
LINE
  5
143
330
17
100
AcDbEntity
  8
M-MERD-BETONARME
100
AcDbLine
 10
1005.0
 20
860.5000000000001
 30
0.0
 11
1125.0
 21
860.5000000000001
 31
0.0
  0
LINE
  5
144
330
17
100
AcDbEntity
  8
M-MERD-BETONARME
100
AcDbLine
 10
1005.0
 20
832.5
 30
0.0
 11
1125.0
 21
832.5
 31
0.0
  0
LINE
  5
145
330
17
100
AcDbEntity
  8
M-MERD-BETONARME
100
AcDbLine
 10
1005.0
 20
1084.5
 30
0.0
 11
1005.0
 21
832.5
 31
0.0
  0
LINE
  5
146
330
17
100
AcDbEntity
  8
M-MERD-BETONARME
100
AcDbLine
 10
1125.0
 20
1084.5
 30
0.0
 11
1125.0
 21
832.5
 31
0.0
  0
LINE
  5
147
330
17
100
AcDbEntity
  8
M-MERD-BETONARME
100
AcDbLine
 10
1125.0
 20
1060.0
 30
0.0
 11
1125.0
 21
832.5
 31
0.0
  0
LINE
  5
148
330
17
100
AcDbEntity
  8
M-MERD-BETONARME
100
AcDbLine
 10
1135.0
 20
1060.0
 30
0.0
 11
1135.0
 21
832.5
 31
0.0
  0
LWPOLYLINE
  5
149
330
17
100
AcDbEntity
  8
M-TEFR-MEKANIK
100
AcDbPolyline
 90
4
 70
1
 10
1019.4999999999999
 20
645.0
 10
1159.5
 20
645.0
 10
1159.5
 20
535.0
 10
1019.4999999999999
 20
535.0
  0
LINE
  5
14A
330
17
100
AcDbEntity
  8
M-TEFR-MEKANIK
100
AcDbLine
 10
1019.4999999999999
 20
645.0
 30
0.0
 11
1159.5
 21
535.0
 31
0.0
  0
LINE
  5
14B
330
17
100
AcDbEntity
  8
M-TEFR-MEKANIK
100
AcDbLine
 10
1019.4999999999999
 20
535.0
 30
0.0
 11
1159.5
 21
645.0
 31
0.0
  0
LWPOLYLINE
  5
14C
330
17
100
AcDbEntity
  8
M-TEFR-MEKANIK
100
AcDbPolyline
 90
4
 70
1
 10
1170.5
 20
667.5
 10
1185.5
 20
667.5
 10
1185.5
 20
512.5
 10
1170.5
 20
512.5
  0
TEXT
  5
14D
330
17
100
AcDbEntity
  8
M-GOST-YAZI
100
AcDbText
 10
1100.0
 20
499.4999999999999
 30
0.0
 40
9.36
  1
ASANSÖR 630 kg
  7
YAZI-KALIN
 72
1
 11
1100.0
 21
499.4999999999999
 31
0.0
100
AcDbText
  0
LWPOLYLINE
  5
14F
330
17
100
AcDbEntity
  8
M-DUVA-GAZBETON
100
AcDbPolyline
 90
4
 70
1
 10
0.0
 20
1500.0
 10
35.0
 20
1500.0
 10
35.0
 20
1380.0
 10
0.0
 20
1380.0
  0
LWPOLYLINE
  5
150
330
17
100
AcDbEntity
  8
M-DUVA-GAZBETON
100
AcDbPolyline
 90
4
 70
1
 10
0.0
 20
1120.0
 10
35.0
 20
1120.0
 10
35.0
 20
880.0
 10
0.0
 20
880.0
  0
LWPOLYLINE
  5
151
330
17
100
AcDbEntity
  8
M-DUVA-GAZBETON
100
AcDbPolyline
 90
4
 70
1
 10
0.0
 20
640.0
 10
35.0
 20
640.0
 10
35.0
 20
370.0
 10
0.0
 20
370.0
  0
LWPOLYLINE
  5
152
330
17
100
AcDbEntity
  8
M-DUVA-GAZBETON
100
AcDbPolyline
 90
4
 70
1
 10
0.0
 20
110.0
 10
35.0
 20
110.0
 10
35.0
 20
0.0
 10
0.0
 20
0.0
  0
LWPOLYLINE
  5
153
330
17
100
AcDbEntity
  8
M-DUVA-GAZBETON
100
AcDbPolyline
 90
4
 70
1
 10
412.5
 20
987.5
 10
427.5
 20
987.5
 10
427.5
 20
640.0
 10
412.5
 20
640.0
  0
LWPOLYLINE
  5
154
330
17
100
AcDbEntity
  8
M-DUVA-GAZBETON
100
AcDbPolyline
 90
4
 70
1
 10
412.5
 20
560.0
 10
427.5
 20
560.0
 10
427.5
 20
492.5
 10
412.5
 20
492.5
  0
LWPOLYLINE
  5
155
330
17
100
AcDbEntity
  8
M-DUVA-GAZBETON
100
AcDbPolyline
 90
4
 70
1
 10
572.5
 20
1507.5
 10
587.5
 20
1507.5
 10
587.5
 20
1110.0
 10
572.5
 20
1110.0
  0
LWPOLYLINE
  5
156
330
17
100
AcDbEntity
  8
M-DUVA-GAZBETON
100
AcDbPolyline
 90
4
 70
1
 10
572.5
 20
1020.0
 10
587.5
 20
1020.0
 10
587.5
 20
972.5
 10
572.5
 20
972.5
  0
LWPOLYLINE
  5
157
330
17
100
AcDbEntity
  8
M-DUVA-GAZBETON
100
AcDbPolyline
 90
4
 70
1
 10
772.5
 20
1507.5
 10
787.5
 20
1507.5
 10
787.5
 20
1145.0
 10
772.5
 20
1145.0
  0
LWPOLYLINE
  5
158
330
17
100
AcDbEntity
  8
M-DUVA-GAZBETON
100
AcDbPolyline
 90
4
 70
1
 10
772.5
 20
1055.0
 10
787.5
 20
1055.0
 10
787.5
 20
930.0
 10
772.5
 20
930.0
  0
LWPOLYLINE
  5
159
330
17
100
AcDbEntity
  8
M-DUVA-GAZBETON
100
AcDbPolyline
 90
4
 70
1
 10
772.5
 20
840.0
 10
787.5
 20
840.0
 10
787.5
 20
-7.5
 10
772.5
 20
-7.5
  0
LWPOLYLINE
  5
15A
330
17
100
AcDbEntity
  8
M-DUVA-GAZBETON
100
AcDbPolyline
 90
4
 70
1
 10
1052.5
 20
487.5
 10
1067.5
 20
487.5
 10
1067.5
 20
340.0
 10
1052.5
 20
340.0
  0
LWPOLYLINE
  5
15B
330
17
100
AcDbEntity
  8
M-DUVA-GAZBETON
100
AcDbPolyline
 90
4
 70
1
 10
1052.5
 20
260.0
 10
1067.5
 20
260.0
 10
1067.5
 20
212.5
 10
1052.5
 20
212.5
  0
LWPOLYLINE
  5
15C
330
17
100
AcDbEntity
  8
M-DUVA-GAZBETON
100
AcDbPolyline
 90
4
 70
1
 10
1252.5
 20
1187.5
 10
1267.5
 20
1187.5
 10
1267.5
 20
1165.0
 10
1252.5
 20
1165.0
  0
LWPOLYLINE
  5
15D
330
17
100
AcDbEntity
  8
M-DUVA-GAZBETON
100
AcDbPolyline
 90
4
 70
1
 10
1252.5
 20
1065.0
 10
1267.5
 20
1065.0
 10
1267.5
 20
660.0
 10
1252.5
 20
660.0
  0
LWPOLYLINE
  5
15E
330
17
100
AcDbEntity
  8
M-DUVA-GAZBETON
100
AcDbPolyline
 90
4
 70
1
 10
1252.5
 20
600.0
 10
1267.5
 20
600.0
 10
1267.5
 20
-7.5
 10
1252.5
 20
-7.5
  0
LWPOLYLINE
  5
15F
330
17
100
AcDbEntity
  8
M-DUVA-GAZBETON
100
AcDbPolyline
 90
4
 70
1
 10
1392.5
 20
1507.5
 10
1407.5
 20
1507.5
 10
1407.5
 20
1380.0
 10
1392.5
 20
1380.0
  0
LWPOLYLINE
  5
160
330
17
100
AcDbEntity
  8
M-DUVA-GAZBETON
100
AcDbPolyline
 90
4
 70
1
 10
1392.5
 20
1290.0
 10
1407.5
 20
1290.0
 10
1407.5
 20
700.0
 10
1392.5
 20
700.0
  0
LWPOLYLINE
  5
161
330
17
100
AcDbEntity
  8
M-DUVA-GAZBETON
100
AcDbPolyline
 90
4
 70
1
 10
1392.5
 20
610.0
 10
1407.5
 20
610.0
 10
1407.5
 20
512.5
 10
1392.5
 20
512.5
  0
LWPOLYLINE
  5
162
330
17
100
AcDbEntity
  8
M-DUVA-GAZBETON
100
AcDbPolyline
 90
4
 70
1
 10
1652.5000000000002
 20
1047.5
 10
1667.5
 20
1047.5
 10
1667.5
 20
1000.0
 10
1652.5000000000002
 20
1000.0
  0
LWPOLYLINE
  5
163
330
17
100
AcDbEntity
  8
M-DUVA-GAZBETON
100
AcDbPolyline
 90
4
 70
1
 10
1652.5000000000002
 20
920.0
 10
1667.5
 20
920.0
 10
1667.5
 20
772.5
 10
1652.5000000000002
 20
772.5
  0
LWPOLYLINE
  5
164
330
17
100
AcDbEntity
  8
M-DUVA-GAZBETON
100
AcDbPolyline
 90
4
 70
1
 10
1732.5
 20
787.5
 10
1747.5
 20
787.5
 10
1747.5
 20
512.5
 10
1732.5
 20
512.5
  0
LWPOLYLINE
  5
165
330
17
100
AcDbEntity
  8
M-DUVA-GAZBETON
100
AcDbPolyline
 90
4
 70
1
 10
1965.0
 20
1500.0
 10
2000.0
 20
1500.0
 10
2000.0
 20
1400.0
 10
1965.0
 20
1400.0
  0
LWPOLYLINE
  5
166
330
17
100
AcDbEntity
  8
M-DUVA-GAZBETON
100
AcDbPolyline
 90
4
 70
1
 10
1965.0
 20
1140.0
 10
2000.0
 20
1140.0
 10
2000.0
 20
930.0
 10
1965.0
 20
930.0
  0
LWPOLYLINE
  5
167
330
17
100
AcDbEntity
  8
M-DUVA-GAZBETON
100
AcDbPolyline
 90
4
 70
1
 10
1965.0
 20
830.0
 10
2000.0
 20
830.0
 10
2000.0
 20
700.0
 10
1965.0
 20
700.0
  0
LWPOLYLINE
  5
168
330
17
100
AcDbEntity
  8
M-DUVA-GAZBETON
100
AcDbPolyline
 90
4
 70
1
 10
1965.0
 20
600.0
 10
2000.0
 20
600.0
 10
2000.0
 20
420.0
 10
1965.0
 20
420.0
  0
LWPOLYLINE
  5
169
330
17
100
AcDbEntity
  8
M-DUVA-GAZBETON
100
AcDbPolyline
 90
4
 70
1
 10
1965.0
 20
100.0
 10
2000.0
 20
100.0
 10
2000.0
 20
0.0
 10
1965.0
 20
0.0
  0
LWPOLYLINE
  5
16A
330
17
100
AcDbEntity
  8
M-DUVA-GAZBETON
100
AcDbPolyline
 90
4
 70
1
 10
0.0
 20
1500.0
 10
160.0
 20
1500.0
 10
160.0
 20
1465.0
 10
0.0
 20
1465.0
  0
LWPOLYLINE
  5
16B
330
17
100
AcDbEntity
  8
M-DUVA-GAZBETON
100
AcDbPolyline
 90
4
 70
1
 10
420.0
 20
1500.0
 10
630.0
 20
1500.0
 10
630.0
 20
1465.0
 10
420.0
 20
1465.0
  0
LWPOLYLINE
  5
16C
330
17
100
AcDbEntity
  8
M-DUVA-GAZBETON
100
AcDbPolyline
 90
4
 70
1
 10
730.0
 20
1500.0
 10
830.0
 20
1500.0
 10
830.0
 20
1465.0
 10
730.0
 20
1465.0
  0
LWPOLYLINE
  5
16D
330
17
100
AcDbEntity
  8
M-DUVA-GAZBETON
100
AcDbPolyline
 90
4
 70
1
 10
970.0
 20
1500.0
 10
1020.0
 20
1500.0
 10
1020.0
 20
1465.0
 10
970.0
 20
1465.0
  0
LWPOLYLINE
  5
16E
330
17
100
AcDbEntity
  8
M-DUVA-GAZBETON
100
AcDbPolyline
 90
4
 70
1
 10
1200.0
 20
1500.0
 10
1540.0
 20
1500.0
 10
1540.0
 20
1465.0
 10
1200.0
 20
1465.0
  0
LWPOLYLINE
  5
16F
330
17
100
AcDbEntity
  8
M-DUVA-GAZBETON
100
AcDbPolyline
 90
4
 70
1
 10
1860.0
 20
1500.0
 10
2000.0
 20
1500.0
 10
2000.0
 20
1465.0
 10
1860.0
 20
1465.0
  0
LWPOLYLINE
  5
170
330
17
100
AcDbEntity
  8
M-DUVA-GAZBETON
100
AcDbPolyline
 90
4
 70
1
 10
572.5
 20
1187.5
 10
600.0
 20
1187.5
 10
600.0
 20
1172.5
 10
572.5
 20
1172.5
  0
LWPOLYLINE
  5
171
330
17
100
AcDbEntity
  8
M-DUVA-GAZBETON
100
AcDbPolyline
 90
4
 70
1
 10
680.0
 20
1187.5
 10
787.5
 20
1187.5
 10
787.5
 20
1172.5
 10
680.0
 20
1172.5
  0
LWPOLYLINE
  5
172
330
17
100
AcDbEntity
  8
M-DUVA-GAZBETON
100
AcDbPolyline
 90
4
 70
1
 10
1392.5
 20
1047.5
 10
1455.0
 20
1047.5
 10
1455.0
 20
1032.5
 10
1392.5
 20
1032.5
  0
LWPOLYLINE
  5
173
330
17
100
AcDbEntity
  8
M-DUVA-GAZBETON
100
AcDbPolyline
 90
4
 70
1
 10
1545.0
 20
1047.5
 10
2007.5
 20
1047.5
 10
2007.5
 20
1032.5
 10
1545.0
 20
1032.5
  0
LWPOLYLINE
  5
174
330
17
100
AcDbEntity
  8
M-DUVA-GAZBETON
100
AcDbPolyline
 90
4
 70
1
 10
-7.5
 20
987.5
 10
787.5
 20
987.5
 10
787.5
 20
972.5
 10
-7.5
 20
972.5
  0
LWPOLYLINE
  5
175
330
17
100
AcDbEntity
  8
M-DUVA-GAZBETON
100
AcDbPolyline
 90
4
 70
1
 10
1392.5
 20
787.5
 10
2007.5
 20
787.5
 10
2007.5
 20
772.5
 10
1392.5
 20
772.5
  0
LWPOLYLINE
  5
176
330
17
100
AcDbEntity
  8
M-DUVA-GAZBETON
100
AcDbPolyline
 90
4
 70
1
 10
1252.5
 20
527.5
 10
1285.0
 20
527.5
 10
1285.0
 20
512.5
 10
1252.5
 20
512.5
  0
LWPOLYLINE
  5
177
330
17
100
AcDbEntity
  8
M-DUVA-GAZBETON
100
AcDbPolyline
 90
4
 70
1
 10
1375.0
 20
527.5
 10
1850.0
 20
527.5
 10
1850.0
 20
512.5
 10
1375.0
 20
512.5
  0
LWPOLYLINE
  5
178
330
17
100
AcDbEntity
  8
M-DUVA-GAZBETON
100
AcDbPolyline
 90
4
 70
1
 10
1930.0
 20
527.5
 10
2007.5
 20
527.5
 10
2007.5
 20
512.5
 10
1930.0
 20
512.5
  0
LWPOLYLINE
  5
179
330
17
100
AcDbEntity
  8
M-DUVA-GAZBETON
100
AcDbPolyline
 90
4
 70
1
 10
-7.5
 20
507.5
 10
460.0
 20
507.5
 10
460.0
 20
492.5
 10
-7.5
 20
492.5
  0
LWPOLYLINE
  5
17A
330
17
100
AcDbEntity
  8
M-DUVA-GAZBETON
100
AcDbPolyline
 90
4
 70
1
 10
550.0
 20
507.5
 10
787.5
 20
507.5
 10
787.5
 20
492.5
 10
550.0
 20
492.5
  0
LWPOLYLINE
  5
17B
330
17
100
AcDbEntity
  8
M-DUVA-GAZBETON
100
AcDbPolyline
 90
4
 70
1
 10
772.5
 20
487.5
 10
895.0
 20
487.5
 10
895.0
 20
472.5
 10
772.5
 20
472.5
  0
LWPOLYLINE
  5
17C
330
17
100
AcDbEntity
  8
M-DUVA-GAZBETON
100
AcDbPolyline
 90
4
 70
1
 10
1052.5
 20
227.5
 10
1267.5
 20
227.5
 10
1267.5
 20
212.5
 10
1052.5
 20
212.5
  0
LWPOLYLINE
  5
17D
330
17
100
AcDbEntity
  8
M-DUVA-GAZBETON
100
AcDbPolyline
 90
4
 70
1
 10
0.0
 20
35.0
 10
180.0
 20
35.0
 10
180.0
 20
0.0
 10
0.0
 20
0.0
  0
LWPOLYLINE
  5
17E
330
17
100
AcDbEntity
  8
M-DUVA-GAZBETON
100
AcDbPolyline
 90
4
 70
1
 10
600.0
 20
35.0
 10
860.0
 20
35.0
 10
860.0
 20
0.0
 10
600.0
 20
0.0
  0
LWPOLYLINE
  5
17F
330
17
100
AcDbEntity
  8
M-DUVA-GAZBETON
100
AcDbPolyline
 90
4
 70
1
 10
1180.0
 20
35.0
 10
1340.0
 20
35.0
 10
1340.0
 20
0.0
 10
1180.0
 20
0.0
  0
LWPOLYLINE
  5
180
330
17
100
AcDbEntity
  8
M-DUVA-GAZBETON
100
AcDbPolyline
 90
4
 70
1
 10
1880.0
 20
35.0
 10
2000.0
 20
35.0
 10
2000.0
 20
0.0
 10
1880.0
 20
0.0
  0
LWPOLYLINE
  5
182
330
17
100
AcDbEntity
  8
M-TASI-BETONARME
100
AcDbPolyline
 90
4
 70
1
 10
992.5
 20
707.5
 10
1007.5
 20
707.5
 10
1007.5
 20
645.0
 10
992.5
 20
645.0
  0
LWPOLYLINE
  5
183
330
17
100
AcDbEntity
  8
M-TASI-BETONARME
100
AcDbPolyline
 90
4
 70
1
 10
992.5
 20
545.0
 10
1007.5
 20
545.0
 10
1007.5
 20
472.5000000000002
 10
992.5
 20
472.5000000000002
  0
LWPOLYLINE
  5
184
330
17
100
AcDbEntity
  8
M-TASI-BETONARME
100
AcDbPolyline
 90
4
 70
1
 10
1192.5
 20
707.5
 10
1207.5
 20
707.5
 10
1207.5
 20
472.5
 10
1192.5
 20
472.5
  0
LWPOLYLINE
  5
185
330
17
100
AcDbEntity
  8
M-TASI-BETONARME
100
AcDbPolyline
 90
4
 70
1
 10
992.5
 20
707.5
 10
1267.4999999999998
 20
707.5
 10
1267.4999999999998
 20
692.5
 10
992.5
 20
692.5
  0
LWPOLYLINE
  5
186
330
17
100
AcDbEntity
  8
M-TASI-BETONARME
100
AcDbPolyline
 90
4
 70
1
 10
985.0
 20
487.5
 10
1267.5
 20
487.5
 10
1267.5
 20
472.5
 10
985.0
 20
472.5
  0
LWPOLYLINE
  5
187
330
17
100
AcDbEntity
  8
M-TASI-BETONARME
100
AcDbPolyline
 90
4
 70
1
 10
0.0
 20
1500.0
 10
40.0
 20
1500.0
 10
40.0
 20
1460.0
 10
0.0
 20
1460.0
  0
LWPOLYLINE
  5
188
330
17
100
AcDbEntity
  8
M-TASI-BETONARME
100
AcDbPolyline
 90
4
 70
1
 10
0.0
 20
1000.0
 10
40.0
 20
1000.0
 10
40.0
 20
960.0
 10
0.0
 20
960.0
  0
LWPOLYLINE
  5
189
330
17
100
AcDbEntity
  8
M-TASI-BETONARME
100
AcDbPolyline
 90
4
 70
1
 10
0.0
 20
520.0
 10
40.0
 20
520.0
 10
40.0
 20
480.0
 10
0.0
 20
480.0
  0
LWPOLYLINE
  5
18A
330
17
100
AcDbEntity
  8
M-TASI-BETONARME
100
AcDbPolyline
 90
4
 70
1
 10
0.0
 20
40.0
 10
40.0
 20
40.0
 10
40.0
 20
0.0
 10
0.0
 20
0.0
  0
LWPOLYLINE
  5
18B
330
17
100
AcDbEntity
  8
M-TASI-BETONARME
100
AcDbPolyline
 90
4
 70
1
 10
760.0
 20
1500.0
 10
800.0
 20
1500.0
 10
800.0
 20
1460.0
 10
760.0
 20
1460.0
  0
LWPOLYLINE
  5
18C
330
17
100
AcDbEntity
  8
M-TASI-BETONARME
100
AcDbPolyline
 90
4
 70
1
 10
760.0
 20
1000.0
 10
800.0
 20
1000.0
 10
800.0
 20
960.0
 10
760.0
 20
960.0
  0
LWPOLYLINE
  5
18D
330
17
100
AcDbEntity
  8
M-TASI-BETONARME
100
AcDbPolyline
 90
4
 70
1
 10
760.0
 20
520.0
 10
800.0
 20
520.0
 10
800.0
 20
480.0
 10
760.0
 20
480.0
  0
LWPOLYLINE
  5
18E
330
17
100
AcDbEntity
  8
M-TASI-BETONARME
100
AcDbPolyline
 90
4
 70
1
 10
760.0
 20
40.0
 10
800.0
 20
40.0
 10
800.0
 20
0.0
 10
760.0
 20
0.0
  0
LWPOLYLINE
  5
18F
330
17
100
AcDbEntity
  8
M-TASI-BETONARME
100
AcDbPolyline
 90
4
 70
1
 10
1240.0
 20
1500.0
 10
1280.0
 20
1500.0
 10
1280.0
 20
1460.0
 10
1240.0
 20
1460.0
  0
LWPOLYLINE
  5
190
330
17
100
AcDbEntity
  8
M-TASI-BETONARME
100
AcDbPolyline
 90
4
 70
1
 10
1240.0
 20
1000.0
 10
1280.0
 20
1000.0
 10
1280.0
 20
960.0
 10
1240.0
 20
960.0
  0
LWPOLYLINE
  5
191
330
17
100
AcDbEntity
  8
M-TASI-BETONARME
100
AcDbPolyline
 90
4
 70
1
 10
1240.0
 20
520.0
 10
1280.0
 20
520.0
 10
1280.0
 20
480.0
 10
1240.0
 20
480.0
  0
LWPOLYLINE
  5
192
330
17
100
AcDbEntity
  8
M-TASI-BETONARME
100
AcDbPolyline
 90
4
 70
1
 10
1240.0
 20
40.0
 10
1280.0
 20
40.0
 10
1280.0
 20
0.0
 10
1240.0
 20
0.0
  0
LWPOLYLINE
  5
193
330
17
100
AcDbEntity
  8
M-TASI-BETONARME
100
AcDbPolyline
 90
4
 70
1
 10
1960.0
 20
1500.0
 10
2000.0
 20
1500.0
 10
2000.0
 20
1460.0
 10
1960.0
 20
1460.0
  0
LWPOLYLINE
  5
194
330
17
100
AcDbEntity
  8
M-TASI-BETONARME
100
AcDbPolyline
 90
4
 70
1
 10
1960.0
 20
1000.0
 10
2000.0
 20
1000.0
 10
2000.0
 20
960.0
 10
1960.0
 20
960.0
  0
LWPOLYLINE
  5
195
330
17
100
AcDbEntity
  8
M-TASI-BETONARME
100
AcDbPolyline
 90
4
 70
1
 10
1960.0
 20
520.0
 10
2000.0
 20
520.0
 10
2000.0
 20
480.0
 10
1960.0
 20
480.0
  0
LWPOLYLINE
  5
196
330
17
100
AcDbEntity
  8
M-TASI-BETONARME
100
AcDbPolyline
 90
4
 70
1
 10
1960.0
 20
40.0
 10
2000.0
 20
40.0
 10
2000.0
 20
0.0
 10
1960.0
 20
0.0
  0
HATCH
  5
198
330
17
100
AcDbEntity
  8
M-DUVA-GAZBETON-T
 62
7
100
AcDbHatch
 10
0.0
 20
0.0
 30
0.0
210
0.0
220
0.0
230
1.0
  2
ANSI31
 70
0
 71
0
 91
1
 92
3
 72
0
 73
1
 93
4
 10
0.0
 20
1500.0
 10
35.0
 20
1500.0
 10
35.0
 20
1380.0
 10
0.0
 20
1380.0
 97
0
 75
1
 76
1
 52
0.0
 41
6.0
 77
0
 78
1
 53
45.0
 43
0.0
 44
0.0
 45
-13.4703841818
 46
13.4703841818
 79
0
 98
0
  0
HATCH
  5
199
330
17
100
AcDbEntity
  8
M-DUVA-GAZBETON-T
 62
7
100
AcDbHatch
 10
0.0
 20
0.0
 30
0.0
210
0.0
220
0.0
230
1.0
  2
ANSI31
 70
0
 71
0
 91
1
 92
3
 72
0
 73
1
 93
4
 10
0.0
 20
1120.0
 10
35.0
 20
1120.0
 10
35.0
 20
880.0
 10
0.0
 20
880.0
 97
0
 75
1
 76
1
 52
0.0
 41
6.0
 77
0
 78
1
 53
45.0
 43
0.0
 44
0.0
 45
-13.4703841818
 46
13.4703841818
 79
0
 98
0
  0
HATCH
  5
19A
330
17
100
AcDbEntity
  8
M-DUVA-GAZBETON-T
 62
7
100
AcDbHatch
 10
0.0
 20
0.0
 30
0.0
210
0.0
220
0.0
230
1.0
  2
ANSI31
 70
0
 71
0
 91
1
 92
3
 72
0
 73
1
 93
4
 10
0.0
 20
640.0
 10
35.0
 20
640.0
 10
35.0
 20
370.0
 10
0.0
 20
370.0
 97
0
 75
1
 76
1
 52
0.0
 41
6.0
 77
0
 78
1
 53
45.0
 43
0.0
 44
0.0
 45
-13.4703841818
 46
13.4703841818
 79
0
 98
0
  0
HATCH
  5
19B
330
17
100
AcDbEntity
  8
M-DUVA-GAZBETON-T
 62
7
100
AcDbHatch
 10
0.0
 20
0.0
 30
0.0
210
0.0
220
0.0
230
1.0
  2
ANSI31
 70
0
 71
0
 91
1
 92
3
 72
0
 73
1
 93
4
 10
0.0
 20
110.0
 10
35.0
 20
110.0
 10
35.0
 20
0.0
 10
0.0
 20
0.0
 97
0
 75
1
 76
1
 52
0.0
 41
6.0
 77
0
 78
1
 53
45.0
 43
0.0
 44
0.0
 45
-13.4703841818
 46
13.4703841818
 79
0
 98
0
  0
HATCH
  5
19C
330
17
100
AcDbEntity
  8
M-DUVA-GAZBETON-T
 62
7
100
AcDbHatch
 10
0.0
 20
0.0
 30
0.0
210
0.0
220
0.0
230
1.0
  2
ANSI31
 70
0
 71
0
 91
1
 92
3
 72
0
 73
1
 93
4
 10
412.5
 20
987.5
 10
427.5
 20
987.5
 10
427.5
 20
640.0
 10
412.5
 20
640.0
 97
0
 75
1
 76
1
 52
0.0
 41
6.0
 77
0
 78
1
 53
45.0
 43
0.0
 44
0.0
 45
-13.4703841818
 46
13.4703841818
 79
0
 98
0
  0
HATCH
  5
19D
330
17
100
AcDbEntity
  8
M-DUVA-GAZBETON-T
 62
7
100
AcDbHatch
 10
0.0
 20
0.0
 30
0.0
210
0.0
220
0.0
230
1.0
  2
ANSI31
 70
0
 71
0
 91
1
 92
3
 72
0
 73
1
 93
4
 10
412.5
 20
560.0
 10
427.5
 20
560.0
 10
427.5
 20
492.5
 10
412.5
 20
492.5
 97
0
 75
1
 76
1
 52
0.0
 41
6.0
 77
0
 78
1
 53
45.0
 43
0.0
 44
0.0
 45
-13.4703841818
 46
13.4703841818
 79
0
 98
0
  0
HATCH
  5
19E
330
17
100
AcDbEntity
  8
M-DUVA-GAZBETON-T
 62
7
100
AcDbHatch
 10
0.0
 20
0.0
 30
0.0
210
0.0
220
0.0
230
1.0
  2
ANSI31
 70
0
 71
0
 91
1
 92
3
 72
0
 73
1
 93
4
 10
572.5
 20
1507.5
 10
587.5
 20
1507.5
 10
587.5
 20
1110.0
 10
572.5
 20
1110.0
 97
0
 75
1
 76
1
 52
0.0
 41
6.0
 77
0
 78
1
 53
45.0
 43
0.0
 44
0.0
 45
-13.4703841818
 46
13.4703841818
 79
0
 98
0
  0
HATCH
  5
19F
330
17
100
AcDbEntity
  8
M-DUVA-GAZBETON-T
 62
7
100
AcDbHatch
 10
0.0
 20
0.0
 30
0.0
210
0.0
220
0.0
230
1.0
  2
ANSI31
 70
0
 71
0
 91
1
 92
3
 72
0
 73
1
 93
4
 10
572.5
 20
1020.0
 10
587.5
 20
1020.0
 10
587.5
 20
972.5
 10
572.5
 20
972.5
 97
0
 75
1
 76
1
 52
0.0
 41
6.0
 77
0
 78
1
 53
45.0
 43
0.0
 44
0.0
 45
-13.4703841818
 46
13.4703841818
 79
0
 98
0
  0
HATCH
  5
1A0
330
17
100
AcDbEntity
  8
M-DUVA-GAZBETON-T
 62
7
100
AcDbHatch
 10
0.0
 20
0.0
 30
0.0
210
0.0
220
0.0
230
1.0
  2
ANSI31
 70
0
 71
0
 91
1
 92
3
 72
0
 73
1
 93
4
 10
772.5
 20
1507.5
 10
787.5
 20
1507.5
 10
787.5
 20
1145.0
 10
772.5
 20
1145.0
 97
0
 75
1
 76
1
 52
0.0
 41
6.0
 77
0
 78
1
 53
45.0
 43
0.0
 44
0.0
 45
-13.4703841818
 46
13.4703841818
 79
0
 98
0
  0
HATCH
  5
1A1
330
17
100
AcDbEntity
  8
M-DUVA-GAZBETON-T
 62
7
100
AcDbHatch
 10
0.0
 20
0.0
 30
0.0
210
0.0
220
0.0
230
1.0
  2
ANSI31
 70
0
 71
0
 91
1
 92
3
 72
0
 73
1
 93
4
 10
772.5
 20
1055.0
 10
787.5
 20
1055.0
 10
787.5
 20
930.0
 10
772.5
 20
930.0
 97
0
 75
1
 76
1
 52
0.0
 41
6.0
 77
0
 78
1
 53
45.0
 43
0.0
 44
0.0
 45
-13.4703841818
 46
13.4703841818
 79
0
 98
0
  0
HATCH
  5
1A2
330
17
100
AcDbEntity
  8
M-DUVA-GAZBETON-T
 62
7
100
AcDbHatch
 10
0.0
 20
0.0
 30
0.0
210
0.0
220
0.0
230
1.0
  2
ANSI31
 70
0
 71
0
 91
1
 92
3
 72
0
 73
1
 93
4
 10
772.5
 20
840.0
 10
787.5
 20
840.0
 10
787.5
 20
-7.5
 10
772.5
 20
-7.5
 97
0
 75
1
 76
1
 52
0.0
 41
6.0
 77
0
 78
1
 53
45.0
 43
0.0
 44
0.0
 45
-13.4703841818
 46
13.4703841818
 79
0
 98
0
  0
HATCH
  5
1A3
330
17
100
AcDbEntity
  8
M-DUVA-GAZBETON-T
 62
7
100
AcDbHatch
 10
0.0
 20
0.0
 30
0.0
210
0.0
220
0.0
230
1.0
  2
ANSI31
 70
0
 71
0
 91
1
 92
3
 72
0
 73
1
 93
4
 10
1052.5
 20
487.5
 10
1067.5
 20
487.5
 10
1067.5
 20
340.0
 10
1052.5
 20
340.0
 97
0
 75
1
 76
1
 52
0.0
 41
6.0
 77
0
 78
1
 53
45.0
 43
0.0
 44
0.0
 45
-13.4703841818
 46
13.4703841818
 79
0
 98
0
  0
HATCH
  5
1A4
330
17
100
AcDbEntity
  8
M-DUVA-GAZBETON-T
 62
7
100
AcDbHatch
 10
0.0
 20
0.0
 30
0.0
210
0.0
220
0.0
230
1.0
  2
ANSI31
 70
0
 71
0
 91
1
 92
3
 72
0
 73
1
 93
4
 10
1052.5
 20
260.0
 10
1067.5
 20
260.0
 10
1067.5
 20
212.5
 10
1052.5
 20
212.5
 97
0
 75
1
 76
1
 52
0.0
 41
6.0
 77
0
 78
1
 53
45.0
 43
0.0
 44
0.0
 45
-13.4703841818
 46
13.4703841818
 79
0
 98
0
  0
HATCH
  5
1A5
330
17
100
AcDbEntity
  8
M-DUVA-GAZBETON-T
 62
7
100
AcDbHatch
 10
0.0
 20
0.0
 30
0.0
210
0.0
220
0.0
230
1.0
  2
ANSI31
 70
0
 71
0
 91
1
 92
3
 72
0
 73
1
 93
4
 10
1252.5
 20
1187.5
 10
1267.5
 20
1187.5
 10
1267.5
 20
1165.0
 10
1252.5
 20
1165.0
 97
0
 75
1
 76
1
 52
0.0
 41
6.0
 77
0
 78
1
 53
45.0
 43
0.0
 44
0.0
 45
-13.4703841818
 46
13.4703841818
 79
0
 98
0
  0
HATCH
  5
1A6
330
17
100
AcDbEntity
  8
M-DUVA-GAZBETON-T
 62
7
100
AcDbHatch
 10
0.0
 20
0.0
 30
0.0
210
0.0
220
0.0
230
1.0
  2
ANSI31
 70
0
 71
0
 91
1
 92
3
 72
0
 73
1
 93
4
 10
1252.5
 20
1065.0
 10
1267.5
 20
1065.0
 10
1267.5
 20
660.0
 10
1252.5
 20
660.0
 97
0
 75
1
 76
1
 52
0.0
 41
6.0
 77
0
 78
1
 53
45.0
 43
0.0
 44
0.0
 45
-13.4703841818
 46
13.4703841818
 79
0
 98
0
  0
HATCH
  5
1A7
330
17
100
AcDbEntity
  8
M-DUVA-GAZBETON-T
 62
7
100
AcDbHatch
 10
0.0
 20
0.0
 30
0.0
210
0.0
220
0.0
230
1.0
  2
ANSI31
 70
0
 71
0
 91
1
 92
3
 72
0
 73
1
 93
4
 10
1252.5
 20
600.0
 10
1267.5
 20
600.0
 10
1267.5
 20
-7.5
 10
1252.5
 20
-7.5
 97
0
 75
1
 76
1
 52
0.0
 41
6.0
 77
0
 78
1
 53
45.0
 43
0.0
 44
0.0
 45
-13.4703841818
 46
13.4703841818
 79
0
 98
0
  0
HATCH
  5
1A8
330
17
100
AcDbEntity
  8
M-DUVA-GAZBETON-T
 62
7
100
AcDbHatch
 10
0.0
 20
0.0
 30
0.0
210
0.0
220
0.0
230
1.0
  2
ANSI31
 70
0
 71
0
 91
1
 92
3
 72
0
 73
1
 93
4
 10
1392.5
 20
1507.5
 10
1407.5
 20
1507.5
 10
1407.5
 20
1380.0
 10
1392.5
 20
1380.0
 97
0
 75
1
 76
1
 52
0.0
 41
6.0
 77
0
 78
1
 53
45.0
 43
0.0
 44
0.0
 45
-13.4703841818
 46
13.4703841818
 79
0
 98
0
  0
HATCH
  5
1A9
330
17
100
AcDbEntity
  8
M-DUVA-GAZBETON-T
 62
7
100
AcDbHatch
 10
0.0
 20
0.0
 30
0.0
210
0.0
220
0.0
230
1.0
  2
ANSI31
 70
0
 71
0
 91
1
 92
3
 72
0
 73
1
 93
4
 10
1392.5
 20
1290.0
 10
1407.5
 20
1290.0
 10
1407.5
 20
700.0
 10
1392.5
 20
700.0
 97
0
 75
1
 76
1
 52
0.0
 41
6.0
 77
0
 78
1
 53
45.0
 43
0.0
 44
0.0
 45
-13.4703841818
 46
13.4703841818
 79
0
 98
0
  0
HATCH
  5
1AA
330
17
100
AcDbEntity
  8
M-DUVA-GAZBETON-T
 62
7
100
AcDbHatch
 10
0.0
 20
0.0
 30
0.0
210
0.0
220
0.0
230
1.0
  2
ANSI31
 70
0
 71
0
 91
1
 92
3
 72
0
 73
1
 93
4
 10
1392.5
 20
610.0
 10
1407.5
 20
610.0
 10
1407.5
 20
512.5
 10
1392.5
 20
512.5
 97
0
 75
1
 76
1
 52
0.0
 41
6.0
 77
0
 78
1
 53
45.0
 43
0.0
 44
0.0
 45
-13.4703841818
 46
13.4703841818
 79
0
 98
0
  0
HATCH
  5
1AB
330
17
100
AcDbEntity
  8
M-DUVA-GAZBETON-T
 62
7
100
AcDbHatch
 10
0.0
 20
0.0
 30
0.0
210
0.0
220
0.0
230
1.0
  2
ANSI31
 70
0
 71
0
 91
1
 92
3
 72
0
 73
1
 93
4
 10
1652.5000000000002
 20
1047.5
 10
1667.5
 20
1047.5
 10
1667.5
 20
1000.0
 10
1652.5000000000002
 20
1000.0
 97
0
 75
1
 76
1
 52
0.0
 41
6.0
 77
0
 78
1
 53
45.0
 43
0.0
 44
0.0
 45
-13.4703841818
 46
13.4703841818
 79
0
 98
0
  0
HATCH
  5
1AC
330
17
100
AcDbEntity
  8
M-DUVA-GAZBETON-T
 62
7
100
AcDbHatch
 10
0.0
 20
0.0
 30
0.0
210
0.0
220
0.0
230
1.0
  2
ANSI31
 70
0
 71
0
 91
1
 92
3
 72
0
 73
1
 93
4
 10
1652.5000000000002
 20
920.0
 10
1667.5
 20
920.0
 10
1667.5
 20
772.5
 10
1652.5000000000002
 20
772.5
 97
0
 75
1
 76
1
 52
0.0
 41
6.0
 77
0
 78
1
 53
45.0
 43
0.0
 44
0.0
 45
-13.4703841818
 46
13.4703841818
 79
0
 98
0
  0
HATCH
  5
1AD
330
17
100
AcDbEntity
  8
M-DUVA-GAZBETON-T
 62
7
100
AcDbHatch
 10
0.0
 20
0.0
 30
0.0
210
0.0
220
0.0
230
1.0
  2
ANSI31
 70
0
 71
0
 91
1
 92
3
 72
0
 73
1
 93
4
 10
1732.5
 20
787.5
 10
1747.5
 20
787.5
 10
1747.5
 20
512.5
 10
1732.5
 20
512.5
 97
0
 75
1
 76
1
 52
0.0
 41
6.0
 77
0
 78
1
 53
45.0
 43
0.0
 44
0.0
 45
-13.4703841818
 46
13.4703841818
 79
0
 98
0
  0
HATCH
  5
1AE
330
17
100
AcDbEntity
  8
M-DUVA-GAZBETON-T
 62
7
100
AcDbHatch
 10
0.0
 20
0.0
 30
0.0
210
0.0
220
0.0
230
1.0
  2
ANSI31
 70
0
 71
0
 91
1
 92
3
 72
0
 73
1
 93
4
 10
1965.0
 20
1500.0
 10
2000.0
 20
1500.0
 10
2000.0
 20
1400.0
 10
1965.0
 20
1400.0
 97
0
 75
1
 76
1
 52
0.0
 41
6.0
 77
0
 78
1
 53
45.0
 43
0.0
 44
0.0
 45
-13.4703841818
 46
13.4703841818
 79
0
 98
0
  0
HATCH
  5
1AF
330
17
100
AcDbEntity
  8
M-DUVA-GAZBETON-T
 62
7
100
AcDbHatch
 10
0.0
 20
0.0
 30
0.0
210
0.0
220
0.0
230
1.0
  2
ANSI31
 70
0
 71
0
 91
1
 92
3
 72
0
 73
1
 93
4
 10
1965.0
 20
1140.0
 10
2000.0
 20
1140.0
 10
2000.0
 20
930.0
 10
1965.0
 20
930.0
 97
0
 75
1
 76
1
 52
0.0
 41
6.0
 77
0
 78
1
 53
45.0
 43
0.0
 44
0.0
 45
-13.4703841818
 46
13.4703841818
 79
0
 98
0
  0
HATCH
  5
1B0
330
17
100
AcDbEntity
  8
M-DUVA-GAZBETON-T
 62
7
100
AcDbHatch
 10
0.0
 20
0.0
 30
0.0
210
0.0
220
0.0
230
1.0
  2
ANSI31
 70
0
 71
0
 91
1
 92
3
 72
0
 73
1
 93
4
 10
1965.0
 20
830.0
 10
2000.0
 20
830.0
 10
2000.0
 20
700.0
 10
1965.0
 20
700.0
 97
0
 75
1
 76
1
 52
0.0
 41
6.0
 77
0
 78
1
 53
45.0
 43
0.0
 44
0.0
 45
-13.4703841818
 46
13.4703841818
 79
0
 98
0
  0
HATCH
  5
1B1
330
17
100
AcDbEntity
  8
M-DUVA-GAZBETON-T
 62
7
100
AcDbHatch
 10
0.0
 20
0.0
 30
0.0
210
0.0
220
0.0
230
1.0
  2
ANSI31
 70
0
 71
0
 91
1
 92
3
 72
0
 73
1
 93
4
 10
1965.0
 20
600.0
 10
2000.0
 20
600.0
 10
2000.0
 20
420.0
 10
1965.0
 20
420.0
 97
0
 75
1
 76
1
 52
0.0
 41
6.0
 77
0
 78
1
 53
45.0
 43
0.0
 44
0.0
 45
-13.4703841818
 46
13.4703841818
 79
0
 98
0
  0
HATCH
  5
1B2
330
17
100
AcDbEntity
  8
M-DUVA-GAZBETON-T
 62
7
100
AcDbHatch
 10
0.0
 20
0.0
 30
0.0
210
0.0
220
0.0
230
1.0
  2
ANSI31
 70
0
 71
0
 91
1
 92
3
 72
0
 73
1
 93
4
 10
1965.0
 20
100.0
 10
2000.0
 20
100.0
 10
2000.0
 20
0.0
 10
1965.0
 20
0.0
 97
0
 75
1
 76
1
 52
0.0
 41
6.0
 77
0
 78
1
 53
45.0
 43
0.0
 44
0.0
 45
-13.4703841818
 46
13.4703841818
 79
0
 98
0
  0
HATCH
  5
1B3
330
17
100
AcDbEntity
  8
M-DUVA-GAZBETON-T
 62
7
100
AcDbHatch
 10
0.0
 20
0.0
 30
0.0
210
0.0
220
0.0
230
1.0
  2
ANSI31
 70
0
 71
0
 91
1
 92
3
 72
0
 73
1
 93
4
 10
0.0
 20
1500.0
 10
160.0
 20
1500.0
 10
160.0
 20
1465.0
 10
0.0
 20
1465.0
 97
0
 75
1
 76
1
 52
0.0
 41
6.0
 77
0
 78
1
 53
45.0
 43
0.0
 44
0.0
 45
-13.4703841818
 46
13.4703841818
 79
0
 98
0
  0
HATCH
  5
1B4
330
17
100
AcDbEntity
  8
M-DUVA-GAZBETON-T
 62
7
100
AcDbHatch
 10
0.0
 20
0.0
 30
0.0
210
0.0
220
0.0
230
1.0
  2
ANSI31
 70
0
 71
0
 91
1
 92
3
 72
0
 73
1
 93
4
 10
420.0
 20
1500.0
 10
630.0
 20
1500.0
 10
630.0
 20
1465.0
 10
420.0
 20
1465.0
 97
0
 75
1
 76
1
 52
0.0
 41
6.0
 77
0
 78
1
 53
45.0
 43
0.0
 44
0.0
 45
-13.4703841818
 46
13.4703841818
 79
0
 98
0
  0
HATCH
  5
1B5
330
17
100
AcDbEntity
  8
M-DUVA-GAZBETON-T
 62
7
100
AcDbHatch
 10
0.0
 20
0.0
 30
0.0
210
0.0
220
0.0
230
1.0
  2
ANSI31
 70
0
 71
0
 91
1
 92
3
 72
0
 73
1
 93
4
 10
730.0
 20
1500.0
 10
830.0
 20
1500.0
 10
830.0
 20
1465.0
 10
730.0
 20
1465.0
 97
0
 75
1
 76
1
 52
0.0
 41
6.0
 77
0
 78
1
 53
45.0
 43
0.0
 44
0.0
 45
-13.4703841818
 46
13.4703841818
 79
0
 98
0
  0
HATCH
  5
1B6
330
17
100
AcDbEntity
  8
M-DUVA-GAZBETON-T
 62
7
100
AcDbHatch
 10
0.0
 20
0.0
 30
0.0
210
0.0
220
0.0
230
1.0
  2
ANSI31
 70
0
 71
0
 91
1
 92
3
 72
0
 73
1
 93
4
 10
970.0
 20
1500.0
 10
1020.0
 20
1500.0
 10
1020.0
 20
1465.0
 10
970.0
 20
1465.0
 97
0
 75
1
 76
1
 52
0.0
 41
6.0
 77
0
 78
1
 53
45.0
 43
0.0
 44
0.0
 45
-13.4703841818
 46
13.4703841818
 79
0
 98
0
  0
HATCH
  5
1B7
330
17
100
AcDbEntity
  8
M-DUVA-GAZBETON-T
 62
7
100
AcDbHatch
 10
0.0
 20
0.0
 30
0.0
210
0.0
220
0.0
230
1.0
  2
ANSI31
 70
0
 71
0
 91
1
 92
3
 72
0
 73
1
 93
4
 10
1200.0
 20
1500.0
 10
1540.0
 20
1500.0
 10
1540.0
 20
1465.0
 10
1200.0
 20
1465.0
 97
0
 75
1
 76
1
 52
0.0
 41
6.0
 77
0
 78
1
 53
45.0
 43
0.0
 44
0.0
 45
-13.4703841818
 46
13.4703841818
 79
0
 98
0
  0
HATCH
  5
1B8
330
17
100
AcDbEntity
  8
M-DUVA-GAZBETON-T
 62
7
100
AcDbHatch
 10
0.0
 20
0.0
 30
0.0
210
0.0
220
0.0
230
1.0
  2
ANSI31
 70
0
 71
0
 91
1
 92
3
 72
0
 73
1
 93
4
 10
1860.0
 20
1500.0
 10
2000.0
 20
1500.0
 10
2000.0
 20
1465.0
 10
1860.0
 20
1465.0
 97
0
 75
1
 76
1
 52
0.0
 41
6.0
 77
0
 78
1
 53
45.0
 43
0.0
 44
0.0
 45
-13.4703841818
 46
13.4703841818
 79
0
 98
0
  0
HATCH
  5
1B9
330
17
100
AcDbEntity
  8
M-DUVA-GAZBETON-T
 62
7
100
AcDbHatch
 10
0.0
 20
0.0
 30
0.0
210
0.0
220
0.0
230
1.0
  2
ANSI31
 70
0
 71
0
 91
1
 92
3
 72
0
 73
1
 93
4
 10
572.5
 20
1187.5
 10
600.0
 20
1187.5
 10
600.0
 20
1172.5
 10
572.5
 20
1172.5
 97
0
 75
1
 76
1
 52
0.0
 41
6.0
 77
0
 78
1
 53
45.0
 43
0.0
 44
0.0
 45
-13.4703841818
 46
13.4703841818
 79
0
 98
0
  0
HATCH
  5
1BA
330
17
100
AcDbEntity
  8
M-DUVA-GAZBETON-T
 62
7
100
AcDbHatch
 10
0.0
 20
0.0
 30
0.0
210
0.0
220
0.0
230
1.0
  2
ANSI31
 70
0
 71
0
 91
1
 92
3
 72
0
 73
1
 93
4
 10
680.0
 20
1187.5
 10
787.5
 20
1187.5
 10
787.5
 20
1172.5
 10
680.0
 20
1172.5
 97
0
 75
1
 76
1
 52
0.0
 41
6.0
 77
0
 78
1
 53
45.0
 43
0.0
 44
0.0
 45
-13.4703841818
 46
13.4703841818
 79
0
 98
0
  0
HATCH
  5
1BB
330
17
100
AcDbEntity
  8
M-DUVA-GAZBETON-T
 62
7
100
AcDbHatch
 10
0.0
 20
0.0
 30
0.0
210
0.0
220
0.0
230
1.0
  2
ANSI31
 70
0
 71
0
 91
1
 92
3
 72
0
 73
1
 93
4
 10
1392.5
 20
1047.5
 10
1455.0
 20
1047.5
 10
1455.0
 20
1032.5
 10
1392.5
 20
1032.5
 97
0
 75
1
 76
1
 52
0.0
 41
6.0
 77
0
 78
1
 53
45.0
 43
0.0
 44
0.0
 45
-13.4703841818
 46
13.4703841818
 79
0
 98
0
  0
HATCH
  5
1BC
330
17
100
AcDbEntity
  8
M-DUVA-GAZBETON-T
 62
7
100
AcDbHatch
 10
0.0
 20
0.0
 30
0.0
210
0.0
220
0.0
230
1.0
  2
ANSI31
 70
0
 71
0
 91
1
 92
3
 72
0
 73
1
 93
4
 10
1545.0
 20
1047.5
 10
2007.5
 20
1047.5
 10
2007.5
 20
1032.5
 10
1545.0
 20
1032.5
 97
0
 75
1
 76
1
 52
0.0
 41
6.0
 77
0
 78
1
 53
45.0
 43
0.0
 44
0.0
 45
-13.4703841818
 46
13.4703841818
 79
0
 98
0
  0
HATCH
  5
1BD
330
17
100
AcDbEntity
  8
M-DUVA-GAZBETON-T
 62
7
100
AcDbHatch
 10
0.0
 20
0.0
 30
0.0
210
0.0
220
0.0
230
1.0
  2
ANSI31
 70
0
 71
0
 91
1
 92
3
 72
0
 73
1
 93
4
 10
-7.5
 20
987.5
 10
787.5
 20
987.5
 10
787.5
 20
972.5
 10
-7.5
 20
972.5
 97
0
 75
1
 76
1
 52
0.0
 41
6.0
 77
0
 78
1
 53
45.0
 43
0.0
 44
0.0
 45
-13.4703841818
 46
13.4703841818
 79
0
 98
0
  0
HATCH
  5
1BE
330
17
100
AcDbEntity
  8
M-DUVA-GAZBETON-T
 62
7
100
AcDbHatch
 10
0.0
 20
0.0
 30
0.0
210
0.0
220
0.0
230
1.0
  2
ANSI31
 70
0
 71
0
 91
1
 92
3
 72
0
 73
1
 93
4
 10
1392.5
 20
787.5
 10
2007.5
 20
787.5
 10
2007.5
 20
772.5
 10
1392.5
 20
772.5
 97
0
 75
1
 76
1
 52
0.0
 41
6.0
 77
0
 78
1
 53
45.0
 43
0.0
 44
0.0
 45
-13.4703841818
 46
13.4703841818
 79
0
 98
0
  0
HATCH
  5
1BF
330
17
100
AcDbEntity
  8
M-DUVA-GAZBETON-T
 62
7
100
AcDbHatch
 10
0.0
 20
0.0
 30
0.0
210
0.0
220
0.0
230
1.0
  2
ANSI31
 70
0
 71
0
 91
1
 92
3
 72
0
 73
1
 93
4
 10
1252.5
 20
527.5
 10
1285.0
 20
527.5
 10
1285.0
 20
512.5
 10
1252.5
 20
512.5
 97
0
 75
1
 76
1
 52
0.0
 41
6.0
 77
0
 78
1
 53
45.0
 43
0.0
 44
0.0
 45
-13.4703841818
 46
13.4703841818
 79
0
 98
0
  0
HATCH
  5
1C0
330
17
100
AcDbEntity
  8
M-DUVA-GAZBETON-T
 62
7
100
AcDbHatch
 10
0.0
 20
0.0
 30
0.0
210
0.0
220
0.0
230
1.0
  2
ANSI31
 70
0
 71
0
 91
1
 92
3
 72
0
 73
1
 93
4
 10
1375.0
 20
527.5
 10
1850.0
 20
527.5
 10
1850.0
 20
512.5
 10
1375.0
 20
512.5
 97
0
 75
1
 76
1
 52
0.0
 41
6.0
 77
0
 78
1
 53
45.0
 43
0.0
 44
0.0
 45
-13.4703841818
 46
13.4703841818
 79
0
 98
0
  0
HATCH
  5
1C1
330
17
100
AcDbEntity
  8
M-DUVA-GAZBETON-T
 62
7
100
AcDbHatch
 10
0.0
 20
0.0
 30
0.0
210
0.0
220
0.0
230
1.0
  2
ANSI31
 70
0
 71
0
 91
1
 92
3
 72
0
 73
1
 93
4
 10
1930.0
 20
527.5
 10
2007.5
 20
527.5
 10
2007.5
 20
512.5
 10
1930.0
 20
512.5
 97
0
 75
1
 76
1
 52
0.0
 41
6.0
 77
0
 78
1
 53
45.0
 43
0.0
 44
0.0
 45
-13.4703841818
 46
13.4703841818
 79
0
 98
0
  0
HATCH
  5
1C2
330
17
100
AcDbEntity
  8
M-DUVA-GAZBETON-T
 62
7
100
AcDbHatch
 10
0.0
 20
0.0
 30
0.0
210
0.0
220
0.0
230
1.0
  2
ANSI31
 70
0
 71
0
 91
1
 92
3
 72
0
 73
1
 93
4
 10
-7.5
 20
507.5
 10
460.0
 20
507.5
 10
460.0
 20
492.5
 10
-7.5
 20
492.5
 97
0
 75
1
 76
1
 52
0.0
 41
6.0
 77
0
 78
1
 53
45.0
 43
0.0
 44
0.0
 45
-13.4703841818
 46
13.4703841818
 79
0
 98
0
  0
HATCH
  5
1C3
330
17
100
AcDbEntity
  8
M-DUVA-GAZBETON-T
 62
7
100
AcDbHatch
 10
0.0
 20
0.0
 30
0.0
210
0.0
220
0.0
230
1.0
  2
ANSI31
 70
0
 71
0
 91
1
 92
3
 72
0
 73
1
 93
4
 10
550.0
 20
507.5
 10
787.5
 20
507.5
 10
787.5
 20
492.5
 10
550.0
 20
492.5
 97
0
 75
1
 76
1
 52
0.0
 41
6.0
 77
0
 78
1
 53
45.0
 43
0.0
 44
0.0
 45
-13.4703841818
 46
13.4703841818
 79
0
 98
0
  0
HATCH
  5
1C4
330
17
100
AcDbEntity
  8
M-DUVA-GAZBETON-T
 62
7
100
AcDbHatch
 10
0.0
 20
0.0
 30
0.0
210
0.0
220
0.0
230
1.0
  2
ANSI31
 70
0
 71
0
 91
1
 92
3
 72
0
 73
1
 93
4
 10
772.5
 20
487.5
 10
895.0
 20
487.5
 10
895.0
 20
472.5
 10
772.5
 20
472.5
 97
0
 75
1
 76
1
 52
0.0
 41
6.0
 77
0
 78
1
 53
45.0
 43
0.0
 44
0.0
 45
-13.4703841818
 46
13.4703841818
 79
0
 98
0
  0
HATCH
  5
1C5
330
17
100
AcDbEntity
  8
M-DUVA-GAZBETON-T
 62
7
100
AcDbHatch
 10
0.0
 20
0.0
 30
0.0
210
0.0
220
0.0
230
1.0
  2
ANSI31
 70
0
 71
0
 91
1
 92
3
 72
0
 73
1
 93
4
 10
1052.5
 20
227.5
 10
1267.5
 20
227.5
 10
1267.5
 20
212.5
 10
1052.5
 20
212.5
 97
0
 75
1
 76
1
 52
0.0
 41
6.0
 77
0
 78
1
 53
45.0
 43
0.0
 44
0.0
 45
-13.4703841818
 46
13.4703841818
 79
0
 98
0
  0
HATCH
  5
1C6
330
17
100
AcDbEntity
  8
M-DUVA-GAZBETON-T
 62
7
100
AcDbHatch
 10
0.0
 20
0.0
 30
0.0
210
0.0
220
0.0
230
1.0
  2
ANSI31
 70
0
 71
0
 91
1
 92
3
 72
0
 73
1
 93
4
 10
0.0
 20
35.0
 10
180.0
 20
35.0
 10
180.0
 20
0.0
 10
0.0
 20
0.0
 97
0
 75
1
 76
1
 52
0.0
 41
6.0
 77
0
 78
1
 53
45.0
 43
0.0
 44
0.0
 45
-13.4703841818
 46
13.4703841818
 79
0
 98
0
  0
HATCH
  5
1C7
330
17
100
AcDbEntity
  8
M-DUVA-GAZBETON-T
 62
7
100
AcDbHatch
 10
0.0
 20
0.0
 30
0.0
210
0.0
220
0.0
230
1.0
  2
ANSI31
 70
0
 71
0
 91
1
 92
3
 72
0
 73
1
 93
4
 10
600.0
 20
35.0
 10
860.0
 20
35.0
 10
860.0
 20
0.0
 10
600.0
 20
0.0
 97
0
 75
1
 76
1
 52
0.0
 41
6.0
 77
0
 78
1
 53
45.0
 43
0.0
 44
0.0
 45
-13.4703841818
 46
13.4703841818
 79
0
 98
0
  0
HATCH
  5
1C8
330
17
100
AcDbEntity
  8
M-DUVA-GAZBETON-T
 62
7
100
AcDbHatch
 10
0.0
 20
0.0
 30
0.0
210
0.0
220
0.0
230
1.0
  2
ANSI31
 70
0
 71
0
 91
1
 92
3
 72
0
 73
1
 93
4
 10
1180.0
 20
35.0
 10
1340.0
 20
35.0
 10
1340.0
 20
0.0
 10
1180.0
 20
0.0
 97
0
 75
1
 76
1
 52
0.0
 41
6.0
 77
0
 78
1
 53
45.0
 43
0.0
 44
0.0
 45
-13.4703841818
 46
13.4703841818
 79
0
 98
0
  0
HATCH
  5
1C9
330
17
100
AcDbEntity
  8
M-DUVA-GAZBETON-T
 62
7
100
AcDbHatch
 10
0.0
 20
0.0
 30
0.0
210
0.0
220
0.0
230
1.0
  2
ANSI31
 70
0
 71
0
 91
1
 92
3
 72
0
 73
1
 93
4
 10
1880.0
 20
35.0
 10
2000.0
 20
35.0
 10
2000.0
 20
0.0
 10
1880.0
 20
0.0
 97
0
 75
1
 76
1
 52
0.0
 41
6.0
 77
0
 78
1
 53
45.0
 43
0.0
 44
0.0
 45
-13.4703841818
 46
13.4703841818
 79
0
 98
0
  0
HATCH
  5
1CB
330
17
100
AcDbEntity
  8
M-TASI-BETONARME-T
100
AcDbHatch
 10
0.0
 20
0.0
 30
0.0
210
0.0
220
0.0
230
1.0
  2
SOLID
 70
1
 71
0
 91
1
 92
3
 72
0
 73
1
 93
4
 10
992.5
 20
707.5
 10
1007.5
 20
707.5
 10
1007.5
 20
645.0
 10
992.5
 20
645.0
 97
0
 75
1
 76
1
 98
0
  0
HATCH
  5
1CC
330
17
100
AcDbEntity
  8
M-TASI-BETONARME-T
100
AcDbHatch
 10
0.0
 20
0.0
 30
0.0
210
0.0
220
0.0
230
1.0
  2
SOLID
 70
1
 71
0
 91
1
 92
3
 72
0
 73
1
 93
4
 10
992.5
 20
545.0
 10
1007.5
 20
545.0
 10
1007.5
 20
472.5000000000002
 10
992.5
 20
472.5000000000002
 97
0
 75
1
 76
1
 98
0
  0
HATCH
  5
1CD
330
17
100
AcDbEntity
  8
M-TASI-BETONARME-T
100
AcDbHatch
 10
0.0
 20
0.0
 30
0.0
210
0.0
220
0.0
230
1.0
  2
SOLID
 70
1
 71
0
 91
1
 92
3
 72
0
 73
1
 93
4
 10
1192.5
 20
707.5
 10
1207.5
 20
707.5
 10
1207.5
 20
472.5
 10
1192.5
 20
472.5
 97
0
 75
1
 76
1
 98
0
  0
HATCH
  5
1CE
330
17
100
AcDbEntity
  8
M-TASI-BETONARME-T
100
AcDbHatch
 10
0.0
 20
0.0
 30
0.0
210
0.0
220
0.0
230
1.0
  2
SOLID
 70
1
 71
0
 91
1
 92
3
 72
0
 73
1
 93
4
 10
992.5
 20
707.5
 10
1267.4999999999998
 20
707.5
 10
1267.4999999999998
 20
692.5
 10
992.5
 20
692.5
 97
0
 75
1
 76
1
 98
0
  0
HATCH
  5
1CF
330
17
100
AcDbEntity
  8
M-TASI-BETONARME-T
100
AcDbHatch
 10
0.0
 20
0.0
 30
0.0
210
0.0
220
0.0
230
1.0
  2
SOLID
 70
1
 71
0
 91
1
 92
3
 72
0
 73
1
 93
4
 10
985.0
 20
487.5
 10
1267.5
 20
487.5
 10
1267.5
 20
472.5
 10
985.0
 20
472.5
 97
0
 75
1
 76
1
 98
0
  0
HATCH
  5
1D0
330
17
100
AcDbEntity
  8
M-TASI-BETONARME-T
100
AcDbHatch
 10
0.0
 20
0.0
 30
0.0
210
0.0
220
0.0
230
1.0
  2
SOLID
 70
1
 71
0
 91
1
 92
3
 72
0
 73
1
 93
4
 10
0.0
 20
1500.0
 10
40.0
 20
1500.0
 10
40.0
 20
1460.0
 10
0.0
 20
1460.0
 97
0
 75
1
 76
1
 98
0
  0
HATCH
  5
1D1
330
17
100
AcDbEntity
  8
M-TASI-BETONARME-T
100
AcDbHatch
 10
0.0
 20
0.0
 30
0.0
210
0.0
220
0.0
230
1.0
  2
SOLID
 70
1
 71
0
 91
1
 92
3
 72
0
 73
1
 93
4
 10
0.0
 20
1000.0
 10
40.0
 20
1000.0
 10
40.0
 20
960.0
 10
0.0
 20
960.0
 97
0
 75
1
 76
1
 98
0
  0
HATCH
  5
1D2
330
17
100
AcDbEntity
  8
M-TASI-BETONARME-T
100
AcDbHatch
 10
0.0
 20
0.0
 30
0.0
210
0.0
220
0.0
230
1.0
  2
SOLID
 70
1
 71
0
 91
1
 92
3
 72
0
 73
1
 93
4
 10
0.0
 20
520.0
 10
40.0
 20
520.0
 10
40.0
 20
480.0
 10
0.0
 20
480.0
 97
0
 75
1
 76
1
 98
0
  0
HATCH
  5
1D3
330
17
100
AcDbEntity
  8
M-TASI-BETONARME-T
100
AcDbHatch
 10
0.0
 20
0.0
 30
0.0
210
0.0
220
0.0
230
1.0
  2
SOLID
 70
1
 71
0
 91
1
 92
3
 72
0
 73
1
 93
4
 10
0.0
 20
40.0
 10
40.0
 20
40.0
 10
40.0
 20
0.0
 10
0.0
 20
0.0
 97
0
 75
1
 76
1
 98
0
  0
HATCH
  5
1D4
330
17
100
AcDbEntity
  8
M-TASI-BETONARME-T
100
AcDbHatch
 10
0.0
 20
0.0
 30
0.0
210
0.0
220
0.0
230
1.0
  2
SOLID
 70
1
 71
0
 91
1
 92
3
 72
0
 73
1
 93
4
 10
760.0
 20
1500.0
 10
800.0
 20
1500.0
 10
800.0
 20
1460.0
 10
760.0
 20
1460.0
 97
0
 75
1
 76
1
 98
0
  0
HATCH
  5
1D5
330
17
100
AcDbEntity
  8
M-TASI-BETONARME-T
100
AcDbHatch
 10
0.0
 20
0.0
 30
0.0
210
0.0
220
0.0
230
1.0
  2
SOLID
 70
1
 71
0
 91
1
 92
3
 72
0
 73
1
 93
4
 10
760.0
 20
1000.0
 10
800.0
 20
1000.0
 10
800.0
 20
960.0
 10
760.0
 20
960.0
 97
0
 75
1
 76
1
 98
0
  0
HATCH
  5
1D6
330
17
100
AcDbEntity
  8
M-TASI-BETONARME-T
100
AcDbHatch
 10
0.0
 20
0.0
 30
0.0
210
0.0
220
0.0
230
1.0
  2
SOLID
 70
1
 71
0
 91
1
 92
3
 72
0
 73
1
 93
4
 10
760.0
 20
520.0
 10
800.0
 20
520.0
 10
800.0
 20
480.0
 10
760.0
 20
480.0
 97
0
 75
1
 76
1
 98
0
  0
HATCH
  5
1D7
330
17
100
AcDbEntity
  8
M-TASI-BETONARME-T
100
AcDbHatch
 10
0.0
 20
0.0
 30
0.0
210
0.0
220
0.0
230
1.0
  2
SOLID
 70
1
 71
0
 91
1
 92
3
 72
0
 73
1
 93
4
 10
760.0
 20
40.0
 10
800.0
 20
40.0
 10
800.0
 20
0.0
 10
760.0
 20
0.0
 97
0
 75
1
 76
1
 98
0
  0
HATCH
  5
1D8
330
17
100
AcDbEntity
  8
M-TASI-BETONARME-T
100
AcDbHatch
 10
0.0
 20
0.0
 30
0.0
210
0.0
220
0.0
230
1.0
  2
SOLID
 70
1
 71
0
 91
1
 92
3
 72
0
 73
1
 93
4
 10
1240.0
 20
1500.0
 10
1280.0
 20
1500.0
 10
1280.0
 20
1460.0
 10
1240.0
 20
1460.0
 97
0
 75
1
 76
1
 98
0
  0
HATCH
  5
1D9
330
17
100
AcDbEntity
  8
M-TASI-BETONARME-T
100
AcDbHatch
 10
0.0
 20
0.0
 30
0.0
210
0.0
220
0.0
230
1.0
  2
SOLID
 70
1
 71
0
 91
1
 92
3
 72
0
 73
1
 93
4
 10
1240.0
 20
1000.0
 10
1280.0
 20
1000.0
 10
1280.0
 20
960.0
 10
1240.0
 20
960.0
 97
0
 75
1
 76
1
 98
0
  0
HATCH
  5
1DA
330
17
100
AcDbEntity
  8
M-TASI-BETONARME-T
100
AcDbHatch
 10
0.0
 20
0.0
 30
0.0
210
0.0
220
0.0
230
1.0
  2
SOLID
 70
1
 71
0
 91
1
 92
3
 72
0
 73
1
 93
4
 10
1240.0
 20
520.0
 10
1280.0
 20
520.0
 10
1280.0
 20
480.0
 10
1240.0
 20
480.0
 97
0
 75
1
 76
1
 98
0
  0
HATCH
  5
1DB
330
17
100
AcDbEntity
  8
M-TASI-BETONARME-T
100
AcDbHatch
 10
0.0
 20
0.0
 30
0.0
210
0.0
220
0.0
230
1.0
  2
SOLID
 70
1
 71
0
 91
1
 92
3
 72
0
 73
1
 93
4
 10
1240.0
 20
40.0
 10
1280.0
 20
40.0
 10
1280.0
 20
0.0
 10
1240.0
 20
0.0
 97
0
 75
1
 76
1
 98
0
  0
HATCH
  5
1DC
330
17
100
AcDbEntity
  8
M-TASI-BETONARME-T
100
AcDbHatch
 10
0.0
 20
0.0
 30
0.0
210
0.0
220
0.0
230
1.0
  2
SOLID
 70
1
 71
0
 91
1
 92
3
 72
0
 73
1
 93
4
 10
1960.0
 20
1500.0
 10
2000.0
 20
1500.0
 10
2000.0
 20
1460.0
 10
1960.0
 20
1460.0
 97
0
 75
1
 76
1
 98
0
  0
HATCH
  5
1DD
330
17
100
AcDbEntity
  8
M-TASI-BETONARME-T
100
AcDbHatch
 10
0.0
 20
0.0
 30
0.0
210
0.0
220
0.0
230
1.0
  2
SOLID
 70
1
 71
0
 91
1
 92
3
 72
0
 73
1
 93
4
 10
1960.0
 20
1000.0
 10
2000.0
 20
1000.0
 10
2000.0
 20
960.0
 10
1960.0
 20
960.0
 97
0
 75
1
 76
1
 98
0
  0
HATCH
  5
1DE
330
17
100
AcDbEntity
  8
M-TASI-BETONARME-T
100
AcDbHatch
 10
0.0
 20
0.0
 30
0.0
210
0.0
220
0.0
230
1.0
  2
SOLID
 70
1
 71
0
 91
1
 92
3
 72
0
 73
1
 93
4
 10
1960.0
 20
520.0
 10
2000.0
 20
520.0
 10
2000.0
 20
480.0
 10
1960.0
 20
480.0
 97
0
 75
1
 76
1
 98
0
  0
HATCH
  5
1DF
330
17
100
AcDbEntity
  8
M-TASI-BETONARME-T
100
AcDbHatch
 10
0.0
 20
0.0
 30
0.0
210
0.0
220
0.0
230
1.0
  2
SOLID
 70
1
 71
0
 91
1
 92
3
 72
0
 73
1
 93
4
 10
1960.0
 20
40.0
 10
2000.0
 20
40.0
 10
2000.0
 20
0.0
 10
1960.0
 20
0.0
 97
0
 75
1
 76
1
 98
0
  0
LINE
  5
1E2
330
17
100
AcDbEntity
  8
M-ISYA-TASYUNU
100
AcDbLine
 10
7.999999999999972
 20
1500.0
 30
0.0
 11
7.999999999999972
 21
1380.0
 31
0.0
  0
LINE
  5
1E3
330
17
100
AcDbEntity
  8
M-ISYA-TASYUNU
100
AcDbLine
 10
7.999999999999972
 20
1120.0
 30
0.0
 11
7.999999999999972
 21
880.0
 31
0.0
  0
LINE
  5
1E4
330
17
100
AcDbEntity
  8
M-ISYA-TASYUNU
100
AcDbLine
 10
7.999999999999972
 20
640.0
 30
0.0
 11
7.999999999999972
 21
370.0
 31
0.0
  0
LINE
  5
1E5
330
17
100
AcDbEntity
  8
M-ISYA-TASYUNU
100
AcDbLine
 10
7.999999999999972
 20
110.0
 30
0.0
 11
7.999999999999972
 21
0.0
 31
0.0
  0
LINE
  5
1E6
330
17
100
AcDbEntity
  8
M-ISYA-TASYUNU
100
AcDbLine
 10
1992.0000000000005
 20
1500.0
 30
0.0
 11
1992.0000000000005
 21
1400.0
 31
0.0
  0
LINE
  5
1E7
330
17
100
AcDbEntity
  8
M-ISYA-TASYUNU
100
AcDbLine
 10
1992.0000000000005
 20
1140.0
 30
0.0
 11
1992.0000000000005
 21
930.0
 31
0.0
  0
LINE
  5
1E8
330
17
100
AcDbEntity
  8
M-ISYA-TASYUNU
100
AcDbLine
 10
1992.0000000000005
 20
830.0
 30
0.0
 11
1992.0000000000005
 21
700.0
 31
0.0
  0
LINE
  5
1E9
330
17
100
AcDbEntity
  8
M-ISYA-TASYUNU
100
AcDbLine
 10
1992.0000000000005
 20
600.0
 30
0.0
 11
1992.0000000000005
 21
420.0
 31
0.0
  0
LINE
  5
1EA
330
17
100
AcDbEntity
  8
M-ISYA-TASYUNU
100
AcDbLine
 10
1992.0000000000005
 20
100.0
 30
0.0
 11
1992.0000000000005
 21
0.0
 31
0.0
  0
LINE
  5
1EB
330
17
100
AcDbEntity
  8
M-ISYA-TASYUNU
100
AcDbLine
 10
0.0
 20
1492.0
 30
0.0
 11
160.0
 21
1492.0
 31
0.0
  0
LINE
  5
1EC
330
17
100
AcDbEntity
  8
M-ISYA-TASYUNU
100
AcDbLine
 10
420.0
 20
1492.0
 30
0.0
 11
630.0
 21
1492.0
 31
0.0
  0
LINE
  5
1ED
330
17
100
AcDbEntity
  8
M-ISYA-TASYUNU
100
AcDbLine
 10
730.0
 20
1492.0
 30
0.0
 11
830.0
 21
1492.0
 31
0.0
  0
LINE
  5
1EE
330
17
100
AcDbEntity
  8
M-ISYA-TASYUNU
100
AcDbLine
 10
970.0
 20
1492.0
 30
0.0
 11
1020.0
 21
1492.0
 31
0.0
  0
LINE
  5
1EF
330
17
100
AcDbEntity
  8
M-ISYA-TASYUNU
100
AcDbLine
 10
1200.0
 20
1492.0
 30
0.0
 11
1540.0
 21
1492.0
 31
0.0
  0
LINE
  5
1F0
330
17
100
AcDbEntity
  8
M-ISYA-TASYUNU
100
AcDbLine
 10
1860.0
 20
1492.0
 30
0.0
 11
2000.0
 21
1492.0
 31
0.0
  0
LINE
  5
1F1
330
17
100
AcDbEntity
  8
M-ISYA-TASYUNU
100
AcDbLine
 10
0.0
 20
8.0
 30
0.0
 11
180.0
 21
8.0
 31
0.0
  0
LINE
  5
1F2
330
17
100
AcDbEntity
  8
M-ISYA-TASYUNU
100
AcDbLine
 10
600.0
 20
8.0
 30
0.0
 11
860.0
 21
8.0
 31
0.0
  0
LINE
  5
1F3
330
17
100
AcDbEntity
  8
M-ISYA-TASYUNU
100
AcDbLine
 10
1180.0
 20
8.0
 30
0.0
 11
1340.0
 21
8.0
 31
0.0
  0
LINE
  5
1F4
330
17
100
AcDbEntity
  8
M-ISYA-TASYUNU
100
AcDbLine
 10
1880.0
 20
8.0
 30
0.0
 11
2000.0
 21
8.0
 31
0.0
  0
LWPOLYLINE
  5
1F5
330
17
100
AcDbEntity
  8
M-KORK-CAM
100
AcDbPolyline
 90
4
 70
1
 10
996.5
 20
1500.0
 10
1003.5
 20
1500.0
 10
1003.5
 20
1180.0
 10
996.5
 20
1180.0
  0
LWPOLYLINE
  5
1F6
330
17
100
AcDbEntity
  8
M-KORK-CAM
100
AcDbPolyline
 90
4
 70
1
 10
780.0
 20
1183.5
 10
1000.0
 20
1183.5
 10
1000.0
 20
1176.5
 10
780.0
 20
1176.5
  0
LWPOLYLINE
  5
1F7
330
17
100
AcDbEntity
  8
M-KORK-CAM
100
AcDbPolyline
 90
4
 70
1
 10
996.5
 20
1056.5
 10
1003.5
 20
1056.5
 10
1003.5
 20
707.5
 10
996.5
 20
707.5
  0
LWPOLYLINE
  5
1F8
330
17
100
AcDbEntity
  8
M-KORK-CAM
100
AcDbPolyline
 90
4
 70
1
 10
1000.0
 20
1060.0
 10
1130.0
 20
1060.0
 10
1130.0
 20
1053.0
 10
1000.0
 20
1053.0
  0
LWPOLYLINE
  5
1F9
330
17
100
AcDbEntity
  8
M-KORK-CAM
100
AcDbPolyline
 90
4
 70
1
 10
1126.5
 20
1056.5
 10
1133.5
 20
1056.5
 10
1133.5
 20
832.5
 10
1126.5
 20
832.5
  0
LINE
  5
1FB
330
17
100
AcDbEntity
  8
M-KPKN-AHSAP
100
AcDbLine
 10
772.5
 20
1145.0
 30
0.0
 11
682.5
 21
1145.0
 31
0.0
  0
LWPOLYLINE
  5
1FD
330
17
100
AcDbEntity
  8
M-GOST-ACYONU
100
AcDbPolyline
 90
25
 70
0
 10
682.5
 20
1145.0
 10
682.6926969085258
 20
1139.1137183692872
 10
683.2699624763573
 20
1133.2526427001953
 10
684.2293247637093
 20
1127.4418710185485
 10
685.5666756339838
 20
1121.7062859407731
 10
687.2762883454404
 20
1116.0704481227153
 10
689.3508420739843
 20
1110.5584910871419
 10
691.781453262058
 20
1105.1940178802897
 10
694.5577136594005
 20
1100.0
 10
697.6677348927708
 20
1094.9986790282358
 10
701.0981993737889
 20
1090.2114713892151
 10
704.8344173268922
 20
1085.6588766409936
 10
708.8603896932108
 20
1081.360389693211
 10
713.1588766409939
 20
1077.334417326892
 10
717.7114713892151
 20
1073.598199373789
 10
722.4986790282358
 20
1070.167734892771
 10
727.5
 20
1067.0577136594006
 10
732.69401788029
 20
1064.2814532620582
 10
738.058491087142
 20
1061.850842073984
 10
743.5704481227153
 20
1059.7762883454404
 10
749.206285940773
 20
1058.0666756339838
 10
754.9418710185483
 20
1056.7293247637094
 10
760.7526427001955
 20
1055.769962476357
 10
766.6137183692871
 20
1055.1926969085257
 10
772.5
 20
1055.0
  0
LINE
  5
1FF
330
17
100
AcDbEntity
  8
M-KPKS-AHSAP
100
AcDbLine
 10
772.5
 20
1145.0
 30
0.0
 11
787.5
 21
1145.0
 31
0.0
  0
LINE
  5
200
330
17
100
AcDbEntity
  8
M-KPKS-AHSAP
100
AcDbLine
 10
772.5
 20
1055.0
 30
0.0
 11
787.5
 21
1055.0
 31
0.0
  0
LINE
  5
201
330
17
100
AcDbEntity
  8
M-KPKN-AHSAP
100
AcDbLine
 10
572.5
 20
1020.0
 30
0.0
 11
482.5
 21
1020.0
 31
0.0
  0
LWPOLYLINE
  5
202
330
17
100
AcDbEntity
  8
M-GOST-ACYONU
100
AcDbPolyline
 90
25
 70
0
 10
482.5
 20
1020.0
 10
482.6926969085257
 20
1025.8862816307128
 10
483.269962476357
 20
1031.7473572998047
 10
484.2293247637093
 20
1037.5581289814515
 10
485.5666756339838
 20
1043.2937140592269
 10
487.2762883454405
 20
1048.9295518772847
 10
489.35084207398415
 20
1054.441508912858
 10
491.7814532620581
 20
1059.8059821197103
 10
494.5577136594005
 20
1065.0
 10
497.66773489277085
 20
1070.0013209717642
 10
501.0981993737889
 20
1074.7885286107849
 10
504.834417326892
 20
1079.3411233590064
 10
508.8603896932108
 20
1083.639610306789
 10
513.1588766409938
 20
1087.665582673108
 10
517.711471389215
 20
1091.401800626211
 10
522.4986790282358
 20
1094.832265107229
 10
527.5
 20
1097.9422863405994
 10
532.6940178802898
 20
1100.7185467379418
 10
538.0584910871419
 20
1103.149157926016
 10
543.5704481227153
 20
1105.2237116545596
 10
549.2062859407731
 20
1106.9333243660162
 10
554.9418710185485
 20
1108.2706752362906
 10
560.7526427001953
 20
1109.230037523643
 10
566.6137183692871
 20
1109.8073030914743
 10
572.5
 20
1110.0
  0
LINE
  5
203
330
17
100
AcDbEntity
  8
M-KPKS-AHSAP
100
AcDbLine
 10
572.5
 20
1110.0
 30
0.0
 11
587.5
 21
1110.0
 31
0.0
  0
LINE
  5
204
330
17
100
AcDbEntity
  8
M-KPKS-AHSAP
100
AcDbLine
 10
572.5
 20
1020.0
 30
0.0
 11
587.5
 21
1020.0
 31
0.0
  0
LINE
  5
205
330
17
100
AcDbEntity
  8
M-KPKN-AHSAP
100
AcDbLine
 10
600.0
 20
1187.5
 30
0.0
 11
600.0
 21
1267.5
 31
0.0
  0
LWPOLYLINE
  5
206
330
17
100
AcDbEntity
  8
M-GOST-ACYONU
100
AcDbPolyline
 90
25
 70
0
 10
600.0
 20
1267.5
 10
605.2322503384114
 20
1267.328713859088
 10
610.4420953776041
 20
1266.8155889099048
 10
615.6072257612902
 20
1265.9628224322585
 10
620.7055236082016
 20
1264.7740661031255
 10
625.7151572242528
 20
1263.2544103596085
 10
630.6146745892072
 20
1261.4103626009028
 10
635.3830952175201
 20
1259.249819322615
 10
640.0
 20
1256.7820323027552
 10
644.4456186415682
 20
1254.0175689842035
 10
648.7009143206977
 20
1250.9682672232989
 10
652.7476652080055
 20
1247.647184598318
 10
656.5685424949238
 20
1244.0685424949238
 10
660.1471845983181
 20
1240.2476652080054
 10
663.4682672232989
 20
1236.2009143206978
 10
666.5175689842035
 20
1231.9456186415682
 10
669.2820323027549
 20
1227.5
 10
671.7498193226152
 20
1222.8830952175201
 10
673.9103626009029
 20
1218.1146745892072
 10
675.7544103596083
 20
1213.2151572242528
 10
677.2740661031255
 20
1208.2055236082015
 10
678.4628224322586
 20
1203.1072257612902
 10
679.3155889099048
 20
1197.9420953776041
 10
679.8287138590882
 20
1192.7322503384114
 10
680.0
 20
1187.5
  0
LINE
  5
207
330
17
100
AcDbEntity
  8
M-KPKS-AHSAP
100
AcDbLine
 10
600.0
 20
1187.5
 30
0.0
 11
600.0
 21
1172.5
 31
0.0
  0
LINE
  5
208
330
17
100
AcDbEntity
  8
M-KPKS-AHSAP
100
AcDbLine
 10
680.0
 20
1187.5
 30
0.0
 11
680.0
 21
1172.5
 31
0.0
  0
LINE
  5
209
330
17
100
AcDbEntity
  8
M-KPKN-AHSAP
100
AcDbLine
 10
772.5
 20
930.0
 30
0.0
 11
682.5
 21
930.0
 31
0.0
  0
LWPOLYLINE
  5
20A
330
17
100
AcDbEntity
  8
M-GOST-ACYONU
100
AcDbPolyline
 90
25
 70
0
 10
682.5
 20
930.0
 10
682.6926969085258
 20
924.1137183692871
 10
683.2699624763573
 20
918.2526427001955
 10
684.2293247637093
 20
912.4418710185483
 10
685.5666756339838
 20
906.706285940773
 10
687.2762883454404
 20
901.0704481227153
 10
689.3508420739843
 20
895.558491087142
 10
691.781453262058
 20
890.19401788029
 10
694.5577136594005
 20
885.0
 10
697.6677348927708
 20
879.9986790282358
 10
701.0981993737889
 20
875.2114713892151
 10
704.8344173268922
 20
870.6588766409939
 10
708.8603896932108
 20
866.3603896932108
 10
713.1588766409939
 20
862.3344173268922
 10
717.7114713892151
 20
858.5981993737889
 10
722.4986790282358
 20
855.1677348927708
 10
727.5
 20
852.0577136594005
 10
732.69401788029
 20
849.281453262058
 10
738.058491087142
 20
846.8508420739843
 10
743.5704481227153
 20
844.7762883454404
 10
749.206285940773
 20
843.0666756339838
 10
754.9418710185483
 20
841.7293247637093
 10
760.7526427001955
 20
840.7699624763573
 10
766.6137183692871
 20
840.1926969085258
 10
772.5
 20
840.0
  0
LINE
  5
20B
330
17
100
AcDbEntity
  8
M-KPKS-AHSAP
100
AcDbLine
 10
772.5
 20
930.0
 30
0.0
 11
787.5
 21
930.0
 31
0.0
  0
LINE
  5
20C
330
17
100
AcDbEntity
  8
M-KPKS-AHSAP
100
AcDbLine
 10
772.5
 20
840.0
 30
0.0
 11
787.5
 21
840.0
 31
0.0
  0
LINE
  5
20D
330
17
100
AcDbEntity
  8
M-KPKN-AHSAP
100
AcDbLine
 10
412.5
 20
560.0
 30
0.0
 11
332.5
 21
560.0
 31
0.0
  0
LWPOLYLINE
  5
20E
330
17
100
AcDbEntity
  8
M-GOST-ACYONU
100
AcDbPolyline
 90
25
 70
0
 10
332.5
 20
560.0
 10
332.6712861409118
 20
565.2322503384113
 10
333.1844110900951
 20
570.4420953776042
 10
334.03717756774154
 20
575.6072257612902
 10
335.2259338968746
 20
580.7055236082016
 10
336.7455896403915
 20
585.7151572242528
 10
338.5896373990971
 20
590.6146745892073
 10
340.75018067738495
 20
595.3830952175201
 10
343.21796769724483
 20
600.0
 10
345.9824310157964
 20
604.4456186415681
 10
349.03173277670123
 20
608.7009143206976
 10
352.3528154016817
 20
612.7476652080054
 10
355.9314575050762
 20
616.5685424949237
 10
359.7523347919945
 20
620.1471845983181
 10
363.79908567930227
 20
623.4682672232987
 10
368.0543813584319
 20
626.5175689842035
 10
372.5
 20
629.2820323027549
 10
377.1169047824799
 20
631.7498193226152
 10
381.8853254107928
 20
633.9103626009029
 10
386.7848427757471
 20
635.7544103596083
 10
391.7944763917984
 20
637.2740661031255
 10
396.89277423870976
 20
638.4628224322582
 10
402.0579046223959
 20
639.3155889099048
 10
407.2677496615886
 20
639.8287138590882
 10
412.5
 20
640.0
  0
LINE
  5
20F
330
17
100
AcDbEntity
  8
M-KPKS-AHSAP
100
AcDbLine
 10
412.5
 20
640.0
 30
0.0
 11
427.5
 21
640.0
 31
0.0
  0
LINE
  5
210
330
17
100
AcDbEntity
  8
M-KPKS-AHSAP
100
AcDbLine
 10
412.5
 20
560.0
 30
0.0
 11
427.5
 21
560.0
 31
0.0
  0
LINE
  5
211
330
17
100
AcDbEntity
  8
M-KPKN-AHSAP
100
AcDbLine
 10
460.0
 20
492.5
 30
0.0
 11
460.0
 21
402.5
 31
0.0
  0
LWPOLYLINE
  5
212
330
17
100
AcDbEntity
  8
M-GOST-ACYONU
100
AcDbPolyline
 90
25
 70
0
 10
460.0
 20
402.5
 10
465.8862816307129
 20
402.6926969085257
 10
471.74735729980466
 20
403.26996247635725
 10
477.55812898145155
 20
404.2293247637094
 10
483.2937140592269
 20
405.5666756339838
 10
488.9295518772846
 20
407.27628834544043
 10
494.441508912858
 20
409.35084207398427
 10
499.80598211971017
 20
411.781453262058
 10
505.0
 20
414.55771365940063
 10
510.0013209717642
 20
417.6677348927708
 10
514.7885286107849
 20
421.09819937378893
 10
519.3411233590062
 20
424.8344173268922
 10
523.6396103067892
 20
428.8603896932109
 10
527.665582673108
 20
433.15887664099387
 10
531.4018006262111
 20
437.71147138921515
 10
534.832265107229
 20
442.49867902823576
 10
537.9422863405995
 20
447.5
 10
540.7185467379419
 20
452.69401788028995
 10
543.1491579260158
 20
458.0584910871421
 10
545.2237116545596
 20
463.57044812271533
 10
546.9333243660162
 20
469.2062859407729
 10
548.2706752362907
 20
474.9418710185482
 10
549.230037523643
 20
480.75264270019545
 10
549.8073030914743
 20
486.6137183692871
 10
550.0
 20
492.5
  0
LINE
  5
213
330
17
100
AcDbEntity
  8
M-KPKS-AHSAP
100
AcDbLine
 10
460.0
 20
507.5
 30
0.0
 11
460.0
 21
492.5
 31
0.0
  0
LINE
  5
214
330
17
100
AcDbEntity
  8
M-KPKS-AHSAP
100
AcDbLine
 10
550.0
 20
507.5
 30
0.0
 11
550.0
 21
492.5
 31
0.0
  0
LINE
  5
215
330
17
100
AcDbEntity
  8
M-KPKN-AHSAP
100
AcDbLine
 10
985.0
 20
472.5
 30
0.0
 11
985.0
 21
382.5
 31
0.0
  0
LWPOLYLINE
  5
216
330
17
100
AcDbEntity
  8
M-GOST-ACYONU
100
AcDbPolyline
 90
25
 70
0
 10
985.0
 20
382.5
 10
979.1137183692871
 20
382.6926969085257
 10
973.2526427001955
 20
383.26996247635725
 10
967.4418710185483
 20
384.2293247637094
 10
961.706285940773
 20
385.5666756339838
 10
956.0704481227153
 20
387.27628834544043
 10
950.558491087142
 20
389.35084207398427
 10
945.19401788029
 20
391.781453262058
 10
940.0
 20
394.55771365940063
 10
934.9986790282358
 20
397.6677348927708
 10
930.2114713892151
 20
401.09819937378893
 10
925.6588766409939
 20
404.8344173268922
 10
921.3603896932108
 20
408.8603896932109
 10
917.3344173268922
 20
413.15887664099387
 10
913.5981993737889
 20
417.71147138921515
 10
910.1677348927708
 20
422.49867902823576
 10
907.0577136594005
 20
427.5
 10
904.281453262058
 20
432.69401788028995
 10
901.8508420739843
 20
438.0584910871421
 10
899.7762883454404
 20
443.57044812271533
 10
898.0666756339838
 20
449.20628594077334
 10
896.7293247637093
 20
454.9418710185482
 10
895.7699624763573
 20
460.75264270019534
 10
895.1926969085258
 20
466.6137183692872
 10
895.0
 20
472.5
  0
LINE
  5
217
330
17
100
AcDbEntity
  8
M-KPKS-AHSAP
100
AcDbLine
 10
895.0
 20
487.5
 30
0.0
 11
895.0
 21
472.5
 31
0.0
  0
LINE
  5
218
330
17
100
AcDbEntity
  8
M-KPKS-AHSAP
100
AcDbLine
 10
985.0
 20
487.5
 30
0.0
 11
985.0
 21
472.5
 31
0.0
  0
LINE
  5
219
330
17
100
AcDbEntity
  8
M-KPKN-AHSAP
100
AcDbLine
 10
1067.5
 20
260.0
 30
0.0
 11
1147.5
 21
260.0
 31
0.0
  0
LWPOLYLINE
  5
21A
330
17
100
AcDbEntity
  8
M-GOST-ACYONU
100
AcDbPolyline
 90
25
 70
0
 10
1147.5
 20
260.0
 10
1147.328713859088
 20
265.23225033841163
 10
1146.8155889099048
 20
270.44209537760435
 10
1145.9628224322587
 20
275.60722576129024
 10
1144.7740661031255
 20
280.7055236082015
 10
1143.2544103596083
 20
285.71515722425283
 10
1141.4103626009028
 20
290.6146745892074
 10
1139.2498193226152
 20
295.3830952175201
 10
1136.782032302755
 20
300.0
 10
1134.0175689842035
 20
304.4456186415682
 10
1130.9682672232989
 20
308.7009143206976
 10
1127.647184598318
 20
312.7476652080054
 10
1124.0685424949238
 20
316.5685424949238
 10
1120.2476652080054
 20
320.14718459831806
 10
1116.2009143206976
 20
323.4682672232989
 10
1111.9456186415682
 20
326.51756898420354
 10
1107.5
 20
329.28203230275494
 10
1102.8830952175201
 20
331.74981932261517
 10
1098.1146745892074
 20
333.9103626009028
 10
1093.2151572242528
 20
335.7544103596083
 10
1088.2055236082015
 20
337.2740661031255
 10
1083.1072257612902
 20
338.4628224322587
 10
1077.9420953776043
 20
339.3155889099048
 10
1072.7322503384116
 20
339.8287138590881
 10
1067.5
 20
340.0
  0
LINE
  5
21B
330
17
100
AcDbEntity
  8
M-KPKS-AHSAP
100
AcDbLine
 10
1052.5
 20
340.0
 30
0.0
 11
1067.5
 21
340.0
 31
0.0
  0
LINE
  5
21C
330
17
100
AcDbEntity
  8
M-KPKS-AHSAP
100
AcDbLine
 10
1052.5
 20
260.0
 30
0.0
 11
1067.5
 21
260.0
 31
0.0
  0
LINE
  5
21E
330
17
100
AcDbEntity
  8
M-GOST-IZDUSUM
100
AcDbLine
 10
1252.5
 20
1165.0
 30
0.0
 11
1252.5
 21
1065.0
 31
0.0
  0
LINE
  5
21F
330
17
100
AcDbEntity
  8
M-GOST-IZDUSUM
100
AcDbLine
 10
1267.5
 20
1165.0
 30
0.0
 11
1267.5
 21
1065.0
 31
0.0
  0
LINE
  5
220
330
17
100
AcDbEntity
  8
M-KPKN-AHSAP
100
AcDbLine
 10
1005.5000000000001
 20
640.0
 30
0.0
 11
1005.5000000000001
 21
550.0
 31
0.0
  0
LINE
  5
221
330
17
100
AcDbEntity
  8
M-KPKN-AHSAP
100
AcDbLine
 10
1001.4999999999998
 20
640.0
 30
0.0
 11
1001.4999999999998
 21
590.0
 31
0.0
  0
LINE
  5
222
330
17
100
AcDbEntity
  8
M-KPKN-AHSAP
100
AcDbLine
 10
1267.5
 20
660.0
 30
0.0
 11
1327.5
 21
660.0
 31
0.0
  0
LWPOLYLINE
  5
223
330
17
100
AcDbEntity
  8
M-GOST-ACYONU
100
AcDbPolyline
 90
25
 70
0
 10
1327.5
 20
660.0
 10
1327.3715353943162
 20
656.0758122461914
 10
1326.9866916824287
 20
652.168428466797
 10
1326.3471168241938
 20
648.2945806790324
 10
1325.4555495773438
 20
644.4708572938487
 10
1324.3158077697062
 20
640.7136320818103
 10
1322.9327719506773
 20
637.0389940580947
 10
1321.3123644919615
 20
633.46267858686
 10
1319.4615242270663
 20
630.0
 10
1317.3881767381527
 20
626.6657860188238
 10
1315.101200417474
 20
623.4743142594768
 10
1312.6103884487386
 20
620.439251093996
 10
1309.926406871193
 20
617.573593128807
 10
1307.060748906004
 20
614.8896115512614
 10
1304.0256857405232
 20
612.398799582526
 10
1300.8342139811762
 20
610.1118232618472
 10
1297.5
 20
608.0384757729337
 10
1294.03732141314
 20
606.1876355080386
 10
1290.4610059419053
 20
604.5672280493227
 10
1286.7863679181896
 20
603.1841922302937
 10
1283.0291427061513
 20
602.044450422656
 10
1279.2054193209676
 20
601.1528831758062
 10
1275.331571533203
 20
600.5133083175713
 10
1271.4241877538086
 20
600.1284646056837
 10
1267.5
 20
600.0
  0
LINE
  5
224
330
17
100
AcDbEntity
  8
M-KPKS-AHSAP
100
AcDbLine
 10
1252.5
 20
660.0
 30
0.0
 11
1267.5
 21
660.0
 31
0.0
  0
LINE
  5
225
330
17
100
AcDbEntity
  8
M-KPKS-AHSAP
100
AcDbLine
 10
1252.5
 20
600.0
 30
0.0
 11
1267.5
 21
600.0
 31
0.0
  0
LINE
  5
226
330
17
100
AcDbEntity
  8
M-KPKN-AHSAP
100
AcDbLine
 10
1407.5
 20
1380.0
 30
0.0
 11
1497.5
 21
1380.0
 31
0.0
  0
LWPOLYLINE
  5
227
330
17
100
AcDbEntity
  8
M-GOST-ACYONU
100
AcDbPolyline
 90
25
 70
0
 10
1497.5
 20
1380.0
 10
1497.3073030914743
 20
1374.1137183692872
 10
1496.7300375236427
 20
1368.2526427001953
 10
1495.7706752362906
 20
1362.4418710185485
 10
1494.4333243660162
 20
1356.7062859407731
 10
1492.7237116545596
 20
1351.0704481227153
 10
1490.6491579260157
 20
1345.558491087142
 10
1488.218546737942
 20
1340.19401788029
 10
1485.4422863405994
 20
1335.0
 10
1482.3322651072292
 20
1329.9986790282358
 10
1478.901800626211
 20
1325.2114713892151
 10
1475.1655826731078
 20
1320.6588766409939
 10
1471.139610306789
 20
1316.360389693211
 10
1466.8411233590061
 20
1312.334417326892
 10
1462.2885286107849
 20
1308.598199373789
 10
1457.5013209717642
 20
1305.167734892771
 10
1452.5
 20
1302.0577136594006
 10
1447.30598211971
 20
1299.281453262058
 10
1441.941508912858
 20
1296.8508420739843
 10
1436.4295518772847
 20
1294.7762883454404
 10
1430.793714059227
 20
1293.0666756339838
 10
1425.0581289814518
 20
1291.7293247637094
 10
1419.2473572998047
 20
1290.769962476357
 10
1413.3862816307128
 20
1290.1926969085257
 10
1407.5
 20
1290.0
  0
LINE
  5
228
330
17
100
AcDbEntity
  8
M-KPKS-AHSAP
100
AcDbLine
 10
1392.5
 20
1380.0
 30
0.0
 11
1407.5
 21
1380.0
 31
0.0
  0
LINE
  5
229
330
17
100
AcDbEntity
  8
M-KPKS-AHSAP
100
AcDbLine
 10
1392.5
 20
1290.0
 30
0.0
 11
1407.5
 21
1290.0
 31
0.0
  0
LINE
  5
22A
330
17
100
AcDbEntity
  8
M-KPKN-AHSAP
100
AcDbLine
 10
1455.0
 20
1032.5
 30
0.0
 11
1455.0
 21
942.5
 31
0.0
  0
LWPOLYLINE
  5
22B
330
17
100
AcDbEntity
  8
M-GOST-ACYONU
100
AcDbPolyline
 90
25
 70
0
 10
1455.0
 20
942.5
 10
1460.8862816307128
 20
942.6926969085258
 10
1466.7473572998047
 20
943.2699624763573
 10
1472.5581289814518
 20
944.2293247637093
 10
1478.293714059227
 20
945.5666756339838
 10
1483.9295518772847
 20
947.2762883454404
 10
1489.441508912858
 20
949.3508420739843
 10
1494.80598211971
 20
951.781453262058
 10
1500.0
 20
954.5577136594005
 10
1505.0013209717642
 20
957.6677348927708
 10
1509.7885286107849
 20
961.0981993737889
 10
1514.3411233590061
 20
964.834417326892
 10
1518.639610306789
 20
968.8603896932108
 10
1522.6655826731078
 20
973.1588766409938
 10
1526.401800626211
 20
977.7114713892151
 10
1529.8322651072292
 20
982.4986790282358
 10
1532.9422863405994
 20
987.5
 10
1535.718546737942
 20
992.6940178802898
 10
1538.1491579260157
 20
998.058491087142
 10
1540.2237116545596
 20
1003.5704481227153
 10
1541.9333243660162
 20
1009.2062859407731
 10
1543.2706752362906
 20
1014.9418710185485
 10
1544.2300375236427
 20
1020.7526427001953
 10
1544.8073030914743
 20
1026.6137183692872
 10
1545.0
 20
1032.5
  0
LINE
  5
22C
330
17
100
AcDbEntity
  8
M-KPKS-AHSAP
100
AcDbLine
 10
1455.0
 20
1047.5
 30
0.0
 11
1455.0
 21
1032.5
 31
0.0
  0
LINE
  5
22D
330
17
100
AcDbEntity
  8
M-KPKS-AHSAP
100
AcDbLine
 10
1545.0
 20
1047.5
 30
0.0
 11
1545.0
 21
1032.5
 31
0.0
  0
LINE
  5
22E
330
17
100
AcDbEntity
  8
M-KPKN-AHSAP
100
AcDbLine
 10
1667.5
 20
1000.0
 30
0.0
 11
1747.5
 21
1000.0
 31
0.0
  0
LWPOLYLINE
  5
22F
330
17
100
AcDbEntity
  8
M-GOST-ACYONU
100
AcDbPolyline
 90
25
 70
0
 10
1747.5
 20
1000.0
 10
1747.328713859088
 20
994.7677496615886
 10
1746.8155889099048
 20
989.5579046223959
 10
1745.9628224322587
 20
984.3927742387098
 10
1744.7740661031255
 20
979.2944763917984
 10
1743.2544103596083
 20
974.2848427757472
 10
1741.4103626009028
 20
969.3853254107928
 10
1739.2498193226152
 20
964.6169047824799
 10
1736.782032302755
 20
960.0
 10
1734.0175689842035
 20
955.5543813584319
 10
1730.9682672232989
 20
951.2990856793024
 10
1727.647184598318
 20
947.2523347919946
 10
1724.0685424949238
 20
943.4314575050763
 10
1720.2476652080054
 20
939.8528154016819
 10
1716.2009143206976
 20
936.5317327767011
 10
1711.9456186415682
 20
933.4824310157965
 10
1707.5
 20
930.7179676972451
 10
1702.8830952175201
 20
928.2501806773848
 10
1698.1146745892074
 20
926.0896373990971
 10
1693.2151572242528
 20
924.2455896403917
 10
1688.2055236082015
 20
922.7259338968745
 10
1683.1072257612902
 20
921.5371775677414
 10
1677.9420953776043
 20
920.6844110900952
 10
1672.7322503384116
 20
920.1712861409118
 10
1667.5
 20
920.0
  0
LINE
  5
230
330
17
100
AcDbEntity
  8
M-KPKS-AHSAP
100
AcDbLine
 10
1652.5000000000002
 20
1000.0
 30
0.0
 11
1667.5
 21
1000.0
 31
0.0
  0
LINE
  5
231
330
17
100
AcDbEntity
  8
M-KPKS-AHSAP
100
AcDbLine
 10
1652.5000000000002
 20
920.0
 30
0.0
 11
1667.5
 21
920.0
 31
0.0
  0
LINE
  5
232
330
17
100
AcDbEntity
  8
M-KPKN-AHSAP
100
AcDbLine
 10
1407.5
 20
700.0
 30
0.0
 11
1497.5
 21
700.0
 31
0.0
  0
LWPOLYLINE
  5
233
330
17
100
AcDbEntity
  8
M-GOST-ACYONU
100
AcDbPolyline
 90
25
 70
0
 10
1497.5
 20
700.0
 10
1497.3073030914743
 20
694.1137183692871
 10
1496.7300375236427
 20
688.2526427001955
 10
1495.7706752362906
 20
682.4418710185483
 10
1494.4333243660162
 20
676.706285940773
 10
1492.7237116545596
 20
671.0704481227153
 10
1490.6491579260157
 20
665.558491087142
 10
1488.218546737942
 20
660.19401788029
 10
1485.4422863405994
 20
655.0
 10
1482.3322651072292
 20
649.9986790282358
 10
1478.901800626211
 20
645.2114713892151
 10
1475.1655826731078
 20
640.6588766409939
 10
1471.139610306789
 20
636.3603896932108
 10
1466.8411233590061
 20
632.3344173268922
 10
1462.2885286107849
 20
628.5981993737889
 10
1457.5013209717642
 20
625.1677348927708
 10
1452.5
 20
622.0577136594005
 10
1447.30598211971
 20
619.281453262058
 10
1441.941508912858
 20
616.8508420739843
 10
1436.4295518772847
 20
614.7762883454404
 10
1430.793714059227
 20
613.0666756339838
 10
1425.0581289814518
 20
611.7293247637093
 10
1419.2473572998047
 20
610.7699624763573
 10
1413.3862816307128
 20
610.1926969085258
 10
1407.5
 20
610.0
  0
LINE
  5
234
330
17
100
AcDbEntity
  8
M-KPKS-AHSAP
100
AcDbLine
 10
1392.5
 20
700.0
 30
0.0
 11
1407.5
 21
700.0
 31
0.0
  0
LINE
  5
235
330
17
100
AcDbEntity
  8
M-KPKS-AHSAP
100
AcDbLine
 10
1392.5
 20
610.0
 30
0.0
 11
1407.5
 21
610.0
 31
0.0
  0
LINE
  5
236
330
17
100
AcDbEntity
  8
M-KPKN-AHSAP
100
AcDbLine
 10
1285.0
 20
512.5
 30
0.0
 11
1285.0
 21
422.5
 31
0.0
  0
LWPOLYLINE
  5
237
330
17
100
AcDbEntity
  8
M-GOST-ACYONU
100
AcDbPolyline
 90
25
 70
0
 10
1285.0
 20
422.5
 10
1290.8862816307128
 20
422.6926969085257
 10
1296.7473572998047
 20
423.26996247635725
 10
1302.5581289814518
 20
424.2293247637094
 10
1308.293714059227
 20
425.5666756339838
 10
1313.9295518772847
 20
427.27628834544043
 10
1319.441508912858
 20
429.35084207398427
 10
1324.80598211971
 20
431.781453262058
 10
1330.0
 20
434.55771365940063
 10
1335.0013209717642
 20
437.6677348927708
 10
1339.7885286107849
 20
441.09819937378893
 10
1344.3411233590061
 20
444.8344173268922
 10
1348.639610306789
 20
448.8603896932109
 10
1352.6655826731078
 20
453.15887664099387
 10
1356.401800626211
 20
457.71147138921515
 10
1359.8322651072292
 20
462.49867902823576
 10
1362.9422863405994
 20
467.5
 10
1365.718546737942
 20
472.69401788028995
 10
1368.1491579260157
 20
478.058491087142
 10
1370.2237116545596
 20
483.57044812271533
 10
1371.9333243660162
 20
489.206285940773
 10
1373.2706752362906
 20
494.94187101854834
 10
1374.2300375236427
 20
500.75264270019545
 10
1374.8073030914743
 20
506.6137183692871
 10
1375.0
 20
512.5
  0
LINE
  5
238
330
17
100
AcDbEntity
  8
M-KPKS-AHSAP
100
AcDbLine
 10
1285.0
 20
527.5
 30
0.0
 11
1285.0
 21
512.5
 31
0.0
  0
LINE
  5
239
330
17
100
AcDbEntity
  8
M-KPKS-AHSAP
100
AcDbLine
 10
1375.0
 20
527.5
 30
0.0
 11
1375.0
 21
512.5
 31
0.0
  0
LINE
  5
23A
330
17
100
AcDbEntity
  8
M-KPKN-AHSAP
100
AcDbLine
 10
1930.0
 20
527.5
 30
0.0
 11
1930.0
 21
607.5
 31
0.0
  0
LWPOLYLINE
  5
23B
330
17
100
AcDbEntity
  8
M-GOST-ACYONU
100
AcDbPolyline
 90
25
 70
0
 10
1930.0
 20
607.5
 10
1924.7677496615884
 20
607.3287138590882
 10
1919.5579046223957
 20
606.8155889099048
 10
1914.3927742387098
 20
605.9628224322586
 10
1909.2944763917985
 20
604.7740661031255
 10
1904.2848427757472
 20
603.2544103596083
 10
1899.3853254107926
 20
601.4103626009029
 10
1894.6169047824799
 20
599.2498193226152
 10
1890.0
 20
596.7820323027549
 10
1885.5543813584318
 20
594.0175689842035
 10
1881.2990856793024
 20
590.9682672232989
 10
1877.2523347919946
 20
587.6471845983181
 10
1873.4314575050762
 20
584.0685424949237
 10
1869.852815401682
 20
580.2476652080054
 10
1866.5317327767011
 20
576.2009143206976
 10
1863.4824310157965
 20
571.9456186415681
 10
1860.717967697245
 20
567.5
 10
1858.2501806773848
 20
562.8830952175201
 10
1856.0896373990972
 20
558.1146745892073
 10
1854.2455896403917
 20
553.2151572242528
 10
1852.7259338968745
 20
548.2055236082016
 10
1851.5371775677413
 20
543.1072257612902
 10
1850.6844110900952
 20
537.9420953776042
 10
1850.171286140912
 20
532.7322503384116
 10
1850.0
 20
527.5
  0
LINE
  5
23C
330
17
100
AcDbEntity
  8
M-KPKS-AHSAP
100
AcDbLine
 10
1850.0
 20
527.5
 30
0.0
 11
1850.0
 21
512.5
 31
0.0
  0
LINE
  5
23D
330
17
100
AcDbEntity
  8
M-KPKS-AHSAP
100
AcDbLine
 10
1930.0
 20
527.5
 30
0.0
 11
1930.0
 21
512.5
 31
0.0
  0
LINE
  5
23F
330
17
100
AcDbEntity
  8
M-PNKS-ALUMINYUM
100
AcDbLine
 10
160.0
 20
1500.0
 30
0.0
 11
420.0
 21
1500.0
 31
0.0
  0
LINE
  5
240
330
17
100
AcDbEntity
  8
M-PNKS-ALUMINYUM
100
AcDbLine
 10
160.0
 20
1465.0
 30
0.0
 11
420.0
 21
1465.0
 31
0.0
  0
LWPOLYLINE
  5
241
330
17
100
AcDbEntity
  8
M-PNKS-ALUMINYUM
100
AcDbPolyline
 90
4
 70
1
 10
160.0
 20
1488.0
 10
420.0
 20
1488.0
 10
420.0
 20
1480.0
 10
160.0
 20
1480.0
  0
LINE
  5
242
330
17
100
AcDbEntity
  8
M-PNKS-ALUMINYUM
100
AcDbLine
 10
160.0
 20
1504.0
 30
0.0
 11
420.0
 21
1504.0
 31
0.0
  0
LINE
  5
243
330
17
100
AcDbEntity
  8
M-PNKS-ALUMINYUM
100
AcDbLine
 10
160.0
 20
1504.0
 30
0.0
 11
420.0
 21
1504.0
 31
0.0
  0
LINE
  5
244
330
17
100
AcDbEntity
  8
M-PNKS-ALUMINYUM
100
AcDbLine
 10
160.0
 20
1500.0
 30
0.0
 11
160.0
 21
1465.0
 31
0.0
  0
LINE
  5
245
330
17
100
AcDbEntity
  8
M-PNKS-ALUMINYUM
100
AcDbLine
 10
420.0
 20
1500.0
 30
0.0
 11
420.0
 21
1465.0
 31
0.0
  0
LINE
  5
246
330
17
100
AcDbEntity
  8
M-PNKS-ALUMINYUM
100
AcDbLine
 10
630.0
 20
1500.0
 30
0.0
 11
730.0
 21
1500.0
 31
0.0
  0
LINE
  5
247
330
17
100
AcDbEntity
  8
M-PNKS-ALUMINYUM
100
AcDbLine
 10
630.0
 20
1465.0
 30
0.0
 11
730.0
 21
1465.0
 31
0.0
  0
LWPOLYLINE
  5
248
330
17
100
AcDbEntity
  8
M-PNKS-ALUMINYUM
100
AcDbPolyline
 90
4
 70
1
 10
630.0
 20
1488.0
 10
730.0
 20
1488.0
 10
730.0
 20
1480.0
 10
630.0
 20
1480.0
  0
LINE
  5
249
330
17
100
AcDbEntity
  8
M-PNKS-ALUMINYUM
100
AcDbLine
 10
630.0
 20
1504.0
 30
0.0
 11
730.0
 21
1504.0
 31
0.0
  0
LINE
  5
24A
330
17
100
AcDbEntity
  8
M-PNKS-ALUMINYUM
100
AcDbLine
 10
630.0
 20
1504.0
 30
0.0
 11
730.0
 21
1504.0
 31
0.0
  0
LINE
  5
24B
330
17
100
AcDbEntity
  8
M-PNKS-ALUMINYUM
100
AcDbLine
 10
630.0
 20
1500.0
 30
0.0
 11
630.0
 21
1465.0
 31
0.0
  0
LINE
  5
24C
330
17
100
AcDbEntity
  8
M-PNKS-ALUMINYUM
100
AcDbLine
 10
730.0
 20
1500.0
 30
0.0
 11
730.0
 21
1465.0
 31
0.0
  0
LINE
  5
24D
330
17
100
AcDbEntity
  8
M-PNKS-ALUMINYUM
100
AcDbLine
 10
830.0
 20
1500.0
 30
0.0
 11
970.0
 21
1500.0
 31
0.0
  0
LINE
  5
24E
330
17
100
AcDbEntity
  8
M-PNKS-ALUMINYUM
100
AcDbLine
 10
830.0
 20
1465.0
 30
0.0
 11
970.0
 21
1465.0
 31
0.0
  0
LWPOLYLINE
  5
24F
330
17
100
AcDbEntity
  8
M-PNKS-ALUMINYUM
100
AcDbPolyline
 90
4
 70
1
 10
830.0
 20
1488.0
 10
970.0
 20
1488.0
 10
970.0
 20
1480.0
 10
830.0
 20
1480.0
  0
LINE
  5
250
330
17
100
AcDbEntity
  8
M-PNKS-ALUMINYUM
100
AcDbLine
 10
830.0
 20
1500.0
 30
0.0
 11
830.0
 21
1465.0
 31
0.0
  0
LINE
  5
251
330
17
100
AcDbEntity
  8
M-PNKS-ALUMINYUM
100
AcDbLine
 10
970.0
 20
1500.0
 30
0.0
 11
970.0
 21
1465.0
 31
0.0
  0
LINE
  5
252
330
17
100
AcDbEntity
  8
M-PNKS-ALUMINYUM
100
AcDbLine
 10
1020.0
 20
1500.0
 30
0.0
 11
1200.0
 21
1500.0
 31
0.0
  0
LINE
  5
253
330
17
100
AcDbEntity
  8
M-PNKS-ALUMINYUM
100
AcDbLine
 10
1020.0
 20
1465.0
 30
0.0
 11
1200.0
 21
1465.0
 31
0.0
  0
LWPOLYLINE
  5
254
330
17
100
AcDbEntity
  8
M-PNKS-ALUMINYUM
100
AcDbPolyline
 90
4
 70
1
 10
1020.0
 20
1488.0
 10
1200.0
 20
1488.0
 10
1200.0
 20
1480.0
 10
1020.0
 20
1480.0
  0
LINE
  5
255
330
17
100
AcDbEntity
  8
M-PNKS-ALUMINYUM
100
AcDbLine
 10
1020.0
 20
1504.0
 30
0.0
 11
1200.0
 21
1504.0
 31
0.0
  0
LINE
  5
256
330
17
100
AcDbEntity
  8
M-PNKS-ALUMINYUM
100
AcDbLine
 10
1020.0
 20
1504.0
 30
0.0
 11
1200.0
 21
1504.0
 31
0.0
  0
LINE
  5
257
330
17
100
AcDbEntity
  8
M-PNKS-ALUMINYUM
100
AcDbLine
 10
1020.0
 20
1500.0
 30
0.0
 11
1020.0
 21
1465.0
 31
0.0
  0
LINE
  5
258
330
17
100
AcDbEntity
  8
M-PNKS-ALUMINYUM
100
AcDbLine
 10
1200.0
 20
1500.0
 30
0.0
 11
1200.0
 21
1465.0
 31
0.0
  0
LINE
  5
259
330
17
100
AcDbEntity
  8
M-PNKS-ALUMINYUM
100
AcDbLine
 10
1540.0
 20
1500.0
 30
0.0
 11
1860.0
 21
1500.0
 31
0.0
  0
LINE
  5
25A
330
17
100
AcDbEntity
  8
M-PNKS-ALUMINYUM
100
AcDbLine
 10
1540.0
 20
1465.0
 30
0.0
 11
1860.0
 21
1465.0
 31
0.0
  0
LWPOLYLINE
  5
25B
330
17
100
AcDbEntity
  8
M-PNKS-ALUMINYUM
100
AcDbPolyline
 90
4
 70
1
 10
1540.0
 20
1488.0
 10
1860.0
 20
1488.0
 10
1860.0
 20
1480.0
 10
1540.0
 20
1480.0
  0
LINE
  5
25C
330
17
100
AcDbEntity
  8
M-PNKS-ALUMINYUM
100
AcDbLine
 10
1540.0
 20
1504.0
 30
0.0
 11
1860.0
 21
1504.0
 31
0.0
  0
LINE
  5
25D
330
17
100
AcDbEntity
  8
M-PNKS-ALUMINYUM
100
AcDbLine
 10
1540.0
 20
1504.0
 30
0.0
 11
1860.0
 21
1504.0
 31
0.0
  0
LINE
  5
25E
330
17
100
AcDbEntity
  8
M-PNKS-ALUMINYUM
100
AcDbLine
 10
1540.0
 20
1500.0
 30
0.0
 11
1540.0
 21
1465.0
 31
0.0
  0
LINE
  5
25F
330
17
100
AcDbEntity
  8
M-PNKS-ALUMINYUM
100
AcDbLine
 10
1860.0
 20
1500.0
 30
0.0
 11
1860.0
 21
1465.0
 31
0.0
  0
LINE
  5
260
330
17
100
AcDbEntity
  8
M-PNKS-ALUMINYUM
100
AcDbLine
 10
0.0
 20
1380.0
 30
0.0
 11
0.0
 21
1120.0
 31
0.0
  0
LINE
  5
261
330
17
100
AcDbEntity
  8
M-PNKS-ALUMINYUM
100
AcDbLine
 10
35.0
 20
1380.0
 30
0.0
 11
35.0
 21
1120.0
 31
0.0
  0
LWPOLYLINE
  5
262
330
17
100
AcDbEntity
  8
M-PNKS-ALUMINYUM
100
AcDbPolyline
 90
4
 70
1
 10
12.000000000000028
 20
1380.0
 10
20.0
 20
1380.0
 10
20.0
 20
1120.0
 10
12.000000000000028
 20
1120.0
  0
LINE
  5
263
330
17
100
AcDbEntity
  8
M-PNKS-ALUMINYUM
100
AcDbLine
 10
-3.999999999999986
 20
1380.0
 30
0.0
 11
-3.999999999999986
 21
1120.0
 31
0.0
  0
LINE
  5
264
330
17
100
AcDbEntity
  8
M-PNKS-ALUMINYUM
100
AcDbLine
 10
-3.999999999999986
 20
1380.0
 30
0.0
 11
-3.999999999999986
 21
1120.0
 31
0.0
  0
LINE
  5
265
330
17
100
AcDbEntity
  8
M-PNKS-ALUMINYUM
100
AcDbLine
 10
0.0
 20
1380.0
 30
0.0
 11
35.0
 21
1380.0
 31
0.0
  0
LINE
  5
266
330
17
100
AcDbEntity
  8
M-PNKS-ALUMINYUM
100
AcDbLine
 10
0.0
 20
1120.0
 30
0.0
 11
35.0
 21
1120.0
 31
0.0
  0
LINE
  5
267
330
17
100
AcDbEntity
  8
M-PNKS-ALUMINYUM
100
AcDbLine
 10
0.0
 20
880.0
 30
0.0
 11
0.0
 21
640.0
 31
0.0
  0
LINE
  5
268
330
17
100
AcDbEntity
  8
M-PNKS-ALUMINYUM
100
AcDbLine
 10
35.0
 20
880.0
 30
0.0
 11
35.0
 21
640.0
 31
0.0
  0
LWPOLYLINE
  5
269
330
17
100
AcDbEntity
  8
M-PNKS-ALUMINYUM
100
AcDbPolyline
 90
4
 70
1
 10
12.000000000000028
 20
880.0
 10
20.0
 20
880.0
 10
20.0
 20
640.0
 10
12.000000000000028
 20
640.0
  0
LINE
  5
26A
330
17
100
AcDbEntity
  8
M-PNKS-ALUMINYUM
100
AcDbLine
 10
-3.999999999999986
 20
880.0
 30
0.0
 11
-3.999999999999986
 21
640.0
 31
0.0
  0
LINE
  5
26B
330
17
100
AcDbEntity
  8
M-PNKS-ALUMINYUM
100
AcDbLine
 10
-3.999999999999986
 20
880.0
 30
0.0
 11
-3.999999999999986
 21
640.0
 31
0.0
  0
LINE
  5
26C
330
17
100
AcDbEntity
  8
M-PNKS-ALUMINYUM
100
AcDbLine
 10
0.0
 20
880.0
 30
0.0
 11
35.0
 21
880.0
 31
0.0
  0
LINE
  5
26D
330
17
100
AcDbEntity
  8
M-PNKS-ALUMINYUM
100
AcDbLine
 10
0.0
 20
640.0
 30
0.0
 11
35.0
 21
640.0
 31
0.0
  0
LINE
  5
26E
330
17
100
AcDbEntity
  8
M-PNKS-ALUMINYUM
100
AcDbLine
 10
0.0
 20
370.0
 30
0.0
 11
0.0
 21
110.0
 31
0.0
  0
LINE
  5
26F
330
17
100
AcDbEntity
  8
M-PNKS-ALUMINYUM
100
AcDbLine
 10
35.0
 20
370.0
 30
0.0
 11
35.0
 21
110.0
 31
0.0
  0
LWPOLYLINE
  5
270
330
17
100
AcDbEntity
  8
M-PNKS-ALUMINYUM
100
AcDbPolyline
 90
4
 70
1
 10
12.000000000000028
 20
370.0
 10
20.0
 20
370.0
 10
20.0
 20
110.0
 10
12.000000000000028
 20
110.0
  0
LINE
  5
271
330
17
100
AcDbEntity
  8
M-PNKS-ALUMINYUM
100
AcDbLine
 10
-3.999999999999986
 20
370.0
 30
0.0
 11
-3.999999999999986
 21
110.0
 31
0.0
  0
LINE
  5
272
330
17
100
AcDbEntity
  8
M-PNKS-ALUMINYUM
100
AcDbLine
 10
-3.999999999999986
 20
370.0
 30
0.0
 11
-3.999999999999986
 21
110.0
 31
0.0
  0
LINE
  5
273
330
17
100
AcDbEntity
  8
M-PNKS-ALUMINYUM
100
AcDbLine
 10
0.0
 20
370.0
 30
0.0
 11
35.0
 21
370.0
 31
0.0
  0
LINE
  5
274
330
17
100
AcDbEntity
  8
M-PNKS-ALUMINYUM
100
AcDbLine
 10
0.0
 20
110.0
 30
0.0
 11
35.0
 21
110.0
 31
0.0
  0
LWPOLYLINE
  5
275
330
17
100
AcDbEntity
  8
M-PNKS-ALUMINYUM
100
AcDbPolyline
 90
4
 70
1
 10
180.0
 20
15.499999999999773
 10
394.00000000000006
 20
15.499999999999773
 10
394.00000000000006
 20
9.999999999999773
 10
180.0
 20
9.999999999999773
  0
LWPOLYLINE
  5
276
330
17
100
AcDbEntity
  8
M-PNKS-ALUMINYUM
100
AcDbPolyline
 90
4
 70
1
 10
385.99999999999994
 20
23.0
 10
600.0
 20
23.0
 10
600.0
 20
17.5
 10
385.99999999999994
 20
17.5
  0
LINE
  5
277
330
17
100
AcDbEntity
  8
M-PNKS-ALUMINYUM
100
AcDbLine
 10
180.0
 20
0.0
 30
0.0
 11
600.0
 21
0.0
 31
0.0
  0
LINE
  5
278
330
17
100
AcDbEntity
  8
M-PNKS-ALUMINYUM
100
AcDbLine
 10
180.0
 20
35.0
 30
0.0
 11
600.0
 21
35.0
 31
0.0
  0
LINE
  5
279
330
17
100
AcDbEntity
  8
M-PNKS-ALUMINYUM
100
AcDbLine
 10
180.0
 20
35.0
 30
0.0
 11
180.0
 21
0.0
 31
0.0
  0
LINE
  5
27A
330
17
100
AcDbEntity
  8
M-PNKS-ALUMINYUM
100
AcDbLine
 10
600.0
 20
35.0
 30
0.0
 11
600.0
 21
0.0
 31
0.0
  0
LINE
  5
27B
330
17
100
AcDbEntity
  8
M-PNKS-ALUMINYUM
100
AcDbLine
 10
860.0
 20
0.0
 30
0.0
 11
1180.0
 21
0.0
 31
0.0
  0
LINE
  5
27C
330
17
100
AcDbEntity
  8
M-PNKS-ALUMINYUM
100
AcDbLine
 10
860.0
 20
35.0
 30
0.0
 11
1180.0
 21
35.0
 31
0.0
  0
LWPOLYLINE
  5
27D
330
17
100
AcDbEntity
  8
M-PNKS-ALUMINYUM
100
AcDbPolyline
 90
4
 70
1
 10
860.0
 20
20.0
 10
1180.0
 20
20.0
 10
1180.0
 20
12.0
 10
860.0
 20
12.0
  0
LINE
  5
27E
330
17
100
AcDbEntity
  8
M-PNKS-ALUMINYUM
100
AcDbLine
 10
860.0
 20
-3.9999999999997726
 30
0.0
 11
1180.0
 21
-3.9999999999997726
 31
0.0
  0
LINE
  5
27F
330
17
100
AcDbEntity
  8
M-PNKS-ALUMINYUM
100
AcDbLine
 10
860.0
 20
-3.9999999999997726
 30
0.0
 11
1180.0
 21
-3.9999999999997726
 31
0.0
  0
LINE
  5
280
330
17
100
AcDbEntity
  8
M-PNKS-ALUMINYUM
100
AcDbLine
 10
860.0
 20
35.0
 30
0.0
 11
860.0
 21
0.0
 31
0.0
  0
LINE
  5
281
330
17
100
AcDbEntity
  8
M-PNKS-ALUMINYUM
100
AcDbLine
 10
1180.0
 20
35.0
 30
0.0
 11
1180.0
 21
0.0
 31
0.0
  0
LWPOLYLINE
  5
282
330
17
100
AcDbEntity
  8
M-PNKS-ALUMINYUM
100
AcDbPolyline
 90
4
 70
1
 10
1340.0
 20
15.499999999999773
 10
1614.0
 20
15.499999999999773
 10
1614.0
 20
9.999999999999773
 10
1340.0
 20
9.999999999999773
  0
LWPOLYLINE
  5
283
330
17
100
AcDbEntity
  8
M-PNKS-ALUMINYUM
100
AcDbPolyline
 90
4
 70
1
 10
1606.0000000000002
 20
23.0
 10
1880.0
 20
23.0
 10
1880.0
 20
17.5
 10
1606.0000000000002
 20
17.5
  0
LINE
  5
284
330
17
100
AcDbEntity
  8
M-PNKS-ALUMINYUM
100
AcDbLine
 10
1340.0
 20
0.0
 30
0.0
 11
1880.0
 21
0.0
 31
0.0
  0
LINE
  5
285
330
17
100
AcDbEntity
  8
M-PNKS-ALUMINYUM
100
AcDbLine
 10
1340.0
 20
35.0
 30
0.0
 11
1880.0
 21
35.0
 31
0.0
  0
LINE
  5
286
330
17
100
AcDbEntity
  8
M-PNKS-ALUMINYUM
100
AcDbLine
 10
1340.0
 20
35.0
 30
0.0
 11
1340.0
 21
0.0
 31
0.0
  0
LINE
  5
287
330
17
100
AcDbEntity
  8
M-PNKS-ALUMINYUM
100
AcDbLine
 10
1880.0
 20
35.0
 30
0.0
 11
1880.0
 21
0.0
 31
0.0
  0
LINE
  5
288
330
17
100
AcDbEntity
  8
M-PNKS-ALUMINYUM
100
AcDbLine
 10
2000.0
 20
1400.0
 30
0.0
 11
2000.0
 21
1140.0
 31
0.0
  0
LINE
  5
289
330
17
100
AcDbEntity
  8
M-PNKS-ALUMINYUM
100
AcDbLine
 10
1965.0
 20
1400.0
 30
0.0
 11
1965.0
 21
1140.0
 31
0.0
  0
LWPOLYLINE
  5
28A
330
17
100
AcDbEntity
  8
M-PNKS-ALUMINYUM
100
AcDbPolyline
 90
4
 70
1
 10
1980.0
 20
1400.0
 10
1988.0
 20
1400.0
 10
1988.0
 20
1140.0
 10
1980.0
 20
1140.0
  0
LINE
  5
28B
330
17
100
AcDbEntity
  8
M-PNKS-ALUMINYUM
100
AcDbLine
 10
2003.9999999999998
 20
1400.0
 30
0.0
 11
2003.9999999999998
 21
1140.0
 31
0.0
  0
LINE
  5
28C
330
17
100
AcDbEntity
  8
M-PNKS-ALUMINYUM
100
AcDbLine
 10
2003.9999999999998
 20
1400.0
 30
0.0
 11
2003.9999999999998
 21
1140.0
 31
0.0
  0
LINE
  5
28D
330
17
100
AcDbEntity
  8
M-PNKS-ALUMINYUM
100
AcDbLine
 10
1965.0
 20
1400.0
 30
0.0
 11
2000.0
 21
1400.0
 31
0.0
  0
LINE
  5
28E
330
17
100
AcDbEntity
  8
M-PNKS-ALUMINYUM
100
AcDbLine
 10
1965.0
 20
1140.0
 30
0.0
 11
2000.0
 21
1140.0
 31
0.0
  0
LINE
  5
28F
330
17
100
AcDbEntity
  8
M-PNKS-ALUMINYUM
100
AcDbLine
 10
2000.0
 20
930.0
 30
0.0
 11
2000.0
 21
830.0
 31
0.0
  0
LINE
  5
290
330
17
100
AcDbEntity
  8
M-PNKS-ALUMINYUM
100
AcDbLine
 10
1965.0
 20
930.0
 30
0.0
 11
1965.0
 21
830.0
 31
0.0
  0
LWPOLYLINE
  5
291
330
17
100
AcDbEntity
  8
M-PNKS-ALUMINYUM
100
AcDbPolyline
 90
4
 70
1
 10
1980.0
 20
930.0
 10
1988.0
 20
930.0
 10
1988.0
 20
830.0
 10
1980.0
 20
830.0
  0
LINE
  5
292
330
17
100
AcDbEntity
  8
M-PNKS-ALUMINYUM
100
AcDbLine
 10
2003.9999999999998
 20
930.0
 30
0.0
 11
2003.9999999999998
 21
830.0
 31
0.0
  0
LINE
  5
293
330
17
100
AcDbEntity
  8
M-PNKS-ALUMINYUM
100
AcDbLine
 10
2003.9999999999998
 20
930.0
 30
0.0
 11
2003.9999999999998
 21
830.0
 31
0.0
  0
LINE
  5
294
330
17
100
AcDbEntity
  8
M-PNKS-ALUMINYUM
100
AcDbLine
 10
1965.0
 20
930.0
 30
0.0
 11
2000.0
 21
930.0
 31
0.0
  0
LINE
  5
295
330
17
100
AcDbEntity
  8
M-PNKS-ALUMINYUM
100
AcDbLine
 10
1965.0
 20
830.0
 30
0.0
 11
2000.0
 21
830.0
 31
0.0
  0
LINE
  5
296
330
17
100
AcDbEntity
  8
M-PNKS-ALUMINYUM
100
AcDbLine
 10
2000.0
 20
700.0
 30
0.0
 11
2000.0
 21
600.0
 31
0.0
  0
LINE
  5
297
330
17
100
AcDbEntity
  8
M-PNKS-ALUMINYUM
100
AcDbLine
 10
1965.0
 20
700.0
 30
0.0
 11
1965.0
 21
600.0
 31
0.0
  0
LWPOLYLINE
  5
298
330
17
100
AcDbEntity
  8
M-PNKS-ALUMINYUM
100
AcDbPolyline
 90
4
 70
1
 10
1980.0
 20
700.0
 10
1988.0
 20
700.0
 10
1988.0
 20
600.0
 10
1980.0
 20
600.0
  0
LINE
  5
299
330
17
100
AcDbEntity
  8
M-PNKS-ALUMINYUM
100
AcDbLine
 10
2003.9999999999998
 20
700.0
 30
0.0
 11
2003.9999999999998
 21
600.0
 31
0.0
  0
LINE
  5
29A
330
17
100
AcDbEntity
  8
M-PNKS-ALUMINYUM
100
AcDbLine
 10
2003.9999999999998
 20
700.0
 30
0.0
 11
2003.9999999999998
 21
600.0
 31
0.0
  0
LINE
  5
29B
330
17
100
AcDbEntity
  8
M-PNKS-ALUMINYUM
100
AcDbLine
 10
1965.0
 20
700.0
 30
0.0
 11
2000.0
 21
700.0
 31
0.0
  0
LINE
  5
29C
330
17
100
AcDbEntity
  8
M-PNKS-ALUMINYUM
100
AcDbLine
 10
1965.0
 20
600.0
 30
0.0
 11
2000.0
 21
600.0
 31
0.0
  0
LINE
  5
29D
330
17
100
AcDbEntity
  8
M-PNKS-ALUMINYUM
100
AcDbLine
 10
2000.0
 20
420.0
 30
0.0
 11
2000.0
 21
100.0
 31
0.0
  0
LINE
  5
29E
330
17
100
AcDbEntity
  8
M-PNKS-ALUMINYUM
100
AcDbLine
 10
1965.0
 20
420.0
 30
0.0
 11
1965.0
 21
100.0
 31
0.0
  0
LWPOLYLINE
  5
29F
330
17
100
AcDbEntity
  8
M-PNKS-ALUMINYUM
100
AcDbPolyline
 90
4
 70
1
 10
1980.0
 20
420.0
 10
1988.0
 20
420.0
 10
1988.0
 20
100.0
 10
1980.0
 20
100.0
  0
LINE
  5
2A0
330
17
100
AcDbEntity
  8
M-PNKS-ALUMINYUM
100
AcDbLine
 10
2003.9999999999998
 20
420.0
 30
0.0
 11
2003.9999999999998
 21
100.0
 31
0.0
  0
LINE
  5
2A1
330
17
100
AcDbEntity
  8
M-PNKS-ALUMINYUM
100
AcDbLine
 10
2003.9999999999998
 20
420.0
 30
0.0
 11
2003.9999999999998
 21
100.0
 31
0.0
  0
LINE
  5
2A2
330
17
100
AcDbEntity
  8
M-PNKS-ALUMINYUM
100
AcDbLine
 10
1965.0
 20
420.0
 30
0.0
 11
2000.0
 21
420.0
 31
0.0
  0
LINE
  5
2A3
330
17
100
AcDbEntity
  8
M-PNKS-ALUMINYUM
100
AcDbLine
 10
1965.0
 20
100.0
 30
0.0
 11
2000.0
 21
100.0
 31
0.0
  0
LWPOLYLINE
  5
2A5
330
17
100
AcDbEntity
  8
M-GOST-PENCEREPOZ
100
AcDbPolyline
 90
6
 70
1
 10
266.44500000000005
 20
1542.0
 10
272.44500000000005
 20
1552.5
 10
307.55499999999995
 20
1552.5
 10
313.55499999999995
 20
1542.0
 10
307.55499999999995
 20
1531.5
 10
272.44500000000005
 20
1531.5
  0
TEXT
  5
2A6
330
17
100
AcDbEntity
  8
M-GOST-PENCEREPOZ
100
AcDbText
 10
290.0
 20
1537.0
 30
0.0
 40
9.719999999999999
  1
P06
  7
YAZI-KALIN
 72
1
 11
290.0
 21
1537.0
 31
0.0
100
AcDbText
  0
LWPOLYLINE
  5
2A7
330
17
100
AcDbEntity
  8
M-GOST-PENCEREPOZ
100
AcDbPolyline
 90
6
 70
1
 10
656.4449999999999
 20
1542.0
 10
662.4449999999999
 20
1552.5
 10
697.5550000000001
 20
1552.5
 10
703.5550000000001
 20
1542.0
 10
697.5550000000001
 20
1531.5
 10
662.4449999999999
 20
1531.5
  0
TEXT
  5
2A8
330
17
100
AcDbEntity
  8
M-GOST-PENCEREPOZ
100
AcDbText
 10
680.0
 20
1537.0
 30
0.0
 40
9.719999999999999
  1
P12
  7
YAZI-KALIN
 72
1
 11
680.0
 21
1537.0
 31
0.0
100
AcDbText
  0
LWPOLYLINE
  5
2A9
330
17
100
AcDbEntity
  8
M-GOST-PENCEREPOZ
100
AcDbPolyline
 90
6
 70
1
 10
876.4449999999999
 20
1542.0
 10
882.4449999999999
 20
1552.5
 10
917.5550000000001
 20
1552.5
 10
923.5550000000001
 20
1542.0
 10
917.5550000000001
 20
1531.5
 10
882.4449999999999
 20
1531.5
  0
TEXT
  5
2AA
330
17
100
AcDbEntity
  8
M-GOST-PENCEREPOZ
100
AcDbText
 10
900.0
 20
1537.0
 30
0.0
 40
9.719999999999999
  1
P10
  7
YAZI-KALIN
 72
1
 11
900.0
 21
1537.0
 31
0.0
100
AcDbText
  0
LWPOLYLINE
  5
2AB
330
17
100
AcDbEntity
  8
M-GOST-PENCEREPOZ
100
AcDbPolyline
 90
6
 70
1
 10
1086.445
 20
1542.0
 10
1092.445
 20
1552.5
 10
1127.555
 20
1552.5
 10
1133.555
 20
1542.0
 10
1127.555
 20
1531.5
 10
1092.445
 20
1531.5
  0
TEXT
  5
2AC
330
17
100
AcDbEntity
  8
M-GOST-PENCEREPOZ
100
AcDbText
 10
1110.0
 20
1537.0
 30
0.0
 40
9.719999999999999
  1
P08
  7
YAZI-KALIN
 72
1
 11
1110.0
 21
1537.0
 31
0.0
100
AcDbText
  0
LWPOLYLINE
  5
2AD
330
17
100
AcDbEntity
  8
M-GOST-PENCEREPOZ
100
AcDbPolyline
 90
6
 70
1
 10
1676.445
 20
1542.0
 10
1682.445
 20
1552.5
 10
1717.555
 20
1552.5
 10
1723.555
 20
1542.0
 10
1717.555
 20
1531.5
 10
1682.445
 20
1531.5
  0
TEXT
  5
2AE
330
17
100
AcDbEntity
  8
M-GOST-PENCEREPOZ
100
AcDbText
 10
1700.0
 20
1537.0
 30
0.0
 40
9.719999999999999
  1
P05
  7
YAZI-KALIN
 72
1
 11
1700.0
 21
1537.0
 31
0.0
100
AcDbText
  0
LWPOLYLINE
  5
2AF
330
17
100
AcDbEntity
  8
M-GOST-PENCEREPOZ
100
AcDbPolyline
 90
6
 70
1
 10
-65.55500000000002
 20
1250.0
 10
-59.55500000000001
 20
1260.5
 10
-24.44500000000005
 20
1260.5
 10
-18.445000000000036
 20
1250.0
 10
-24.44500000000005
 20
1239.5
 10
-59.55500000000001
 20
1239.5
  0
TEXT
  5
2B0
330
17
100
AcDbEntity
  8
M-GOST-PENCEREPOZ
100
AcDbText
 10
-42.00000000000003
 20
1245.0
 30
0.0
 40
9.719999999999999
  1
P06
  7
YAZI-KALIN
 72
1
 11
-42.00000000000003
 21
1245.0
 31
0.0
100
AcDbText
  0
LWPOLYLINE
  5
2B1
330
17
100
AcDbEntity
  8
M-GOST-PENCEREPOZ
100
AcDbPolyline
 90
6
 70
1
 10
-65.55500000000002
 20
760.0
 10
-59.55500000000001
 20
770.5000000000001
 10
-24.44500000000005
 20
770.5000000000001
 10
-18.445000000000036
 20
760.0
 10
-24.44500000000005
 20
749.4999999999999
 10
-59.55500000000001
 20
749.4999999999999
  0
TEXT
  5
2B2
330
17
100
AcDbEntity
  8
M-GOST-PENCEREPOZ
100
AcDbText
 10
-42.00000000000003
 20
755.0
 30
0.0
 40
9.719999999999999
  1
P11
  7
YAZI-KALIN
 72
1
 11
-42.00000000000003
 21
755.0
 31
0.0
100
AcDbText
  0
LWPOLYLINE
  5
2B3
330
17
100
AcDbEntity
  8
M-GOST-PENCEREPOZ
100
AcDbPolyline
 90
6
 70
1
 10
-65.55500000000002
 20
240.0
 10
-59.55500000000001
 20
250.5
 10
-24.44500000000005
 20
250.5
 10
-18.445000000000036
 20
240.0
 10
-24.44500000000005
 20
229.5
 10
-59.55500000000001
 20
229.5
  0
TEXT
  5
2B4
330
17
100
AcDbEntity
  8
M-GOST-PENCEREPOZ
100
AcDbText
 10
-42.00000000000003
 20
235.0
 30
0.0
 40
9.719999999999999
  1
P06
  7
YAZI-KALIN
 72
1
 11
-42.00000000000003
 21
235.0
 31
0.0
100
AcDbText
  0
LWPOLYLINE
  5
2B5
330
17
100
AcDbEntity
  8
M-GOST-PENCEREPOZ
100
AcDbPolyline
 90
6
 70
1
 10
366.44500000000005
 20
-42.0
 10
372.44500000000005
 20
-31.499999999999773
 10
407.55499999999995
 20
-31.499999999999773
 10
413.55499999999995
 20
-42.0
 10
407.55499999999995
 20
-52.5
 10
372.44500000000005
 20
-52.5
  0
TEXT
  5
2B6
330
17
100
AcDbEntity
  8
M-GOST-PENCEREPOZ
100
AcDbText
 10
390.0
 20
-47.0
 30
0.0
 40
9.719999999999999
  1
S03
  7
YAZI-KALIN
 72
1
 11
390.0
 21
-47.0
 31
0.0
100
AcDbText
  0
LWPOLYLINE
  5
2B7
330
17
100
AcDbEntity
  8
M-GOST-PENCEREPOZ
100
AcDbPolyline
 90
6
 70
1
 10
996.4449999999999
 20
-42.0
 10
1002.4449999999999
 20
-31.499999999999773
 10
1037.555
 20
-31.499999999999773
 10
1043.555
 20
-42.0
 10
1037.555
 20
-52.5
 10
1002.4449999999999
 20
-52.5
  0
TEXT
  5
2B8
330
17
100
AcDbEntity
  8
M-GOST-PENCEREPOZ
100
AcDbText
 10
1020.0
 20
-47.0
 30
0.0
 40
9.719999999999999
  1
P05
  7
YAZI-KALIN
 72
1
 11
1020.0
 21
-47.0
 31
0.0
100
AcDbText
  0
LWPOLYLINE
  5
2B9
330
17
100
AcDbEntity
  8
M-GOST-PENCEREPOZ
100
AcDbPolyline
 90
6
 70
1
 10
1586.445
 20
-42.0
 10
1592.445
 20
-31.499999999999773
 10
1627.555
 20
-31.499999999999773
 10
1633.555
 20
-42.0
 10
1627.555
 20
-52.5
 10
1592.445
 20
-52.5
  0
TEXT
  5
2BA
330
17
100
AcDbEntity
  8
M-GOST-PENCEREPOZ
100
AcDbText
 10
1610.0
 20
-47.0
 30
0.0
 40
9.719999999999999
  1
S02
  7
YAZI-KALIN
 72
1
 11
1610.0
 21
-47.0
 31
0.0
100
AcDbText
  0
LWPOLYLINE
  5
2BB
330
17
100
AcDbEntity
  8
M-GOST-PENCEREPOZ
100
AcDbPolyline
 90
6
 70
1
 10
2018.4450000000004
 20
1270.0
 10
2024.4450000000006
 20
1280.5
 10
2059.5550000000003
 20
1280.5
 10
2065.5550000000003
 20
1270.0
 10
2059.5550000000003
 20
1259.5
 10
2024.4450000000006
 20
1259.5
  0
TEXT
  5
2BC
330
17
100
AcDbEntity
  8
M-GOST-PENCEREPOZ
100
AcDbText
 10
2042.0000000000005
 20
1265.0
 30
0.0
 40
9.719999999999999
  1
P06
  7
YAZI-KALIN
 72
1
 11
2042.0000000000005
 21
1265.0
 31
0.0
100
AcDbText
  0
LWPOLYLINE
  5
2BD
330
17
100
AcDbEntity
  8
M-GOST-PENCEREPOZ
100
AcDbPolyline
 90
6
 70
1
 10
2018.4450000000004
 20
880.0
 10
2024.4450000000006
 20
890.5000000000001
 10
2059.5550000000003
 20
890.5000000000001
 10
2065.5550000000003
 20
880.0
 10
2059.5550000000003
 20
869.4999999999999
 10
2024.4450000000006
 20
869.4999999999999
  0
TEXT
  5
2BE
330
17
100
AcDbEntity
  8
M-GOST-PENCEREPOZ
100
AcDbText
 10
2042.0000000000005
 20
875.0
 30
0.0
 40
9.719999999999999
  1
P12
  7
YAZI-KALIN
 72
1
 11
2042.0000000000005
 21
875.0
 31
0.0
100
AcDbText
  0
LWPOLYLINE
  5
2BF
330
17
100
AcDbEntity
  8
M-GOST-PENCEREPOZ
100
AcDbPolyline
 90
6
 70
1
 10
2018.4450000000004
 20
650.0
 10
2024.4450000000006
 20
660.5000000000001
 10
2059.5550000000003
 20
660.5000000000001
 10
2065.5550000000003
 20
650.0
 10
2059.5550000000003
 20
639.4999999999999
 10
2024.4450000000006
 20
639.4999999999999
  0
TEXT
  5
2C0
330
17
100
AcDbEntity
  8
M-GOST-PENCEREPOZ
100
AcDbText
 10
2042.0000000000005
 20
645.0
 30
0.0
 40
9.719999999999999
  1
P12
  7
YAZI-KALIN
 72
1
 11
2042.0000000000005
 21
645.0
 31
0.0
100
AcDbText
  0
LWPOLYLINE
  5
2C1
330
17
100
AcDbEntity
  8
M-GOST-PENCEREPOZ
100
AcDbPolyline
 90
6
 70
1
 10
2018.4450000000004
 20
260.0
 10
2024.4450000000006
 20
270.5
 10
2059.5550000000003
 20
270.5
 10
2065.5550000000003
 20
260.0
 10
2059.5550000000003
 20
249.5
 10
2024.4450000000006
 20
249.5
  0
TEXT
  5
2C2
330
17
100
AcDbEntity
  8
M-GOST-PENCEREPOZ
100
AcDbText
 10
2042.0000000000005
 20
255.0
 30
0.0
 40
9.719999999999999
  1
P05
  7
YAZI-KALIN
 72
1
 11
2042.0000000000005
 21
255.0
 31
0.0
100
AcDbText
  0
LWPOLYLINE
  5
2C4
330
17
100
AcDbEntity
  8
M-GOST-KAPIPOZ
100
AcDbPolyline
 90
4
 70
1
 10
722.9449999999999
 20
1110.5
 10
758.055
 20
1110.5
 10
758.055
 20
1089.5
 10
722.9449999999999
 20
1089.5
  0
TEXT
  5
2C5
330
17
100
AcDbEntity
  8
M-GOST-KAPIPOZ
100
AcDbText
 10
740.5000000000001
 20
1095.0
 30
0.0
 40
9.719999999999999
  1
K05
  7
YAZI-KALIN
 72
1
 11
740.5000000000001
 21
1095.0
 31
0.0
100
AcDbText
  0
LWPOLYLINE
  5
2C6
330
17
100
AcDbEntity
  8
M-GOST-KAPIPOZ
100
AcDbPolyline
 90
4
 70
1
 10
522.9449999999999
 20
1075.5
 10
558.055
 20
1075.5
 10
558.055
 20
1054.5
 10
522.9449999999999
 20
1054.5
  0
TEXT
  5
2C7
330
17
100
AcDbEntity
  8
M-GOST-KAPIPOZ
100
AcDbText
 10
540.5
 20
1060.0
 30
0.0
 40
9.719999999999999
  1
K05
  7
YAZI-KALIN
 72
1
 11
540.5
 21
1060.0
 31
0.0
100
AcDbText
  0
LWPOLYLINE
  5
2C8
330
17
100
AcDbEntity
  8
M-GOST-KAPIPOZ
100
AcDbPolyline
 90
4
 70
1
 10
622.445
 20
1230.0
 10
657.555
 20
1230.0
 10
657.555
 20
1209.0
 10
622.445
 20
1209.0
  0
TEXT
  5
2C9
330
17
100
AcDbEntity
  8
M-GOST-KAPIPOZ
100
AcDbText
 10
640.0
 20
1214.5
 30
0.0
 40
9.719999999999999
  1
K06
  7
YAZI-KALIN
 72
1
 11
640.0
 21
1214.5
 31
0.0
100
AcDbText
  0
LWPOLYLINE
  5
2CA
330
17
100
AcDbEntity
  8
M-GOST-KAPIPOZ
100
AcDbPolyline
 90
4
 70
1
 10
722.9449999999999
 20
895.5000000000001
 10
758.055
 20
895.5000000000001
 10
758.055
 20
874.5000000000002
 10
722.9449999999999
 20
874.5000000000002
  0
TEXT
  5
2CB
330
17
100
AcDbEntity
  8
M-GOST-KAPIPOZ
100
AcDbText
 10
740.5000000000001
 20
880.0
 30
0.0
 40
9.719999999999999
  1
K05
  7
YAZI-KALIN
 72
1
 11
740.5000000000001
 21
880.0
 31
0.0
100
AcDbText
  0
LWPOLYLINE
  5
2CC
330
17
100
AcDbEntity
  8
M-GOST-KAPIPOZ
100
AcDbPolyline
 90
4
 70
1
 10
362.94500000000016
 20
610.5000000000001
 10
398.05500000000006
 20
610.5000000000001
 10
398.05500000000006
 20
589.5000000000002
 10
362.94500000000016
 20
589.5000000000002
  0
TEXT
  5
2CD
330
17
100
AcDbEntity
  8
M-GOST-KAPIPOZ
100
AcDbText
 10
380.5000000000001
 20
595.0
 30
0.0
 40
9.719999999999999
  1
K06
  7
YAZI-KALIN
 72
1
 11
380.5000000000001
 21
595.0
 31
0.0
100
AcDbText
  0
LWPOLYLINE
  5
2CE
330
17
100
AcDbEntity
  8
M-GOST-KAPIPOZ
100
AcDbPolyline
 90
4
 70
1
 10
487.44500000000005
 20
471.0000000000002
 10
522.555
 20
471.0000000000002
 10
522.555
 20
450.0000000000002
 10
487.44500000000005
 20
450.0000000000002
  0
TEXT
  5
2CF
330
17
100
AcDbEntity
  8
M-GOST-KAPIPOZ
100
AcDbText
 10
505.0
 20
455.5
 30
0.0
 40
9.719999999999999
  1
K05
  7
YAZI-KALIN
 72
1
 11
505.0
 21
455.5
 31
0.0
100
AcDbText
  0
LWPOLYLINE
  5
2D0
330
17
100
AcDbEntity
  8
M-GOST-KAPIPOZ
100
AcDbPolyline
 90
4
 70
1
 10
922.4449999999999
 20
451.0000000000002
 10
957.5549999999998
 20
451.0000000000002
 10
957.5549999999998
 20
430.0000000000002
 10
922.4449999999999
 20
430.0000000000002
  0
TEXT
  5
2D1
330
17
100
AcDbEntity
  8
M-GOST-KAPIPOZ
100
AcDbText
 10
940.0
 20
435.5
 30
0.0
 40
9.719999999999999
  1
K05
  7
YAZI-KALIN
 72
1
 11
940.0
 21
435.5
 31
0.0
100
AcDbText
  0
LWPOLYLINE
  5
2D2
330
17
100
AcDbEntity
  8
M-GOST-KAPIPOZ
100
AcDbPolyline
 90
4
 70
1
 10
1081.9449999999997
 20
310.5
 10
1117.0549999999998
 20
310.5
 10
1117.0549999999998
 20
289.5000000000002
 10
1081.9449999999997
 20
289.5000000000002
  0
TEXT
  5
2D3
330
17
100
AcDbEntity
  8
M-GOST-KAPIPOZ
100
AcDbText
 10
1099.5
 20
295.0
 30
0.0
 40
9.719999999999999
  1
K06
  7
YAZI-KALIN
 72
1
 11
1099.5
 21
295.0
 31
0.0
100
AcDbText
  0
LWPOLYLINE
  5
2D4
330
17
100
AcDbEntity
  8
M-GOST-KAPIPOZ
100
AcDbPolyline
 90
4
 70
1
 10
942.9449999999999
 20
605.5000000000001
 10
978.055
 20
605.5000000000001
 10
978.055
 20
584.5000000000002
 10
942.9449999999999
 20
584.5000000000002
  0
TEXT
  5
2D5
330
17
100
AcDbEntity
  8
M-GOST-KAPIPOZ
100
AcDbText
 10
960.5000000000001
 20
590.0
 30
0.0
 40
9.719999999999999
  1
K10
  7
YAZI-KALIN
 72
1
 11
960.5000000000001
 21
590.0
 31
0.0
100
AcDbText
  0
LWPOLYLINE
  5
2D6
330
17
100
AcDbEntity
  8
M-GOST-KAPIPOZ
100
AcDbPolyline
 90
4
 70
1
 10
1281.9449999999997
 20
640.5000000000001
 10
1317.0549999999998
 20
640.5000000000001
 10
1317.0549999999998
 20
619.5000000000002
 10
1281.9449999999997
 20
619.5000000000002
  0
TEXT
  5
2D7
330
17
100
AcDbEntity
  8
M-GOST-KAPIPOZ
100
AcDbText
 10
1299.5
 20
625.0
 30
0.0
 40
9.719999999999999
  1
K11
  7
YAZI-KALIN
 72
1
 11
1299.5
 21
625.0
 31
0.0
100
AcDbText
  0
LWPOLYLINE
  5
2D8
330
17
100
AcDbEntity
  8
M-GOST-KAPIPOZ
100
AcDbPolyline
 90
4
 70
1
 10
1421.9449999999997
 20
1345.5
 10
1457.0549999999998
 20
1345.5
 10
1457.0549999999998
 20
1324.5
 10
1421.9449999999997
 20
1324.5
  0
TEXT
  5
2D9
330
17
100
AcDbEntity
  8
M-GOST-KAPIPOZ
100
AcDbText
 10
1439.5
 20
1330.0
 30
0.0
 40
9.719999999999999
  1
K05
  7
YAZI-KALIN
 72
1
 11
1439.5
 21
1330.0
 31
0.0
100
AcDbText
  0
LWPOLYLINE
  5
2DA
330
17
100
AcDbEntity
  8
M-GOST-KAPIPOZ
100
AcDbPolyline
 90
4
 70
1
 10
1482.445
 20
1011.0000000000001
 10
1517.5549999999998
 20
1011.0000000000001
 10
1517.5549999999998
 20
990.0000000000001
 10
1482.445
 20
990.0000000000001
  0
TEXT
  5
2DB
330
17
100
AcDbEntity
  8
M-GOST-KAPIPOZ
100
AcDbText
 10
1500.0
 20
995.5000000000001
 30
0.0
 40
9.719999999999999
  1
K05
  7
YAZI-KALIN
 72
1
 11
1500.0
 21
995.5000000000001
 31
0.0
100
AcDbText
  0
LWPOLYLINE
  5
2DC
330
17
100
AcDbEntity
  8
M-GOST-KAPIPOZ
100
AcDbPolyline
 90
4
 70
1
 10
1681.9450000000002
 20
970.5
 10
1717.055
 20
970.5
 10
1717.055
 20
949.4999999999999
 10
1681.9450000000002
 20
949.4999999999999
  0
TEXT
  5
2DD
330
17
100
AcDbEntity
  8
M-GOST-KAPIPOZ
100
AcDbText
 10
1699.5000000000002
 20
955.0
 30
0.0
 40
9.719999999999999
  1
K06
  7
YAZI-KALIN
 72
1
 11
1699.5000000000002
 21
955.0
 31
0.0
100
AcDbText
  0
LWPOLYLINE
  5
2DE
330
17
100
AcDbEntity
  8
M-GOST-KAPIPOZ
100
AcDbPolyline
 90
4
 70
1
 10
1421.9449999999997
 20
665.5000000000001
 10
1457.0549999999998
 20
665.5000000000001
 10
1457.0549999999998
 20
644.5000000000002
 10
1421.9449999999997
 20
644.5000000000002
  0
TEXT
  5
2DF
330
17
100
AcDbEntity
  8
M-GOST-KAPIPOZ
100
AcDbText
 10
1439.5
 20
650.0
 30
0.0
 40
9.719999999999999
  1
K05
  7
YAZI-KALIN
 72
1
 11
1439.5
 21
650.0
 31
0.0
100
AcDbText
  0
LWPOLYLINE
  5
2E0
330
17
100
AcDbEntity
  8
M-GOST-KAPIPOZ
100
AcDbPolyline
 90
4
 70
1
 10
1312.445
 20
491.0000000000002
 10
1347.5549999999998
 20
491.0000000000002
 10
1347.5549999999998
 20
470.0000000000002
 10
1312.445
 20
470.0000000000002
  0
TEXT
  5
2E1
330
17
100
AcDbEntity
  8
M-GOST-KAPIPOZ
100
AcDbText
 10
1330.0
 20
475.5
 30
0.0
 40
9.719999999999999
  1
K05
  7
YAZI-KALIN
 72
1
 11
1330.0
 21
475.5
 31
0.0
100
AcDbText
  0
LWPOLYLINE
  5
2E2
330
17
100
AcDbEntity
  8
M-GOST-KAPIPOZ
100
AcDbPolyline
 90
4
 70
1
 10
1872.445
 20
570.0
 10
1907.5549999999998
 20
570.0
 10
1907.5549999999998
 20
549.0
 10
1872.445
 20
549.0
  0
TEXT
  5
2E3
330
17
100
AcDbEntity
  8
M-GOST-KAPIPOZ
100
AcDbText
 10
1890.0
 20
554.4999999999999
 30
0.0
 40
9.719999999999999
  1
K06
  7
YAZI-KALIN
 72
1
 11
1890.0
 21
554.4999999999999
 31
0.0
100
AcDbText
  0
HATCH
  5
2E5
330
17
100
AcDbEntity
  8
M-BACA-TUGLA-T
 62
7
100
AcDbHatch
 10
0.0
 20
0.0
 30
0.0
210
0.0
220
0.0
230
1.0
  2
ANSI31
 70
0
 71
0
 91
1
 92
3
 72
0
 73
1
 93
4
 10
-60.0
 20
540.0
 10
0.0
 20
540.0
 10
0.0
 20
440.0
 10
-60.0
 20
440.0
 97
0
 75
1
 76
1
 52
0.0
 41
6.0
 77
0
 78
1
 53
45.0
 43
0.0
 44
0.0
 45
-13.4703841818
 46
13.4703841818
 79
0
 98
0
  0
LWPOLYLINE
  5
2E7
330
17
100
AcDbEntity
  8
M-BACA-TUGLA
100
AcDbPolyline
 90
4
 70
1
 10
-60.0
 20
540.0
 10
0.0
 20
540.0
 10
0.0
 20
440.0
 10
-60.0
 20
440.0
  0
LWPOLYLINE
  5
2E8
330
17
100
AcDbEntity
  8
M-BACA-TUGLA
100
AcDbPolyline
 90
4
 70
1
 10
-45.0
 20
520.0
 10
-15.0
 20
520.0
 10
-15.0
 20
460.0
 10
-45.0
 20
460.0
  0
LWPOLYLINE
  5
2E9
330
17
100
AcDbEntity
  8
M-GOST-IZDUSUM
100
AcDbPolyline
 90
4
 70
1
 10
1295.0
 20
920.0
 10
1365.0
 20
920.0
 10
1365.0
 20
800.0
 10
1295.0
 20
800.0
  0
LINE
  5
2EA
330
17
100
AcDbEntity
  8
M-GOST-IZDUSUM
100
AcDbLine
 10
1295.0
 20
920.0
 30
0.0
 11
1365.0
 21
800.0
 31
0.0
  0
TEXT
  5
2EB
330
17
100
AcDbEntity
  8
M-GOST-IZDUSUM
100
AcDbText
 10
1330.0
 20
778.0000000000001
 30
0.0
 40
10.08
  1
çatı kapağı
  7
YAZI
 72
1
 11
1330.0
 21
778.0000000000001
 31
0.0
100
AcDbText
  0
TEXT
  5
2ED
330
17
100
AcDbEntity
  8
M-GOST-MAHALPOZ
100
AcDbText
 10
890.0
 20
781.275
 30
0.0
 40
14.759999999999998
  1
ÜST HOL VE OKUMA
  7
YAZI-KALIN
 72
1
 11
890.0
 21
781.275
 31
0.0
100
AcDbText
  0
TEXT
  5
2EE
330
17
100
AcDbEntity
  8
M-GOST-MAHALPOZ
100
AcDbText
 10
890.0
 20
759.75
 30
0.0
 40
14.759999999999998
  1
KÖŞESI
  7
YAZI-KALIN
 72
1
 11
890.0
 21
759.75
 31
0.0
100
AcDbText
  0
TEXT
  5
2EF
330
17
100
AcDbEntity
  8
M-GOST-MAHALPOZ
100
AcDbText
 10
890.0
 20
736.225
 30
0.0
 40
11.159999999999998
  1
K-01 · 20,80 m²
  7
YAZI
 72
1
 11
890.0
 21
736.225
 31
0.0
100
AcDbText
  0
TEXT
  5
2F0
330
17
100
AcDbEntity
  8
M-GOST-MAHALPOZ
100
AcDbText
 10
890.0
 20
715.2250000000001
 30
0.0
 40
10.08
  1
traverten
  7
YAZI
 72
1
 11
890.0
 21
715.2250000000001
 31
0.0
100
AcDbText
  0
LINE
  5
2F1
330
17
100
AcDbEntity
  8
M-GOST-MAHALPOZ
100
AcDbLine
 10
790.0
 20
1455.0
 30
0.0
 11
990.0
 21
1190.0
 31
0.0
  0
LINE
  5
2F2
330
17
100
AcDbEntity
  8
M-GOST-MAHALPOZ
100
AcDbLine
 10
790.0
 20
1190.0
 30
0.0
 11
990.0
 21
1455.0
 31
0.0
  0
TEXT
  5
2F3
330
17
100
AcDbEntity
  8
M-GOST-MAHALPOZ
100
AcDbText
 10
890.0
 20
1308.0
 30
0.0
 40
12.24
  1
GALERİ BOŞLUĞU
  7
YAZI-KALIN
 72
1
 11
890.0
 21
1308.0
 31
0.0
100
AcDbText
  0
TEXT
  5
2F4
330
17
100
AcDbEntity
  8
M-GOST-MAHALPOZ
100
AcDbText
 10
1230.0
 20
590.0
 30
0.0
 40
10.08
  1
ŞAFT
 50
90.0
  7
YAZI-KALIN
 72
1
 11
1230.0
 21
590.0
 31
0.0
100
AcDbText
  0
TEXT
  5
2F5
330
17
100
AcDbEntity
  8
M-GOST-MAHALPOZ
100
AcDbText
 10
260.0
 20
1300.0
 30
0.0
 40
14.759999999999998
  1
YATAK ODASI 2
  7
YAZI-KALIN
 72
1
 11
260.0
 21
1300.0
 31
0.0
100
AcDbText
  0
TEXT
  5
2F6
330
17
100
AcDbEntity
  8
M-GOST-MAHALPOZ
100
AcDbText
 10
260.0
 20
1276.475
 30
0.0
 40
11.159999999999998
  1
K-06 · 25,70 m²
  7
YAZI
 72
1
 11
260.0
 21
1276.475
 31
0.0
100
AcDbText
  0
TEXT
  5
2F7
330
17
100
AcDbEntity
  8
M-GOST-MAHALPOZ
100
AcDbText
 10
260.0
 20
1255.475
 30
0.0
 40
10.08
  1
meşe parke
  7
YAZI
 72
1
 11
260.0
 21
1255.475
 31
0.0
100
AcDbText
  0
TEXT
  5
2F8
330
17
100
AcDbEntity
  8
M-GOST-MAHALPOZ
100
AcDbText
 10
655.0
 20
1301.275
 30
0.0
 40
14.759999999999998
  1
YATAK ODASI 2
  7
YAZI-KALIN
 72
1
 11
655.0
 21
1301.275
 31
0.0
100
AcDbText
  0
TEXT
  5
2F9
330
17
100
AcDbEntity
  8
M-GOST-MAHALPOZ
100
AcDbText
 10
655.0
 20
1279.75
 30
0.0
 40
14.759999999999998
  1
BANYOSU
  7
YAZI-KALIN
 72
1
 11
655.0
 21
1279.75
 31
0.0
100
AcDbText
  0
TEXT
  5
2FA
330
17
100
AcDbEntity
  8
M-GOST-MAHALPOZ
100
AcDbText
 10
655.0
 20
1256.225
 30
0.0
 40
11.159999999999998
  1
K-07 · 5,10 m²
  7
YAZI
 72
1
 11
655.0
 21
1256.225
 31
0.0
100
AcDbText
  0
TEXT
  5
2FB
330
17
100
AcDbEntity
  8
M-GOST-MAHALPOZ
100
AcDbText
 10
655.0
 20
1235.225
 30
0.0
 40
10.08
  1
porselen R10
  7
YAZI
 72
1
 11
655.0
 21
1235.225
 31
0.0
100
AcDbText
  0
TEXT
  5
2FC
330
17
100
AcDbEntity
  8
M-GOST-MAHALPOZ
100
AcDbText
 10
645.0
 20
1085.0
 30
0.0
 40
14.759999999999998
  1
YATAK ODASI 2 HOLÜ
  7
YAZI-KALIN
 72
1
 11
645.0
 21
1085.0
 31
0.0
100
AcDbText
  0
TEXT
  5
2FD
330
17
100
AcDbEntity
  8
M-GOST-MAHALPOZ
100
AcDbText
 10
645.0
 20
1061.475
 30
0.0
 40
11.159999999999998
  1
K-08 · 3,40 m²
  7
YAZI
 72
1
 11
645.0
 21
1061.475
 31
0.0
100
AcDbText
  0
TEXT
  5
2FE
330
17
100
AcDbEntity
  8
M-GOST-MAHALPOZ
100
AcDbText
 10
645.0
 20
1040.475
 30
0.0
 40
10.08
  1
traverten
  7
YAZI
 72
1
 11
645.0
 21
1040.475
 31
0.0
100
AcDbText
  0
TEXT
  5
2FF
330
17
100
AcDbEntity
  8
M-GOST-MAHALPOZ
100
AcDbText
 10
260.0
 20
585.0
 30
0.0
 40
14.759999999999998
  1
EBEVEYN BANYOSU
  7
YAZI-KALIN
 72
1
 11
260.0
 21
585.0
 31
0.0
100
AcDbText
  0
TEXT
  5
300
330
17
100
AcDbEntity
  8
M-GOST-MAHALPOZ
100
AcDbText
 10
260.0
 20
561.4750000000001
 30
0.0
 40
11.159999999999998
  1
K-09 · 17,60 m²
  7
YAZI
 72
1
 11
260.0
 21
561.4750000000001
 31
0.0
100
AcDbText
  0
TEXT
  5
301
330
17
100
AcDbEntity
  8
M-GOST-MAHALPOZ
100
AcDbText
 10
260.0
 20
540.4750000000001
 30
0.0
 40
10.08
  1
porselen R10
  7
YAZI
 72
1
 11
260.0
 21
540.4750000000001
 31
0.0
100
AcDbText
  0
TEXT
  5
302
330
17
100
AcDbEntity
  8
M-GOST-MAHALPOZ
100
AcDbText
 10
595.0
 20
576.275
 30
0.0
 40
14.759999999999998
  1
EBEVEYN GIYINME
  7
YAZI-KALIN
 72
1
 11
595.0
 21
576.275
 31
0.0
100
AcDbText
  0
TEXT
  5
303
330
17
100
AcDbEntity
  8
M-GOST-MAHALPOZ
100
AcDbText
 10
595.0
 20
554.75
 30
0.0
 40
14.759999999999998
  1
ODASI
  7
YAZI-KALIN
 72
1
 11
595.0
 21
554.75
 31
0.0
100
AcDbText
  0
TEXT
  5
304
330
17
100
AcDbEntity
  8
M-GOST-MAHALPOZ
100
AcDbText
 10
595.0
 20
531.225
 30
0.0
 40
11.159999999999998
  1
K-10 · 16,00 m²
  7
YAZI
 72
1
 11
595.0
 21
531.225
 31
0.0
100
AcDbText
  0
TEXT
  5
305
330
17
100
AcDbEntity
  8
M-GOST-MAHALPOZ
100
AcDbText
 10
595.0
 20
510.22500000000014
 30
0.0
 40
10.08
  1
meşe parke
  7
YAZI
 72
1
 11
595.0
 21
510.22500000000014
 31
0.0
100
AcDbText
  0
TEXT
  5
306
330
17
100
AcDbEntity
  8
M-GOST-MAHALPOZ
100
AcDbText
 10
340.0
 20
100.0
 30
0.0
 40
14.759999999999998
  1
EBEVEYN YATAK ODASI
  7
YAZI-KALIN
 72
1
 11
340.0
 21
100.0
 31
0.0
100
AcDbText
  0
TEXT
  5
307
330
17
100
AcDbEntity
  8
M-GOST-MAHALPOZ
100
AcDbText
 10
340.0
 20
76.47500000000014
 30
0.0
 40
11.159999999999998
  1
K-11 · 33,70 m²
  7
YAZI
 72
1
 11
340.0
 21
76.47500000000014
 31
0.0
100
AcDbText
  0
TEXT
  5
308
330
17
100
AcDbEntity
  8
M-GOST-MAHALPOZ
100
AcDbText
 10
340.0
 20
55.475000000000136
 30
0.0
 40
10.08
  1
meşe parke
  7
YAZI
 72
1
 11
340.0
 21
55.475000000000136
 31
0.0
100
AcDbText
  0
TEXT
  5
309
330
17
100
AcDbEntity
  8
M-GOST-MAHALPOZ
100
AcDbText
 10
925.0
 20
345.0
 30
0.0
 40
14.759999999999998
  1
YATAK ODASI 4
  7
YAZI-KALIN
 72
1
 11
925.0
 21
345.0
 31
0.0
100
AcDbText
  0
TEXT
  5
30A
330
17
100
AcDbEntity
  8
M-GOST-MAHALPOZ
100
AcDbText
 10
925.0
 20
321.47500000000014
 30
0.0
 40
11.159999999999998
  1
K-12 · 15,20 m²
  7
YAZI
 72
1
 11
925.0
 21
321.47500000000014
 31
0.0
100
AcDbText
  0
TEXT
  5
30B
330
17
100
AcDbEntity
  8
M-GOST-MAHALPOZ
100
AcDbText
 10
925.0
 20
300.47500000000014
 30
0.0
 40
10.08
  1
meşe parke
  7
YAZI
 72
1
 11
925.0
 21
300.47500000000014
 31
0.0
100
AcDbText
  0
TEXT
  5
30C
330
17
100
AcDbEntity
  8
M-GOST-MAHALPOZ
100
AcDbText
 10
1160.0
 20
341.2750000000001
 30
0.0
 40
14.759999999999998
  1
YATAK ODASI 4
  7
YAZI-KALIN
 72
1
 11
1160.0
 21
341.2750000000001
 31
0.0
100
AcDbText
  0
TEXT
  5
30D
330
17
100
AcDbEntity
  8
M-GOST-MAHALPOZ
100
AcDbText
 10
1160.0
 20
319.75
 30
0.0
 40
14.759999999999998
  1
BANYOSU
  7
YAZI-KALIN
 72
1
 11
1160.0
 21
319.75
 31
0.0
100
AcDbText
  0
TEXT
  5
30E
330
17
100
AcDbEntity
  8
M-GOST-MAHALPOZ
100
AcDbText
 10
1160.0
 20
296.2249999999999
 30
0.0
 40
11.159999999999998
  1
K-13 · 4,50 m²
  7
YAZI
 72
1
 11
1160.0
 21
296.2249999999999
 31
0.0
100
AcDbText
  0
TEXT
  5
30F
330
17
100
AcDbEntity
  8
M-GOST-MAHALPOZ
100
AcDbText
 10
1160.0
 20
275.22500000000014
 30
0.0
 40
10.08
  1
porselen R10
  7
YAZI
 72
1
 11
1160.0
 21
275.22500000000014
 31
0.0
100
AcDbText
  0
TEXT
  5
310
330
17
100
AcDbEntity
  8
M-GOST-MAHALPOZ
100
AcDbText
 10
1330.0
 20
1140.0
 30
0.0
 40
11.52
  1
KORIDOR · 11,70 m²
 50
90.0
  7
YAZI-KALIN
 72
1
 11
1330.0
 21
1140.0
 31
0.0
100
AcDbText
  0
TEXT
  5
311
330
17
100
AcDbEntity
  8
M-GOST-MAHALPOZ
100
AcDbText
 10
1620.0
 20
1270.0
 30
0.0
 40
14.759999999999998
  1
YATAK ODASI 3
  7
YAZI-KALIN
 72
1
 11
1620.0
 21
1270.0
 31
0.0
100
AcDbText
  0
TEXT
  5
312
330
17
100
AcDbEntity
  8
M-GOST-MAHALPOZ
100
AcDbText
 10
1620.0
 20
1246.475
 30
0.0
 40
11.159999999999998
  1
K-15 · 23,30 m²
  7
YAZI
 72
1
 11
1620.0
 21
1246.475
 31
0.0
100
AcDbText
  0
TEXT
  5
313
330
17
100
AcDbEntity
  8
M-GOST-MAHALPOZ
100
AcDbText
 10
1620.0
 20
1225.475
 30
0.0
 40
10.08
  1
meşe parke
  7
YAZI
 72
1
 11
1620.0
 21
1225.475
 31
0.0
100
AcDbText
  0
TEXT
  5
314
330
17
100
AcDbEntity
  8
M-GOST-MAHALPOZ
100
AcDbText
 10
1530.0
 20
931.275
 30
0.0
 40
14.759999999999998
  1
YATAK ODASI 3
  7
YAZI-KALIN
 72
1
 11
1530.0
 21
931.275
 31
0.0
100
AcDbText
  0
TEXT
  5
315
330
17
100
AcDbEntity
  8
M-GOST-MAHALPOZ
100
AcDbText
 10
1530.0
 20
909.75
 30
0.0
 40
14.759999999999998
  1
GIYINME
  7
YAZI-KALIN
 72
1
 11
1530.0
 21
909.75
 31
0.0
100
AcDbText
  0
TEXT
  5
316
330
17
100
AcDbEntity
  8
M-GOST-MAHALPOZ
100
AcDbText
 10
1530.0
 20
886.225
 30
0.0
 40
11.159999999999998
  1
K-16 · 6,00 m²
  7
YAZI
 72
1
 11
1530.0
 21
886.225
 31
0.0
100
AcDbText
  0
TEXT
  5
317
330
17
100
AcDbEntity
  8
M-GOST-MAHALPOZ
100
AcDbText
 10
1530.0
 20
865.2250000000001
 30
0.0
 40
10.08
  1
meşe parke
  7
YAZI
 72
1
 11
1530.0
 21
865.2250000000001
 31
0.0
100
AcDbText
  0
TEXT
  5
318
330
17
100
AcDbEntity
  8
M-GOST-MAHALPOZ
100
AcDbText
 10
1835.0
 20
926.275
 30
0.0
 40
14.759999999999998
  1
YATAK ODASI 3
  7
YAZI-KALIN
 72
1
 11
1835.0
 21
926.275
 31
0.0
100
AcDbText
  0
TEXT
  5
319
330
17
100
AcDbEntity
  8
M-GOST-MAHALPOZ
100
AcDbText
 10
1835.0
 20
904.75
 30
0.0
 40
14.759999999999998
  1
BANYOSU
  7
YAZI-KALIN
 72
1
 11
1835.0
 21
904.75
 31
0.0
100
AcDbText
  0
TEXT
  5
31A
330
17
100
AcDbEntity
  8
M-GOST-MAHALPOZ
100
AcDbText
 10
1835.0
 20
881.225
 30
0.0
 40
11.159999999999998
  1
K-17 · 7,30 m²
  7
YAZI
 72
1
 11
1835.0
 21
881.225
 31
0.0
100
AcDbText
  0
TEXT
  5
31B
330
17
100
AcDbEntity
  8
M-GOST-MAHALPOZ
100
AcDbText
 10
1835.0
 20
860.2250000000001
 30
0.0
 40
10.08
  1
porselen R10
  7
YAZI
 72
1
 11
1835.0
 21
860.2250000000001
 31
0.0
100
AcDbText
  0
TEXT
  5
31C
330
17
100
AcDbEntity
  8
M-GOST-MAHALPOZ
100
AcDbText
 10
1570.0
 20
645.0
 30
0.0
 40
14.759999999999998
  1
ÇAMAŞIR VE ÜTÜ ODASI
  7
YAZI-KALIN
 72
1
 11
1570.0
 21
645.0
 31
0.0
100
AcDbText
  0
TEXT
  5
31D
330
17
100
AcDbEntity
  8
M-GOST-MAHALPOZ
100
AcDbText
 10
1570.0
 20
621.4750000000001
 30
0.0
 40
11.159999999999998
  1
K-18 · 8,00 m²
  7
YAZI
 72
1
 11
1570.0
 21
621.4750000000001
 31
0.0
100
AcDbText
  0
TEXT
  5
31E
330
17
100
AcDbEntity
  8
M-GOST-MAHALPOZ
100
AcDbText
 10
1570.0
 20
600.4750000000001
 30
0.0
 40
10.08
  1
porselen R10
  7
YAZI
 72
1
 11
1570.0
 21
600.4750000000001
 31
0.0
100
AcDbText
  0
TEXT
  5
31F
330
17
100
AcDbEntity
  8
M-GOST-MAHALPOZ
100
AcDbText
 10
1850.0
 20
645.0
 30
0.0
 40
14.759999999999998
  1
AILE WC
  7
YAZI-KALIN
 72
1
 11
1850.0
 21
645.0
 31
0.0
100
AcDbText
  0
TEXT
  5
320
330
17
100
AcDbEntity
  8
M-GOST-MAHALPOZ
100
AcDbText
 10
1850.0
 20
621.4750000000001
 30
0.0
 40
11.159999999999998
  1
K-19 · 5,30 m²
  7
YAZI
 72
1
 11
1850.0
 21
621.4750000000001
 31
0.0
100
AcDbText
  0
TEXT
  5
321
330
17
100
AcDbEntity
  8
M-GOST-MAHALPOZ
100
AcDbText
 10
1850.0
 20
600.4750000000001
 30
0.0
 40
10.08
  1
porselen R10
  7
YAZI
 72
1
 11
1850.0
 21
600.4750000000001
 31
0.0
100
AcDbText
  0
TEXT
  5
322
330
17
100
AcDbEntity
  8
M-GOST-MAHALPOZ
100
AcDbText
 10
1520.0
 20
90.0
 30
0.0
 40
14.759999999999998
  1
AILE OTURMA ODASI
  7
YAZI-KALIN
 72
1
 11
1520.0
 21
90.0
 31
0.0
100
AcDbText
  0
TEXT
  5
323
330
17
100
AcDbEntity
  8
M-GOST-MAHALPOZ
100
AcDbText
 10
1520.0
 20
66.47500000000014
 30
0.0
 40
11.159999999999998
  1
K-20 · 33,30 m²
  7
YAZI
 72
1
 11
1520.0
 21
66.47500000000014
 31
0.0
100
AcDbText
  0
TEXT
  5
324
330
17
100
AcDbEntity
  8
M-GOST-MAHALPOZ
100
AcDbText
 10
1520.0
 20
45.475000000000136
 30
0.0
 40
10.08
  1
meşe parke
  7
YAZI
 72
1
 11
1520.0
 21
45.475000000000136
 31
0.0
100
AcDbText
  0
LWPOLYLINE
  5
326
330
17
100
AcDbEntity
  8
M-GOST-PLANKOT
100
AcDbPolyline
 90
3
 70
1
 10
919.0
 20
549.0
 10
941.0
 20
549.0
 10
930.0
 20
530.0
  0
HATCH
  5
327
330
17
100
AcDbEntity
  8
M-GOST-PLANKOT
100
AcDbHatch
 10
0.0
 20
0.0
 30
0.0
210
0.0
220
0.0
230
1.0
  2
SOLID
 70
1
 71
0
 91
1
 92
3
 72
0
 73
1
 93
3
 10
919.0
 20
549.0
 10
930.0
 20
549.0
 10
930.0
 20
530.0
 97
0
 75
1
 76
1
 98
0
  0
TEXT
  5
328
330
17
100
AcDbEntity
  8
M-GOST-PLANKOT
100
AcDbText
 10
948.0000000000001
 20
534.0
 30
0.0
 40
13.68
  1
+3.20
  7
YAZI-KALIN
 11
948.0000000000001
 21
534.0
 31
0.0
100
AcDbText
  0
DIMENSION
  5
32B
330
17
100
AcDbEntity
  8
M-GOST-DISOLCU
100
AcDbDimension
280
0
  2
*D1
  3
MIMARI-1-100
 10
0.0
 20
1740.0
 30
0.0
 11
80.0
 21
1751.48
 31
0.0
 70
32
 71
5
  1
<>
100
AcDbAlignedDimension
 13
0.0
 23
1510.0
 33
0.0
 14
160.0
 24
1510.0
 34
0.0
 50
0.0
100
AcDbRotatedDimension
  0
DIMENSION
  5
33E
330
17
100
AcDbEntity
  8
M-GOST-DISOLCU
100
AcDbDimension
280
0
  2
*D2
  3
MIMARI-1-100
 10
160.0
 20
1740.0
 30
0.0
 11
290.0
 21
1751.48
 31
0.0
 70
32
 71
5
  1
<>
100
AcDbAlignedDimension
 13
160.0
 23
1510.0
 33
0.0
 14
420.0
 24
1510.0
 34
0.0
 50
0.0
100
AcDbRotatedDimension
  0
DIMENSION
  5
34D
330
17
100
AcDbEntity
  8
M-GOST-DISOLCU
100
AcDbDimension
280
0
  2
*D3
  3
MIMARI-1-100
 10
420.0
 20
1740.0
 30
0.0
 11
525.0
 21
1751.48
 31
0.0
 70
32
 71
5
  1
<>
100
AcDbAlignedDimension
 13
420.0
 23
1510.0
 33
0.0
 14
630.0
 24
1510.0
 34
0.0
 50
0.0
100
AcDbRotatedDimension
  0
DIMENSION
  5
35C
330
17
100
AcDbEntity
  8
M-GOST-DISOLCU
100
AcDbDimension
280
0
  2
*D4
  3
MIMARI-1-100
 10
630.0
 20
1740.0
 30
0.0
 11
680.0
 21
1751.48
 31
0.0
 70
32
 71
5
  1
<>
100
AcDbAlignedDimension
 13
630.0
 23
1510.0
 33
0.0
 14
730.0
 24
1510.0
 34
0.0
 50
0.0
100
AcDbRotatedDimension
  0
DIMENSION
  5
36B
330
17
100
AcDbEntity
  8
M-GOST-DISOLCU
100
AcDbDimension
280
0
  2
*D5
  3
MIMARI-1-100
 10
730.0
 20
1740.0
 30
0.0
 11
780.0
 21
1751.48
 31
0.0
 70
32
 71
5
  1
<>
100
AcDbAlignedDimension
 13
730.0
 23
1510.0
 33
0.0
 14
830.0
 24
1510.0
 34
0.0
 50
0.0
100
AcDbRotatedDimension
  0
DIMENSION
  5
37A
330
17
100
AcDbEntity
  8
M-GOST-DISOLCU
100
AcDbDimension
280
0
  2
*D6
  3
MIMARI-1-100
 10
830.0
 20
1740.0
 30
0.0
 11
900.0
 21
1751.48
 31
0.0
 70
32
 71
5
  1
<>
100
AcDbAlignedDimension
 13
830.0
 23
1510.0
 33
0.0
 14
970.0
 24
1510.0
 34
0.0
 50
0.0
100
AcDbRotatedDimension
  0
DIMENSION
  5
389
330
17
100
AcDbEntity
  8
M-GOST-DISOLCU
100
AcDbDimension
280
0
  2
*D7
  3
MIMARI-1-100
 10
970.0
 20
1740.0
 30
0.0
 11
995.0
 21
1751.48
 31
0.0
 70
32
 71
5
  1
<>
100
AcDbAlignedDimension
 13
970.0
 23
1510.0
 33
0.0
 14
1020.0
 24
1510.0
 34
0.0
 50
0.0
100
AcDbRotatedDimension
  0
DIMENSION
  5
398
330
17
100
AcDbEntity
  8
M-GOST-DISOLCU
100
AcDbDimension
280
0
  2
*D8
  3
MIMARI-1-100
 10
1020.0
 20
1740.0
 30
0.0
 11
1110.0
 21
1751.48
 31
0.0
 70
32
 71
5
  1
<>
100
AcDbAlignedDimension
 13
1020.0
 23
1510.0
 33
0.0
 14
1200.0
 24
1510.0
 34
0.0
 50
0.0
100
AcDbRotatedDimension
  0
DIMENSION
  5
3A7
330
17
100
AcDbEntity
  8
M-GOST-DISOLCU
100
AcDbDimension
280
0
  2
*D9
  3
MIMARI-1-100
 10
1200.0
 20
1740.0
 30
0.0
 11
1370.0
 21
1751.48
 31
0.0
 70
32
 71
5
  1
<>
100
AcDbAlignedDimension
 13
1200.0
 23
1510.0
 33
0.0
 14
1540.0
 24
1510.0
 34
0.0
 50
0.0
100
AcDbRotatedDimension
  0
DIMENSION
  5
3B6
330
17
100
AcDbEntity
  8
M-GOST-DISOLCU
100
AcDbDimension
280
0
  2
*D10
  3
MIMARI-1-100
 10
1540.0
 20
1740.0
 30
0.0
 11
1700.0
 21
1751.48
 31
0.0
 70
32
 71
5
  1
<>
100
AcDbAlignedDimension
 13
1540.0
 23
1510.0
 33
0.0
 14
1860.0
 24
1510.0
 34
0.0
 50
0.0
100
AcDbRotatedDimension
  0
DIMENSION
  5
3C5
330
17
100
AcDbEntity
  8
M-GOST-DISOLCU
100
AcDbDimension
280
0
  2
*D11
  3
MIMARI-1-100
 10
1860.0
 20
1740.0
 30
0.0
 11
1930.0
 21
1751.48
 31
0.0
 70
32
 71
5
  1
<>
100
AcDbAlignedDimension
 13
1860.0
 23
1510.0
 33
0.0
 14
2000.0
 24
1510.0
 34
0.0
 50
0.0
100
AcDbRotatedDimension
  0
DIMENSION
  5
3D4
330
17
100
AcDbEntity
  8
M-GOST-DISOLCU
100
AcDbDimension
280
0
  2
*D12
  3
MIMARI-1-100
 10
0.0
 20
1800.0
 30
0.0
 11
390.0
 21
1811.48
 31
0.0
 70
32
 71
5
  1
<>
100
AcDbAlignedDimension
 13
0.0
 23
1800.0
 33
0.0
 14
780.0
 24
1800.0
 34
0.0
 50
0.0
100
AcDbRotatedDimension
  0
DIMENSION
  5
3E3
330
17
100
AcDbEntity
  8
M-GOST-DISOLCU
100
AcDbDimension
280
0
  2
*D13
  3
MIMARI-1-100
 10
780.0
 20
1800.0
 30
0.0
 11
1020.0
 21
1811.48
 31
0.0
 70
32
 71
5
  1
<>
100
AcDbAlignedDimension
 13
780.0
 23
1800.0
 33
0.0
 14
1260.0
 24
1800.0
 34
0.0
 50
0.0
100
AcDbRotatedDimension
  0
DIMENSION
  5
3F2
330
17
100
AcDbEntity
  8
M-GOST-DISOLCU
100
AcDbDimension
280
0
  2
*D14
  3
MIMARI-1-100
 10
1260.0
 20
1800.0
 30
0.0
 11
1630.0
 21
1811.48
 31
0.0
 70
32
 71
5
  1
<>
100
AcDbAlignedDimension
 13
1260.0
 23
1800.0
 33
0.0
 14
2000.0
 24
1800.0
 34
0.0
 50
0.0
100
AcDbRotatedDimension
  0
DIMENSION
  5
401
330
17
100
AcDbEntity
  8
M-GOST-DISOLCU
100
AcDbDimension
280
0
  2
*D15
  3
MIMARI-1-100
 10
0.0
 20
1860.0
 30
0.0
 11
1000.0
 21
1871.48
 31
0.0
 70
32
 71
5
  1
<>
100
AcDbAlignedDimension
 13
0.0
 23
1860.0
 33
0.0
 14
2000.0
 24
1860.0
 34
0.0
 50
0.0
100
AcDbRotatedDimension
  0
LINE
  5
411
330
17
100
AcDbEntity
  8
M-GOST-AKS
100
AcDbLine
 10
0.0
 20
1880.0
 30
0.0
 11
0.0
 21
-350.0
 31
0.0
  0
CIRCLE
  5
413
330
17
100
AcDbEntity
  8
M-GOST-AKSPOZ
100
AcDbCircle
 10
0.0
 20
1920.0
 30
0.0
 40
32.0
  0
TEXT
  5
414
330
17
100
AcDbEntity
  8
M-GOST-AKSPOZ
100
AcDbText
 10
0.0
 20
1908.0
 30
0.0
 40
23.04
  1
1
  7
YAZI-KALIN
 72
1
 11
0.0
 21
1908.0
 31
0.0
100
AcDbText
  0
LINE
  5
415
330
17
100
AcDbEntity
  8
M-GOST-AKS
100
AcDbLine
 10
780.0
 20
1880.0
 30
0.0
 11
780.0
 21
-350.0
 31
0.0
  0
CIRCLE
  5
416
330
17
100
AcDbEntity
  8
M-GOST-AKSPOZ
100
AcDbCircle
 10
780.0
 20
1920.0
 30
0.0
 40
32.0
  0
TEXT
  5
417
330
17
100
AcDbEntity
  8
M-GOST-AKSPOZ
100
AcDbText
 10
780.0
 20
1908.0
 30
0.0
 40
23.04
  1
2
  7
YAZI-KALIN
 72
1
 11
780.0
 21
1908.0
 31
0.0
100
AcDbText
  0
LINE
  5
418
330
17
100
AcDbEntity
  8
M-GOST-AKS
100
AcDbLine
 10
1260.0
 20
1880.0
 30
0.0
 11
1260.0
 21
-350.0
 31
0.0
  0
CIRCLE
  5
419
330
17
100
AcDbEntity
  8
M-GOST-AKSPOZ
100
AcDbCircle
 10
1260.0
 20
1920.0
 30
0.0
 40
32.0
  0
TEXT
  5
41A
330
17
100
AcDbEntity
  8
M-GOST-AKSPOZ
100
AcDbText
 10
1260.0
 20
1908.0
 30
0.0
 40
23.04
  1
3
  7
YAZI-KALIN
 72
1
 11
1260.0
 21
1908.0
 31
0.0
100
AcDbText
  0
LINE
  5
41B
330
17
100
AcDbEntity
  8
M-GOST-AKS
100
AcDbLine
 10
2000.0
 20
1880.0
 30
0.0
 11
2000.0
 21
-350.0
 31
0.0
  0
CIRCLE
  5
41C
330
17
100
AcDbEntity
  8
M-GOST-AKSPOZ
100
AcDbCircle
 10
2000.0
 20
1920.0
 30
0.0
 40
32.0
  0
TEXT
  5
41D
330
17
100
AcDbEntity
  8
M-GOST-AKSPOZ
100
AcDbText
 10
2000.0
 20
1908.0
 30
0.0
 40
23.04
  1
4
  7
YAZI-KALIN
 72
1
 11
2000.0
 21
1908.0
 31
0.0
100
AcDbText
  0
DIMENSION
  5
41E
330
17
100
AcDbEntity
  8
M-GOST-DISOLCU
100
AcDbDimension
280
0
  2
*D16
  3
MIMARI-1-100
 10
0.0
 20
-210.0
 30
0.0
 11
90.0
 21
-198.52
 31
0.0
 70
32
 71
5
  1
<>
100
AcDbAlignedDimension
 13
0.0
 23
-210.0
 33
0.0
 14
180.0
 24
-210.0
 34
0.0
 50
0.0
100
AcDbRotatedDimension
  0
DIMENSION
  5
42D
330
17
100
AcDbEntity
  8
M-GOST-DISOLCU
100
AcDbDimension
280
0
  2
*D17
  3
MIMARI-1-100
 10
180.0
 20
-210.0
 30
0.0
 11
390.0
 21
-198.52
 31
0.0
 70
32
 71
5
  1
<>
100
AcDbAlignedDimension
 13
180.0
 23
-210.0
 33
0.0
 14
600.0
 24
-210.0
 34
0.0
 50
0.0
100
AcDbRotatedDimension
  0
DIMENSION
  5
43C
330
17
100
AcDbEntity
  8
M-GOST-DISOLCU
100
AcDbDimension
280
0
  2
*D18
  3
MIMARI-1-100
 10
600.0
 20
-210.0
 30
0.0
 11
730.0
 21
-198.52
 31
0.0
 70
32
 71
5
  1
<>
100
AcDbAlignedDimension
 13
600.0
 23
-210.0
 33
0.0
 14
860.0
 24
-210.0
 34
0.0
 50
0.0
100
AcDbRotatedDimension
  0
DIMENSION
  5
44B
330
17
100
AcDbEntity
  8
M-GOST-DISOLCU
100
AcDbDimension
280
0
  2
*D19
  3
MIMARI-1-100
 10
860.0
 20
-210.0
 30
0.0
 11
1020.0
 21
-198.52
 31
0.0
 70
32
 71
5
  1
<>
100
AcDbAlignedDimension
 13
860.0
 23
-210.0
 33
0.0
 14
1180.0
 24
-210.0
 34
0.0
 50
0.0
100
AcDbRotatedDimension
  0
DIMENSION
  5
45A
330
17
100
AcDbEntity
  8
M-GOST-DISOLCU
100
AcDbDimension
280
0
  2
*D20
  3
MIMARI-1-100
 10
1180.0
 20
-210.0
 30
0.0
 11
1260.0
 21
-198.52
 31
0.0
 70
32
 71
5
  1
<>
100
AcDbAlignedDimension
 13
1180.0
 23
-210.0
 33
0.0
 14
1340.0
 24
-210.0
 34
0.0
 50
0.0
100
AcDbRotatedDimension
  0
DIMENSION
  5
469
330
17
100
AcDbEntity
  8
M-GOST-DISOLCU
100
AcDbDimension
280
0
  2
*D21
  3
MIMARI-1-100
 10
1340.0
 20
-210.0
 30
0.0
 11
1610.0
 21
-198.52
 31
0.0
 70
32
 71
5
  1
<>
100
AcDbAlignedDimension
 13
1340.0
 23
-210.0
 33
0.0
 14
1880.0
 24
-210.0
 34
0.0
 50
0.0
100
AcDbRotatedDimension
  0
DIMENSION
  5
478
330
17
100
AcDbEntity
  8
M-GOST-DISOLCU
100
AcDbDimension
280
0
  2
*D22
  3
MIMARI-1-100
 10
1880.0
 20
-210.0
 30
0.0
 11
1940.0
 21
-198.52
 31
0.0
 70
32
 71
5
  1
<>
100
AcDbAlignedDimension
 13
1880.0
 23
-210.0
 33
0.0
 14
2000.0
 24
-210.0
 34
0.0
 50
0.0
100
AcDbRotatedDimension
  0
DIMENSION
  5
487
330
17
100
AcDbEntity
  8
M-GOST-DISOLCU
100
AcDbDimension
280
0
  2
*D23
  3
MIMARI-1-100
 10
0.0
 20
-270.0
 30
0.0
 11
390.0
 21
-258.52
 31
0.0
 70
32
 71
5
  1
<>
100
AcDbAlignedDimension
 13
0.0
 23
-270.0
 33
0.0
 14
780.0
 24
-270.0
 34
0.0
 50
0.0
100
AcDbRotatedDimension
  0
DIMENSION
  5
496
330
17
100
AcDbEntity
  8
M-GOST-DISOLCU
100
AcDbDimension
280
0
  2
*D24
  3
MIMARI-1-100
 10
780.0
 20
-270.0
 30
0.0
 11
1020.0
 21
-258.52
 31
0.0
 70
32
 71
5
  1
<>
100
AcDbAlignedDimension
 13
780.0
 23
-270.0
 33
0.0
 14
1260.0
 24
-270.0
 34
0.0
 50
0.0
100
AcDbRotatedDimension
  0
DIMENSION
  5
4A5
330
17
100
AcDbEntity
  8
M-GOST-DISOLCU
100
AcDbDimension
280
0
  2
*D25
  3
MIMARI-1-100
 10
1260.0
 20
-270.0
 30
0.0
 11
1630.0
 21
-258.52
 31
0.0
 70
32
 71
5
  1
<>
100
AcDbAlignedDimension
 13
1260.0
 23
-270.0
 33
0.0
 14
2000.0
 24
-270.0
 34
0.0
 50
0.0
100
AcDbRotatedDimension
  0
DIMENSION
  5
4B4
330
17
100
AcDbEntity
  8
M-GOST-DISOLCU
100
AcDbDimension
280
0
  2
*D26
  3
MIMARI-1-100
 10
0.0
 20
-330.0
 30
0.0
 11
1000.0
 21
-318.52
 31
0.0
 70
32
 71
5
  1
<>
100
AcDbAlignedDimension
 13
0.0
 23
-330.0
 33
0.0
 14
2000.0
 24
-330.0
 34
0.0
 50
0.0
100
AcDbRotatedDimension
  0
CIRCLE
  5
4C3
330
17
100
AcDbEntity
  8
M-GOST-AKSPOZ
100
AcDbCircle
 10
0.0
 20
-395.0
 30
0.0
 40
32.0
  0
TEXT
  5
4C4
330
17
100
AcDbEntity
  8
M-GOST-AKSPOZ
100
AcDbText
 10
0.0
 20
-407.0
 30
0.0
 40
23.04
  1
1
  7
YAZI-KALIN
 72
1
 11
0.0
 21
-407.0
 31
0.0
100
AcDbText
  0
CIRCLE
  5
4C5
330
17
100
AcDbEntity
  8
M-GOST-AKSPOZ
100
AcDbCircle
 10
780.0
 20
-395.0
 30
0.0
 40
32.0
  0
TEXT
  5
4C6
330
17
100
AcDbEntity
  8
M-GOST-AKSPOZ
100
AcDbText
 10
780.0
 20
-407.0
 30
0.0
 40
23.04
  1
2
  7
YAZI-KALIN
 72
1
 11
780.0
 21
-407.0
 31
0.0
100
AcDbText
  0
CIRCLE
  5
4C7
330
17
100
AcDbEntity
  8
M-GOST-AKSPOZ
100
AcDbCircle
 10
1260.0
 20
-395.0
 30
0.0
 40
32.0
  0
TEXT
  5
4C8
330
17
100
AcDbEntity
  8
M-GOST-AKSPOZ
100
AcDbText
 10
1260.0
 20
-407.0
 30
0.0
 40
23.04
  1
3
  7
YAZI-KALIN
 72
1
 11
1260.0
 21
-407.0
 31
0.0
100
AcDbText
  0
CIRCLE
  5
4C9
330
17
100
AcDbEntity
  8
M-GOST-AKSPOZ
100
AcDbCircle
 10
2000.0
 20
-395.0
 30
0.0
 40
32.0
  0
TEXT
  5
4CA
330
17
100
AcDbEntity
  8
M-GOST-AKSPOZ
100
AcDbText
 10
2000.0
 20
-407.0
 30
0.0
 40
23.04
  1
4
  7
YAZI-KALIN
 72
1
 11
2000.0
 21
-407.0
 31
0.0
100
AcDbText
  0
DIMENSION
  5
4CB
330
17
100
AcDbEntity
  8
M-GOST-DISOLCU
100
AcDbDimension
280
0
  2
*D27
  3
MIMARI-1-100
 10
-120.0
 20
1500.0
 30
0.0
 11
-108.52
 21
1440.0
 31
0.0
 70
32
 71
5
  1
<>
100
AcDbAlignedDimension
 13
-120.0
 23
1500.0
 33
0.0
 14
-120.0
 24
1380.0
 34
0.0
 50
90.0
100
AcDbRotatedDimension
  0
DIMENSION
  5
4DA
330
17
100
AcDbEntity
  8
M-GOST-DISOLCU
100
AcDbDimension
280
0
  2
*D28
  3
MIMARI-1-100
 10
-120.0
 20
1380.0
 30
0.0
 11
-108.52
 21
1250.0
 31
0.0
 70
32
 71
5
  1
<>
100
AcDbAlignedDimension
 13
-120.0
 23
1380.0
 33
0.0
 14
-120.0
 24
1120.0
 34
0.0
 50
90.0
100
AcDbRotatedDimension
  0
DIMENSION
  5
4E9
330
17
100
AcDbEntity
  8
M-GOST-DISOLCU
100
AcDbDimension
280
0
  2
*D29
  3
MIMARI-1-100
 10
-120.0
 20
1120.0
 30
0.0
 11
-108.52
 21
1000.0
 31
0.0
 70
32
 71
5
  1
<>
100
AcDbAlignedDimension
 13
-120.0
 23
1120.0
 33
0.0
 14
-120.0
 24
880.0
 34
0.0
 50
90.0
100
AcDbRotatedDimension
  0
DIMENSION
  5
4F8
330
17
100
AcDbEntity
  8
M-GOST-DISOLCU
100
AcDbDimension
280
0
  2
*D30
  3
MIMARI-1-100
 10
-120.0
 20
880.0
 30
0.0
 11
-108.52
 21
760.0
 31
0.0
 70
32
 71
5
  1
<>
100
AcDbAlignedDimension
 13
-120.0
 23
880.0
 33
0.0
 14
-120.0
 24
640.0
 34
0.0
 50
90.0
100
AcDbRotatedDimension
  0
DIMENSION
  5
507
330
17
100
AcDbEntity
  8
M-GOST-DISOLCU
100
AcDbDimension
280
0
  2
*D31
  3
MIMARI-1-100
 10
-120.0
 20
640.0
 30
0.0
 11
-108.52
 21
505.0
 31
0.0
 70
32
 71
5
  1
<>
100
AcDbAlignedDimension
 13
-120.0
 23
640.0
 33
0.0
 14
-120.0
 24
370.0
 34
0.0
 50
90.0
100
AcDbRotatedDimension
  0
DIMENSION
  5
516
330
17
100
AcDbEntity
  8
M-GOST-DISOLCU
100
AcDbDimension
280
0
  2
*D32
  3
MIMARI-1-100
 10
-120.0
 20
370.0
 30
0.0
 11
-108.52
 21
240.0
 31
0.0
 70
32
 71
5
  1
<>
100
AcDbAlignedDimension
 13
-120.0
 23
370.0
 33
0.0
 14
-120.0
 24
110.0
 34
0.0
 50
90.0
100
AcDbRotatedDimension
  0
DIMENSION
  5
525
330
17
100
AcDbEntity
  8
M-GOST-DISOLCU
100
AcDbDimension
280
0
  2
*D33
  3
MIMARI-1-100
 10
-120.0
 20
110.0
 30
0.0
 11
-108.52
 21
55.0
 31
0.0
 70
32
 71
5
  1
<>
100
AcDbAlignedDimension
 13
-120.0
 23
110.0
 33
0.0
 14
-120.0
 24
0.0
 34
0.0
 50
90.0
100
AcDbRotatedDimension
  0
DIMENSION
  5
534
330
17
100
AcDbEntity
  8
M-GOST-DISOLCU
100
AcDbDimension
280
0
  2
*D34
  3
MIMARI-1-100
 10
-180.0
 20
1500.0
 30
0.0
 11
-168.52
 21
1240.0
 31
0.0
 70
32
 71
5
  1
<>
100
AcDbAlignedDimension
 13
-180.0
 23
1500.0
 33
0.0
 14
-180.0
 24
980.0
 34
0.0
 50
90.0
100
AcDbRotatedDimension
  0
DIMENSION
  5
543
330
17
100
AcDbEntity
  8
M-GOST-DISOLCU
100
AcDbDimension
280
0
  2
*D35
  3
MIMARI-1-100
 10
-180.0
 20
980.0
 30
0.0
 11
-168.52
 21
740.0
 31
0.0
 70
32
 71
5
  1
<>
100
AcDbAlignedDimension
 13
-180.0
 23
980.0
 33
0.0
 14
-180.0
 24
500.0
 34
0.0
 50
90.0
100
AcDbRotatedDimension
  0
DIMENSION
  5
552
330
17
100
AcDbEntity
  8
M-GOST-DISOLCU
100
AcDbDimension
280
0
  2
*D36
  3
MIMARI-1-100
 10
-180.0
 20
500.0
 30
0.0
 11
-168.52
 21
250.0
 31
0.0
 70
32
 71
5
  1
<>
100
AcDbAlignedDimension
 13
-180.0
 23
500.0
 33
0.0
 14
-180.0
 24
0.0
 34
0.0
 50
90.0
100
AcDbRotatedDimension
  0
DIMENSION
  5
561
330
17
100
AcDbEntity
  8
M-GOST-DISOLCU
100
AcDbDimension
280
0
  2
*D37
  3
MIMARI-1-100
 10
-240.0
 20
1500.0
 30
0.0
 11
-228.52
 21
750.0
 31
0.0
 70
32
 71
5
  1
<>
100
AcDbAlignedDimension
 13
-240.0
 23
1500.0
 33
0.0
 14
-240.0
 24
0.0
 34
0.0
 50
90.0
100
AcDbRotatedDimension
  0
LINE
  5
570
330
17
100
AcDbEntity
  8
M-GOST-AKS
100
AcDbLine
 10
-260.0
 20
1500.0
 30
0.0
 11
2210.0
 21
1500.0
 31
0.0
  0
CIRCLE
  5
571
330
17
100
AcDbEntity
  8
M-GOST-AKSPOZ
100
AcDbCircle
 10
-300.0
 20
1500.0
 30
0.0
 40
32.0
  0
TEXT
  5
572
330
17
100
AcDbEntity
  8
M-GOST-AKSPOZ
100
AcDbText
 10
-300.0
 20
1488.0
 30
0.0
 40
23.04
  1
A
  7
YAZI-KALIN
 72
1
 11
-300.0
 21
1488.0
 31
0.0
100
AcDbText
  0
LINE
  5
573
330
17
100
AcDbEntity
  8
M-GOST-AKS
100
AcDbLine
 10
-260.0
 20
980.0
 30
0.0
 11
2210.0
 21
980.0
 31
0.0
  0
CIRCLE
  5
574
330
17
100
AcDbEntity
  8
M-GOST-AKSPOZ
100
AcDbCircle
 10
-300.0
 20
980.0
 30
0.0
 40
32.0
  0
TEXT
  5
575
330
17
100
AcDbEntity
  8
M-GOST-AKSPOZ
100
AcDbText
 10
-300.0
 20
968.0
 30
0.0
 40
23.04
  1
B
  7
YAZI-KALIN
 72
1
 11
-300.0
 21
968.0
 31
0.0
100
AcDbText
  0
LINE
  5
576
330
17
100
AcDbEntity
  8
M-GOST-AKS
100
AcDbLine
 10
-260.0
 20
500.0
 30
0.0
 11
2210.0
 21
500.0
 31
0.0
  0
CIRCLE
  5
577
330
17
100
AcDbEntity
  8
M-GOST-AKSPOZ
100
AcDbCircle
 10
-300.0
 20
500.0
 30
0.0
 40
32.0
  0
TEXT
  5
578
330
17
100
AcDbEntity
  8
M-GOST-AKSPOZ
100
AcDbText
 10
-300.0
 20
488.0000000000001
 30
0.0
 40
23.04
  1
C
  7
YAZI-KALIN
 72
1
 11
-300.0
 21
488.0000000000001
 31
0.0
100
AcDbText
  0
LINE
  5
579
330
17
100
AcDbEntity
  8
M-GOST-AKS
100
AcDbLine
 10
-260.0
 20
0.0
 30
0.0
 11
2210.0
 21
0.0
 31
0.0
  0
CIRCLE
  5
57A
330
17
100
AcDbEntity
  8
M-GOST-AKSPOZ
100
AcDbCircle
 10
-300.0
 20
0.0
 30
0.0
 40
32.0
  0
TEXT
  5
57B
330
17
100
AcDbEntity
  8
M-GOST-AKSPOZ
100
AcDbText
 10
-300.0
 20
-12.0
 30
0.0
 40
23.04
  1
D
  7
YAZI-KALIN
 72
1
 11
-300.0
 21
-12.0
 31
0.0
100
AcDbText
  0
DIMENSION
  5
57C
330
17
100
AcDbEntity
  8
M-GOST-DISOLCU
100
AcDbDimension
280
0
  2
*D38
  3
MIMARI-1-100
 10
2070.0
 20
1500.0
 30
0.0
 11
2081.48
 21
1450.0
 31
0.0
 70
32
 71
5
  1
<>
100
AcDbAlignedDimension
 13
2070.0
 23
1500.0
 33
0.0
 14
2070.0
 24
1400.0
 34
0.0
 50
90.0
100
AcDbRotatedDimension
  0
DIMENSION
  5
58B
330
17
100
AcDbEntity
  8
M-GOST-DISOLCU
100
AcDbDimension
280
0
  2
*D39
  3
MIMARI-1-100
 10
2070.0
 20
1400.0
 30
0.0
 11
2081.48
 21
1270.0
 31
0.0
 70
32
 71
5
  1
<>
100
AcDbAlignedDimension
 13
2070.0
 23
1400.0
 33
0.0
 14
2070.0
 24
1140.0
 34
0.0
 50
90.0
100
AcDbRotatedDimension
  0
DIMENSION
  5
59A
330
17
100
AcDbEntity
  8
M-GOST-DISOLCU
100
AcDbDimension
280
0
  2
*D40
  3
MIMARI-1-100
 10
2070.0
 20
1140.0
 30
0.0
 11
2081.48
 21
1035.0
 31
0.0
 70
32
 71
5
  1
<>
100
AcDbAlignedDimension
 13
2070.0
 23
1140.0
 33
0.0
 14
2070.0
 24
930.0
 34
0.0
 50
90.0
100
AcDbRotatedDimension
  0
DIMENSION
  5
5A9
330
17
100
AcDbEntity
  8
M-GOST-DISOLCU
100
AcDbDimension
280
0
  2
*D41
  3
MIMARI-1-100
 10
2070.0
 20
930.0
 30
0.0
 11
2081.48
 21
880.0
 31
0.0
 70
32
 71
5
  1
<>
100
AcDbAlignedDimension
 13
2070.0
 23
930.0
 33
0.0
 14
2070.0
 24
830.0
 34
0.0
 50
90.0
100
AcDbRotatedDimension
  0
DIMENSION
  5
5B8
330
17
100
AcDbEntity
  8
M-GOST-DISOLCU
100
AcDbDimension
280
0
  2
*D42
  3
MIMARI-1-100
 10
2070.0
 20
830.0
 30
0.0
 11
2081.48
 21
765.0
 31
0.0
 70
32
 71
5
  1
<>
100
AcDbAlignedDimension
 13
2070.0
 23
830.0
 33
0.0
 14
2070.0
 24
700.0
 34
0.0
 50
90.0
100
AcDbRotatedDimension
  0
DIMENSION
  5
5C7
330
17
100
AcDbEntity
  8
M-GOST-DISOLCU
100
AcDbDimension
280
0
  2
*D43
  3
MIMARI-1-100
 10
2070.0
 20
700.0
 30
0.0
 11
2081.48
 21
650.0
 31
0.0
 70
32
 71
5
  1
<>
100
AcDbAlignedDimension
 13
2070.0
 23
700.0
 33
0.0
 14
2070.0
 24
600.0
 34
0.0
 50
90.0
100
AcDbRotatedDimension
  0
DIMENSION
  5
5D6
330
17
100
AcDbEntity
  8
M-GOST-DISOLCU
100
AcDbDimension
280
0
  2
*D44
  3
MIMARI-1-100
 10
2070.0
 20
600.0
 30
0.0
 11
2081.48
 21
510.0
 31
0.0
 70
32
 71
5
  1
<>
100
AcDbAlignedDimension
 13
2070.0
 23
600.0
 33
0.0
 14
2070.0
 24
420.0
 34
0.0
 50
90.0
100
AcDbRotatedDimension
  0
DIMENSION
  5
5E5
330
17
100
AcDbEntity
  8
M-GOST-DISOLCU
100
AcDbDimension
280
0
  2
*D45
  3
MIMARI-1-100
 10
2070.0
 20
420.0
 30
0.0
 11
2081.48
 21
260.0
 31
0.0
 70
32
 71
5
  1
<>
100
AcDbAlignedDimension
 13
2070.0
 23
420.0
 33
0.0
 14
2070.0
 24
100.0
 34
0.0
 50
90.0
100
AcDbRotatedDimension
  0
DIMENSION
  5
5F4
330
17
100
AcDbEntity
  8
M-GOST-DISOLCU
100
AcDbDimension
280
0
  2
*D46
  3
MIMARI-1-100
 10
2070.0
 20
100.0
 30
0.0
 11
2081.48
 21
50.0
 31
0.0
 70
32
 71
5
  1
<>
100
AcDbAlignedDimension
 13
2070.0
 23
100.0
 33
0.0
 14
2070.0
 24
0.0
 34
0.0
 50
90.0
100
AcDbRotatedDimension
  0
DIMENSION
  5
603
330
17
100
AcDbEntity
  8
M-GOST-DISOLCU
100
AcDbDimension
280
0
  2
*D47
  3
MIMARI-1-100
 10
2130.0
 20
1500.0
 30
0.0
 11
2141.48
 21
1240.0
 31
0.0
 70
32
 71
5
  1
<>
100
AcDbAlignedDimension
 13
2130.0
 23
1500.0
 33
0.0
 14
2130.0
 24
980.0
 34
0.0
 50
90.0
100
AcDbRotatedDimension
  0
DIMENSION
  5
612
330
17
100
AcDbEntity
  8
M-GOST-DISOLCU
100
AcDbDimension
280
0
  2
*D48
  3
MIMARI-1-100
 10
2130.0
 20
980.0
 30
0.0
 11
2141.48
 21
740.0
 31
0.0
 70
32
 71
5
  1
<>
100
AcDbAlignedDimension
 13
2130.0
 23
980.0
 33
0.0
 14
2130.0
 24
500.0
 34
0.0
 50
90.0
100
AcDbRotatedDimension
  0
DIMENSION
  5
621
330
17
100
AcDbEntity
  8
M-GOST-DISOLCU
100
AcDbDimension
280
0
  2
*D49
  3
MIMARI-1-100
 10
2130.0
 20
500.0
 30
0.0
 11
2141.48
 21
250.0
 31
0.0
 70
32
 71
5
  1
<>
100
AcDbAlignedDimension
 13
2130.0
 23
500.0
 33
0.0
 14
2130.0
 24
0.0
 34
0.0
 50
90.0
100
AcDbRotatedDimension
  0
DIMENSION
  5
630
330
17
100
AcDbEntity
  8
M-GOST-DISOLCU
100
AcDbDimension
280
0
  2
*D50
  3
MIMARI-1-100
 10
2190.0
 20
1500.0
 30
0.0
 11
2201.48
 21
750.0
 31
0.0
 70
32
 71
5
  1
<>
100
AcDbAlignedDimension
 13
2190.0
 23
1500.0
 33
0.0
 14
2190.0
 24
0.0
 34
0.0
 50
90.0
100
AcDbRotatedDimension
  0
CIRCLE
  5
63F
330
17
100
AcDbEntity
  8
M-GOST-AKSPOZ
100
AcDbCircle
 10
2255.0
 20
1500.0
 30
0.0
 40
32.0
  0
TEXT
  5
640
330
17
100
AcDbEntity
  8
M-GOST-AKSPOZ
100
AcDbText
 10
2255.0
 20
1488.0
 30
0.0
 40
23.04
  1
A
  7
YAZI-KALIN
 72
1
 11
2255.0
 21
1488.0
 31
0.0
100
AcDbText
  0
CIRCLE
  5
641
330
17
100
AcDbEntity
  8
M-GOST-AKSPOZ
100
AcDbCircle
 10
2255.0
 20
980.0
 30
0.0
 40
32.0
  0
TEXT
  5
642
330
17
100
AcDbEntity
  8
M-GOST-AKSPOZ
100
AcDbText
 10
2255.0
 20
968.0
 30
0.0
 40
23.04
  1
B
  7
YAZI-KALIN
 72
1
 11
2255.0
 21
968.0
 31
0.0
100
AcDbText
  0
CIRCLE
  5
643
330
17
100
AcDbEntity
  8
M-GOST-AKSPOZ
100
AcDbCircle
 10
2255.0
 20
500.0
 30
0.0
 40
32.0
  0
TEXT
  5
644
330
17
100
AcDbEntity
  8
M-GOST-AKSPOZ
100
AcDbText
 10
2255.0
 20
488.0000000000001
 30
0.0
 40
23.04
  1
C
  7
YAZI-KALIN
 72
1
 11
2255.0
 21
488.0000000000001
 31
0.0
100
AcDbText
  0
CIRCLE
  5
645
330
17
100
AcDbEntity
  8
M-GOST-AKSPOZ
100
AcDbCircle
 10
2255.0
 20
0.0
 30
0.0
 40
32.0
  0
TEXT
  5
646
330
17
100
AcDbEntity
  8
M-GOST-AKSPOZ
100
AcDbText
 10
2255.0
 20
-12.0
 30
0.0
 40
23.04
  1
D
  7
YAZI-KALIN
 72
1
 11
2255.0
 21
-12.0
 31
0.0
100
AcDbText
  0
DIMENSION
  5
648
330
17
100
AcDbEntity
  8
M-GOST-ICOLCU
100
AcDbDimension
280
0
  2
*D51
  3
MIMARI-1-100
 10
0.0
 20
270.0
 30
0.0
 11
17.5
 21
281.48
 31
0.0
 70
32
 71
5
  1
<>
100
AcDbAlignedDimension
 13
0.0
 23
270.0
 33
0.0
 14
35.0
 24
270.0
 34
0.0
 50
0.0
100
AcDbRotatedDimension
  0
DIMENSION
  5
657
330
17
100
AcDbEntity
  8
M-GOST-ICOLCU
100
AcDbDimension
280
0
  2
*D52
  3
MIMARI-1-100
 10
35.0
 20
270.0
 30
0.0
 11
403.75
 21
281.48
 31
0.0
 70
32
 71
5
  1
<>
100
AcDbAlignedDimension
 13
35.0
 23
270.0
 33
0.0
 14
772.5
 24
270.0
 34
0.0
 50
0.0
100
AcDbRotatedDimension
  0
DIMENSION
  5
666
330
17
100
AcDbEntity
  8
M-GOST-ICOLCU
100
AcDbDimension
280
0
  2
*D53
  3
MIMARI-1-100
 10
772.5
 20
270.0
 30
0.0
 11
780.0
 21
293.48
 31
0.0
 70
32
 71
5
  1
<>
100
AcDbAlignedDimension
 13
772.5
 23
270.0
 33
0.0
 14
787.5
 24
270.0
 34
0.0
 50
0.0
100
AcDbRotatedDimension
  0
DIMENSION
  5
675
330
17
100
AcDbEntity
  8
M-GOST-ICOLCU
100
AcDbDimension
280
0
  2
*D54
  3
MIMARI-1-100
 10
787.5
 20
270.0
 30
0.0
 11
920.0
 21
281.48
 31
0.0
 70
32
 71
5
  1
<>
100
AcDbAlignedDimension
 13
787.5
 23
270.0
 33
0.0
 14
1052.5
 24
270.0
 34
0.0
 50
0.0
100
AcDbRotatedDimension
  0
DIMENSION
  5
684
330
17
100
AcDbEntity
  8
M-GOST-ICOLCU
100
AcDbDimension
280
0
  2
*D55
  3
MIMARI-1-100
 10
1052.5
 20
270.0
 30
0.0
 11
1060.0
 21
293.48
 31
0.0
 70
32
 71
5
  1
<>
100
AcDbAlignedDimension
 13
1052.5
 23
270.0
 33
0.0
 14
1067.5
 24
270.0
 34
0.0
 50
0.0
100
AcDbRotatedDimension
  0
DIMENSION
  5
693
330
17
100
AcDbEntity
  8
M-GOST-ICOLCU
100
AcDbDimension
280
0
  2
*D56
  3
MIMARI-1-100
 10
1067.5
 20
270.0
 30
0.0
 11
1160.0
 21
281.48
 31
0.0
 70
32
 71
5
  1
<>
100
AcDbAlignedDimension
 13
1067.5
 23
270.0
 33
0.0
 14
1252.5
 24
270.0
 34
0.0
 50
0.0
100
AcDbRotatedDimension
  0
DIMENSION
  5
6A2
330
17
100
AcDbEntity
  8
M-GOST-ICOLCU
100
AcDbDimension
280
0
  2
*D57
  3
MIMARI-1-100
 10
1252.5
 20
270.0
 30
0.0
 11
1260.0
 21
293.48
 31
0.0
 70
32
 71
5
  1
<>
100
AcDbAlignedDimension
 13
1252.5
 23
270.0
 33
0.0
 14
1267.5
 24
270.0
 34
0.0
 50
0.0
100
AcDbRotatedDimension
  0
DIMENSION
  5
6B1
330
17
100
AcDbEntity
  8
M-GOST-ICOLCU
100
AcDbDimension
280
0
  2
*D58
  3
MIMARI-1-100
 10
1267.5
 20
270.0
 30
0.0
 11
1616.25
 21
281.48
 31
0.0
 70
32
 71
5
  1
<>
100
AcDbAlignedDimension
 13
1267.5
 23
270.0
 33
0.0
 14
1965.0
 24
270.0
 34
0.0
 50
0.0
100
AcDbRotatedDimension
  0
DIMENSION
  5
6C0
330
17
100
AcDbEntity
  8
M-GOST-ICOLCU
100
AcDbDimension
280
0
  2
*D59
  3
MIMARI-1-100
 10
1965.0
 20
270.0
 30
0.0
 11
1982.5
 21
281.48
 31
0.0
 70
32
 71
5
  1
<>
100
AcDbAlignedDimension
 13
1965.0
 23
270.0
 33
0.0
 14
2000.0
 24
270.0
 34
0.0
 50
0.0
100
AcDbRotatedDimension
  0
DIMENSION
  5
6CF
330
17
100
AcDbEntity
  8
M-GOST-ICOLCU
100
AcDbDimension
280
0
  2
*D60
  3
MIMARI-1-100
 10
300.0
 20
1500.0
 30
0.0
 11
311.48
 21
1482.5
 31
0.0
 70
32
 71
5
  1
<>
100
AcDbAlignedDimension
 13
300.0
 23
1500.0
 33
0.0
 14
300.0
 24
1465.0
 34
0.0
 50
90.0
100
AcDbRotatedDimension
  0
DIMENSION
  5
6DE
330
17
100
AcDbEntity
  8
M-GOST-ICOLCU
100
AcDbDimension
280
0
  2
*D61
  3
MIMARI-1-100
 10
300.0
 20
1465.0
 30
0.0
 11
311.48
 21
1226.25
 31
0.0
 70
32
 71
5
  1
<>
100
AcDbAlignedDimension
 13
300.0
 23
1465.0
 33
0.0
 14
300.0
 24
987.5
 34
0.0
 50
90.0
100
AcDbRotatedDimension
  0
DIMENSION
  5
6ED
330
17
100
AcDbEntity
  8
M-GOST-ICOLCU
100
AcDbDimension
280
0
  2
*D62
  3
MIMARI-1-100
 10
300.0
 20
987.5
 30
0.0
 11
323.48
 21
980.0
 31
0.0
 70
32
 71
5
  1
<>
100
AcDbAlignedDimension
 13
300.0
 23
987.5
 33
0.0
 14
300.0
 24
972.5
 34
0.0
 50
90.0
100
AcDbRotatedDimension
  0
DIMENSION
  5
6FC
330
17
100
AcDbEntity
  8
M-GOST-ICOLCU
100
AcDbDimension
280
0
  2
*D63
  3
MIMARI-1-100
 10
300.0
 20
972.5
 30
0.0
 11
311.48
 21
740.0
 31
0.0
 70
32
 71
5
  1
<>
100
AcDbAlignedDimension
 13
300.0
 23
972.5
 33
0.0
 14
300.0
 24
507.5
 34
0.0
 50
90.0
100
AcDbRotatedDimension
  0
DIMENSION
  5
70B
330
17
100
AcDbEntity
  8
M-GOST-ICOLCU
100
AcDbDimension
280
0
  2
*D64
  3
MIMARI-1-100
 10
300.0
 20
507.5
 30
0.0
 11
323.48
 21
500.0
 31
0.0
 70
32
 71
5
  1
<>
100
AcDbAlignedDimension
 13
300.0
 23
507.5
 33
0.0
 14
300.0
 24
492.5
 34
0.0
 50
90.0
100
AcDbRotatedDimension
  0
DIMENSION
  5
71A
330
17
100
AcDbEntity
  8
M-GOST-ICOLCU
100
AcDbDimension
280
0
  2
*D65
  3
MIMARI-1-100
 10
300.0
 20
492.5
 30
0.0
 11
311.48
 21
263.75
 31
0.0
 70
32
 71
5
  1
<>
100
AcDbAlignedDimension
 13
300.0
 23
492.5
 33
0.0
 14
300.0
 24
35.0
 34
0.0
 50
90.0
100
AcDbRotatedDimension
  0
DIMENSION
  5
729
330
17
100
AcDbEntity
  8
M-GOST-ICOLCU
100
AcDbDimension
280
0
  2
*D66
  3
MIMARI-1-100
 10
300.0
 20
35.0
 30
0.0
 11
311.48
 21
17.5
 31
0.0
 70
32
 71
5
  1
<>
100
AcDbAlignedDimension
 13
300.0
 23
35.0
 33
0.0
 14
300.0
 24
0.0
 34
0.0
 50
90.0
100
AcDbRotatedDimension
  0
LINE
  5
739
330
17
100
AcDbEntity
  8
M-GOST-KESITHATTI
100
AcDbLine
 10
920.0
 20
2030.0
 30
0.0
 11
920.0
 21
1940.0
 31
0.0
  0
LINE
  5
73A
330
17
100
AcDbEntity
  8
M-GOST-KESITHATTI
100
AcDbLine
 10
920.0
 20
-420.0
 30
0.0
 11
920.0
 21
-510.0
 31
0.0
  0
LINE
  5
73B
330
17
100
AcDbEntity
  8
M-GOST-KESITHATTI
100
AcDbLine
 10
920.0
 20
1940.0
 30
0.0
 11
920.0
 21
-420.0
 31
0.0
  0
HATCH
  5
73C
330
17
100
AcDbEntity
  8
M-GOST-KESITHATTI
100
AcDbHatch
 10
0.0
 20
0.0
 30
0.0
210
0.0
220
0.0
230
1.0
  2
SOLID
 70
1
 71
0
 91
1
 92
3
 72
0
 73
1
 93
3
 10
920.0
 20
2048.0
 10
965.0
 20
2030.0
 10
920.0
 20
2012.0
 97
0
 75
1
 76
1
 98
0
  0
TEXT
  5
73D
330
17
100
AcDbEntity
  8
M-GOST-KESITHATTI
100
AcDbText
 10
901.9999999999999
 20
2018.0
 30
0.0
 40
25.92
  1
A
  7
YAZI-KALIN
 72
2
 11
901.9999999999999
 21
2018.0
 31
0.0
100
AcDbText
  0
HATCH
  5
73E
330
17
100
AcDbEntity
  8
M-GOST-KESITHATTI
100
AcDbHatch
 10
0.0
 20
0.0
 30
0.0
210
0.0
220
0.0
230
1.0
  2
SOLID
 70
1
 71
0
 91
1
 92
3
 72
0
 73
1
 93
3
 10
920.0
 20
-492.0
 10
965.0
 20
-510.0
 10
920.0
 20
-528.0
 97
0
 75
1
 76
1
 98
0
  0
TEXT
  5
73F
330
17
100
AcDbEntity
  8
M-GOST-KESITHATTI
100
AcDbText
 10
901.9999999999999
 20
-522.0
 30
0.0
 40
25.92
  1
A
  7
YAZI-KALIN
 72
2
 11
901.9999999999999
 21
-522.0
 31
0.0
100
AcDbText
  0
LINE
  5
740
330
17
100
AcDbEntity
  8
M-GOST-KESITHATTI
100
AcDbLine
 10
-410.0
 20
270.0
 30
0.0
 11
-320.0
 21
270.0
 31
0.0
  0
LINE
  5
741
330
17
100
AcDbEntity
  8
M-GOST-KESITHATTI
100
AcDbLine
 10
2270.0
 20
270.0
 30
0.0
 11
2360.0
 21
270.0
 31
0.0
  0
LINE
  5
742
330
17
100
AcDbEntity
  8
M-GOST-KESITHATTI
100
AcDbLine
 10
-320.0
 20
270.0
 30
0.0
 11
2270.0
 21
270.0
 31
0.0
  0
HATCH
  5
743
330
17
100
AcDbEntity
  8
M-GOST-KESITHATTI
100
AcDbHatch
 10
0.0
 20
0.0
 30
0.0
210
0.0
220
0.0
230
1.0
  2
SOLID
 70
1
 71
0
 91
1
 92
3
 72
0
 73
1
 93
3
 10
-428.0
 20
270.0
 10
-410.0
 20
315.0
 10
-392.0
 20
270.0
 97
0
 75
1
 76
1
 98
0
  0
TEXT
  5
744
330
17
100
AcDbEntity
  8
M-GOST-KESITHATTI
100
AcDbText
 10
-398.0
 20
228.0
 30
0.0
 40
25.92
  1
B
  7
YAZI-KALIN
 72
1
 11
-398.0
 21
228.0
 31
0.0
100
AcDbText
  0
HATCH
  5
745
330
17
100
AcDbEntity
  8
M-GOST-KESITHATTI
100
AcDbHatch
 10
0.0
 20
0.0
 30
0.0
210
0.0
220
0.0
230
1.0
  2
SOLID
 70
1
 71
0
 91
1
 92
3
 72
0
 73
1
 93
3
 10
2342.0
 20
270.0
 10
2360.0
 20
315.0
 10
2378.0
 20
270.0
 97
0
 75
1
 76
1
 98
0
  0
TEXT
  5
746
330
17
100
AcDbEntity
  8
M-GOST-KESITHATTI
100
AcDbText
 10
2372.0
 20
228.0
 30
0.0
 40
25.92
  1
B
  7
YAZI-KALIN
 72
1
 11
2372.0
 21
228.0
 31
0.0
100
AcDbText
  0
VIEWPORT
  5
4F
330
1B
100
AcDbEntity
 67
1
  8
VIEWPORTS
100
AcDbViewport
 10
210.0
 20
148.5
 30
0.0
 40
462.00000000000006
 41
326.70000000000005
 68
1
 69
1
 12
210.0
 22
148.5
 13
0.0
 23
0.0
 14
10.0
 24
10.0
 15
10.0
 25
10.0
 16
0.0
 26
0.0
 36
1.0
 17
0.0
 27
0.0
 37
0.0
 42
50.0
 43
0.0
 44
0.0
 45
326.70000000000005
 50
0.0
 51
0.0
 72
100
 90
557088
  1

281
0
 71
0
 74
0
110
0.0
120
0.0
130
0.0
111
1.0
121
0.0
131
0.0
112
0.0
122
1.0
132
0.0
 79
0
146
0.0
282
0
  0
TEXT
  5
748
330
1B
100
AcDbEntity
 67
1
  8
M-GOST-ANTETYAZI
100
AcDbText
 10
24.0
 20
18.0
 30
0.0
 40
2.7359999999999998
  1
1. KAT PLANI · Ö: 1/100
  7
YAZI-KALIN
 11
24.0
 21
18.0
 31
0.0
100
AcDbText
  0
TEXT
  5
749
330
1B
100
AcDbEntity
 67
1
  8
M-GOST-ANTETYAZI
100
AcDbText
 10
24.0
 20
13.0
 30
0.0
 40
1.656
  1
Döşeme kotu +3.20 · Net kullanım alanı 236,90 m² · Brüt 300,00 m²
  7
YAZI
 11
24.0
 21
13.0
 31
0.0
100
AcDbText
  0
HATCH
  5
74A
330
1B
100
AcDbEntity
 67
1
  8
M-GOST-ANTETYAZI
100
AcDbHatch
 10
0.0
 20
0.0
 30
0.0
210
0.0
220
0.0
230
1.0
  2
SOLID
 70
1
 71
0
 91
1
 92
3
 72
0
 73
1
 93
4
 10
230.0
 20
18.19999999999999
 10
240.0
 20
18.19999999999999
 10
240.0
 20
17.0
 10
230.0
 20
17.0
 97
0
 75
1
 76
1
 98
0
  0
LWPOLYLINE
  5
74B
330
1B
100
AcDbEntity
 67
1
  8
M-GOST-ANTETYAZI
100
AcDbPolyline
 90
4
 70
1
 10
230.0
 20
18.19999999999999
 10
240.0
 20
18.19999999999999
 10
240.0
 20
17.0
 10
230.0
 20
17.0
  0
TEXT
  5
74C
330
1B
100
AcDbEntity
 67
1
  8
M-GOST-ANTETYAZI
100
AcDbText
 10
230.0
 20
14.399999999999977
 30
0.0
 40
1.224
  1
0
  7
YAZI
 72
1
 11
230.0
 21
14.399999999999977
 31
0.0
100
AcDbText
  0
LWPOLYLINE
  5
74D
330
1B
100
AcDbEntity
 67
1
  8
M-GOST-ANTETYAZI
100
AcDbPolyline
 90
4
 70
1
 10
240.0
 20
18.19999999999999
 10
250.0
 20
18.19999999999999
 10
250.0
 20
17.0
 10
240.0
 20
17.0
  0
TEXT
  5
74E
330
1B
100
AcDbEntity
 67
1
  8
M-GOST-ANTETYAZI
100
AcDbText
 10
240.0
 20
14.399999999999977
 30
0.0
 40
1.224
  1
1
  7
YAZI
 72
1
 11
240.0
 21
14.399999999999977
 31
0.0
100
AcDbText
  0
HATCH
  5
74F
330
1B
100
AcDbEntity
 67
1
  8
M-GOST-ANTETYAZI
100
AcDbHatch
 10
0.0
 20
0.0
 30
0.0
210
0.0
220
0.0
230
1.0
  2
SOLID
 70
1
 71
0
 91
1
 92
3
 72
0
 73
1
 93
4
 10
250.0
 20
18.19999999999999
 10
260.0
 20
18.19999999999999
 10
260.0
 20
17.0
 10
250.0
 20
17.0
 97
0
 75
1
 76
1
 98
0
  0
LWPOLYLINE
  5
750
330
1B
100
AcDbEntity
 67
1
  8
M-GOST-ANTETYAZI
100
AcDbPolyline
 90
4
 70
1
 10
250.0
 20
18.19999999999999
 10
260.0
 20
18.19999999999999
 10
260.0
 20
17.0
 10
250.0
 20
17.0
  0
TEXT
  5
751
330
1B
100
AcDbEntity
 67
1
  8
M-GOST-ANTETYAZI
100
AcDbText
 10
250.0
 20
14.399999999999977
 30
0.0
 40
1.224
  1
2
  7
YAZI
 72
1
 11
250.0
 21
14.399999999999977
 31
0.0
100
AcDbText
  0
LWPOLYLINE
  5
752
330
1B
100
AcDbEntity
 67
1
  8
M-GOST-ANTETYAZI
100
AcDbPolyline
 90
4
 70
1
 10
260.0
 20
18.19999999999999
 10
270.0
 20
18.19999999999999
 10
270.0
 20
17.0
 10
260.0
 20
17.0
  0
TEXT
  5
753
330
1B
100
AcDbEntity
 67
1
  8
M-GOST-ANTETYAZI
100
AcDbText
 10
260.0
 20
14.399999999999977
 30
0.0
 40
1.224
  1
3
  7
YAZI
 72
1
 11
260.0
 21
14.399999999999977
 31
0.0
100
AcDbText
  0
HATCH
  5
754
330
1B
100
AcDbEntity
 67
1
  8
M-GOST-ANTETYAZI
100
AcDbHatch
 10
0.0
 20
0.0
 30
0.0
210
0.0
220
0.0
230
1.0
  2
SOLID
 70
1
 71
0
 91
1
 92
3
 72
0
 73
1
 93
4
 10
270.0
 20
18.19999999999999
 10
280.0
 20
18.19999999999999
 10
280.0
 20
17.0
 10
270.0
 20
17.0
 97
0
 75
1
 76
1
 98
0
  0
LWPOLYLINE
  5
755
330
1B
100
AcDbEntity
 67
1
  8
M-GOST-ANTETYAZI
100
AcDbPolyline
 90
4
 70
1
 10
270.0
 20
18.19999999999999
 10
280.0
 20
18.19999999999999
 10
280.0
 20
17.0
 10
270.0
 20
17.0
  0
TEXT
  5
756
330
1B
100
AcDbEntity
 67
1
  8
M-GOST-ANTETYAZI
100
AcDbText
 10
270.0
 20
14.399999999999977
 30
0.0
 40
1.224
  1
4
  7
YAZI
 72
1
 11
270.0
 21
14.399999999999977
 31
0.0
100
AcDbText
  0
TEXT
  5
757
330
1B
100
AcDbEntity
 67
1
  8
M-GOST-ANTETYAZI
100
AcDbText
 10
280.0
 20
14.399999999999977
 30
0.0
 40
1.224
  1
5 m
  7
YAZI
 72
1
 11
280.0
 21
14.399999999999977
 31
0.0
100
AcDbText
  0
LWPOLYLINE
  5
759
330
1B
100
AcDbEntity
 67
1
  8
M-GOST-ANTET
100
AcDbPolyline
 90
4
 70
1
 10
10.0
 20
287.0
 10
410.0
 20
287.0
 10
410.0
 20
10.0
 10
10.0
 20
10.0
  0
LWPOLYLINE
  5
75A
330
1B
100
AcDbEntity
 67
1
  8
M-GOST-ANTET
100
AcDbPolyline
 90
4
 70
1
 10
318.0
 20
287.0
 10
410.0
 20
287.0
 10
410.0
 20
10.0
 10
318.0
 20
10.0
  0
TEXT
  5
75B
330
1B
100
AcDbEntity
 67
1
  8
M-GOST-ANTETYAZI
100
AcDbText
 10
322.0
 20
278.0
 30
0.0
 40
3.7439999999999998
  1
DURUNDAY VİLLA
  7
YAZI-KALIN
 11
322.0
 21
278.0
 31
0.0
100
AcDbText
  0
TEXT
  5
75C
330
1B
100
AcDbEntity
 67
1
  8
M-GOST-ANTETYAZI
100
AcDbText
 10
322.0
 20
272.5
 30
0.0
 40
1.8719999999999999
  1
Konya · Meram · Durunday
  7
YAZI
 11
322.0
 21
272.5
 31
0.0
100
AcDbText
  0
TEXT
  5
75D
330
1B
100
AcDbEntity
 67
1
  8
M-GOST-ANTETYAZI
100
AcDbText
 10
322.0
 20
268.0
 30
0.0
 40
1.656
  1
Bodrumlu dubleks müstakil konut · 300 m² oturum
  7
YAZI
 11
322.0
 21
268.0
 31
0.0
100
AcDbText
  0
LINE
  5
75E
330
1B
100
AcDbEntity
 67
1
  8
M-GOST-ANTET
100
AcDbLine
 10
318.0
 20
264.0
 30
0.0
 11
410.0
 21
264.0
 31
0.0
  0
TEXT
  5
75F
330
1B
100
AcDbEntity
 67
1
  8
M-GOST-ANTETYAZI
100
AcDbText
 10
322.0
 20
258.5
 30
0.0
 40
2.016
  1
MİMARİ ÖN PROJE (AVAN)
  7
YAZI-KALIN
 11
322.0
 21
258.5
 31
0.0
100
AcDbText
  0
TEXT
  5
760
330
1B
100
AcDbEntity
 67
1
  8
M-GOST-ANTETYAZI
100
AcDbText
 10
322.0
 20
254.2
 30
0.0
 40
1.512
  1
Ruhsat ve uygulamaya esas değildir
  7
YAZI
 11
322.0
 21
254.2
 31
0.0
100
AcDbText
  0
LINE
  5
761
330
1B
100
AcDbEntity
 67
1
  8
M-GOST-ANTET
100
AcDbLine
 10
318.0
 20
251.0
 30
0.0
 11
410.0
 21
251.0
 31
0.0
  0
TEXT
  5
762
330
1B
100
AcDbEntity
 67
1
  8
M-GOST-ANTETYAZI
100
AcDbText
 10
322.0
 20
246.0
 30
0.0
 40
1.584
  1
LEJANT
  7
YAZI-KALIN
 11
322.0
 21
246.0
 31
0.0
100
AcDbText
  0
HATCH
  5
764
330
1B
100
AcDbEntity
 67
1
  8
M-GOST-LEJANT
100
AcDbHatch
 10
0.0
 20
0.0
 30
0.0
210
0.0
220
0.0
230
1.0
  2
SOLID
 70
1
 71
0
 91
1
 92
3
 72
0
 73
1
 93
4
 10
322.0
 20
245.0
 10
331.0
 20
245.0
 10
331.0
 20
242.4
 10
322.0
 20
242.4
 97
0
 75
1
 76
1
 98
0
  0
TEXT
  5
765
330
1B
100
AcDbEntity
 67
1
  8
M-GOST-ANTETYAZI
100
AcDbText
 10
333.0
 20
242.8
 30
0.0
 40
1.44
  1
Betonarme kolon / perde
  7
YAZI
 11
333.0
 21
242.8
 31
0.0
100
AcDbText
  0
HATCH
  5
766
330
1B
100
AcDbEntity
 67
1
  8
M-GOST-LEJANT
 62
7
100
AcDbHatch
 10
0.0
 20
0.0
 30
0.0
210
0.0
220
0.0
230
1.0
  2
ANSI31
 70
0
 71
0
 91
1
 92
3
 72
0
 73
1
 93
4
 10
322.0
 20
241.4
 10
331.0
 20
241.4
 10
331.0
 20
238.8
 10
322.0
 20
238.8
 97
0
 75
1
 76
1
 52
0.0
 41
0.6
 77
0
 78
1
 53
45.0
 43
0.0
 44
0.0
 45
-1.3470384182
 46
1.3470384182
 79
0
 98
0
  0
LWPOLYLINE
  5
767
330
1B
100
AcDbEntity
 67
1
  8
M-GOST-LEJANT
100
AcDbPolyline
 90
4
 70
1
 10
322.0
 20
241.4
 10
331.0
 20
241.4
 10
331.0
 20
238.8
 10
322.0
 20
238.8
  0
TEXT
  5
768
330
1B
100
AcDbEntity
 67
1
  8
M-GOST-ANTETYAZI
100
AcDbText
 10
333.0
 20
239.2
 30
0.0
 40
1.44
  1
Duvar (gazbeton, 25 / 13,5 cm)
  7
YAZI
 11
333.0
 21
239.2
 31
0.0
100
AcDbText
  0
HATCH
  5
769
330
1B
100
AcDbEntity
 67
1
  8
M-GOST-LEJANT
 62
7
100
AcDbHatch
 10
0.0
 20
0.0
 30
0.0
210
0.0
220
0.0
230
1.0
  2
INSUL
 70
0
 71
0
 91
1
 92
3
 72
0
 73
1
 93
4
 10
322.0
 20
237.8
 10
331.0
 20
237.8
 10
331.0
 20
235.2
 10
322.0
 20
235.2
 97
0
 75
1
 76
1
 52
0.0
 41
0.05
 77
0
 78
3
 53
0.0
 43
0.0
 44
0.0
 45
0.0
 46
0.47625
 79
0
 53
0.0
 43
0.0
 44
0.15875
 45
0.0
 46
0.47625
 79
2
 49
0.15875
 49
-0.15875
 53
0.0
 43
0.0
 44
0.3175
 45
0.0
 46
0.47625
 79
2
 49
0.15875
 49
-0.15875
 98
0
  0
LWPOLYLINE
  5
76A
330
1B
100
AcDbEntity
 67
1
  8
M-GOST-LEJANT
100
AcDbPolyline
 90
4
 70
1
 10
322.0
 20
237.8
 10
331.0
 20
237.8
 10
331.0
 20
235.2
 10
322.0
 20
235.2
  0
TEXT
  5
76B
330
1B
100
AcDbEntity
 67
1
  8
M-GOST-ANTETYAZI
100
AcDbText
 10
333.0
 20
235.6
 30
0.0
 40
1.44
  1
Isı yalıtımı (taşyünü, 8 cm)
  7
YAZI
 11
333.0
 21
235.6
 31
0.0
100
AcDbText
  0
LINE
  5
76C
330
1B
100
AcDbEntity
 67
1
  8
M-GOST-LEJANT
100
AcDbLine
 10
322.0
 20
233.3
 30
0.0
 11
331.0
 21
233.3
 31
0.0
  0
LINE
  5
76D
330
1B
100
AcDbEntity
 67
1
  8
M-GOST-LEJANT
100
AcDbLine
 10
322.0
 20
232.5
 30
0.0
 11
331.0
 21
232.5
 31
0.0
  0
TEXT
  5
76E
330
1B
100
AcDbEntity
 67
1
  8
M-GOST-ANTETYAZI
100
AcDbText
 10
333.0
 20
232.0
 30
0.0
 40
1.44
  1
Cam korkuluk h=110 cm
  7
YAZI
 11
333.0
 21
232.0
 31
0.0
100
AcDbText
  0
HATCH
  5
76F
330
1B
100
AcDbEntity
 67
1
  8
M-GOST-LEJANT
 62
7
100
AcDbHatch
 10
0.0
 20
0.0
 30
0.0
210
0.0
220
0.0
230
1.0
  2
NET
 70
0
 71
0
 91
1
 92
3
 72
0
 73
1
 93
4
 10
322.0
 20
230.60000000000002
 10
331.0
 20
230.60000000000002
 10
331.0
 20
228.0
 10
322.0
 20
228.0
 97
0
 75
1
 76
1
 52
0.0
 41
0.8
 77
0
 78
2
 53
0.0
 43
0.0
 44
0.0
 45
0.0
 46
2.54
 79
0
 53
90.0
 43
0.0
 44
0.0
 45
-2.54
 46
0.0
 79
0
 98
0
  0
LWPOLYLINE
  5
770
330
1B
100
AcDbEntity
 67
1
  8
M-GOST-LEJANT
100
AcDbPolyline
 90
4
 70
1
 10
322.0
 20
230.60000000000002
 10
331.0
 20
230.60000000000002
 10
331.0
 20
228.0
 10
322.0
 20
228.0
  0
TEXT
  5
771
330
1B
100
AcDbEntity
 67
1
  8
M-GOST-ANTETYAZI
100
AcDbText
 10
333.0
 20
228.4
 30
0.0
 40
1.44
  1
Porselen / fayans kaplama
  7
YAZI
 11
333.0
 21
228.4
 31
0.0
100
AcDbText
  0
HATCH
  5
772
330
1B
100
AcDbEntity
 67
1
  8
M-GOST-LEJANT
 62
7
100
AcDbHatch
 10
0.0
 20
0.0
 30
0.0
210
0.0
220
0.0
230
1.0
  2
NET
 70
0
 71
0
 91
1
 92
3
 72
0
 73
1
 93
4
 10
322.0
 20
227.0
 10
331.0
 20
227.0
 10
331.0
 20
224.40000000000003
 10
322.0
 20
224.40000000000003
 97
0
 75
1
 76
1
 52
0.0
 41
1.6
 77
0
 78
2
 53
0.0
 43
0.0
 44
0.0
 45
0.0
 46
5.08
 79
0
 53
90.0
 43
0.0
 44
0.0
 45
-5.08
 46
0.0
 79
0
 98
0
  0
LWPOLYLINE
  5
773
330
1B
100
AcDbEntity
 67
1
  8
M-GOST-LEJANT
100
AcDbPolyline
 90
4
 70
1
 10
322.0
 20
227.0
 10
331.0
 20
227.0
 10
331.0
 20
224.40000000000003
 10
322.0
 20
224.40000000000003
  0
TEXT
  5
774
330
1B
100
AcDbEntity
 67
1
  8
M-GOST-ANTETYAZI
100
AcDbText
 10
333.0
 20
224.8
 30
0.0
 40
1.44
  1
Doğal taş (traverten)
  7
YAZI
 11
333.0
 21
224.8
 31
0.0
100
AcDbText
  0
HATCH
  5
775
330
1B
100
AcDbEntity
 67
1
  8
M-GOST-LEJANT
 62
7
100
AcDbHatch
 10
0.0
 20
0.0
 30
0.0
210
0.0
220
0.0
230
1.0
  2
ANSI31
 70
0
 71
0
 91
1
 92
3
 72
0
 73
1
 93
4
 10
322.0
 20
223.40000000000003
 10
331.0
 20
223.40000000000003
 10
331.0
 20
220.8
 10
322.0
 20
220.8
 97
0
 75
1
 76
1
 52
0.0
 41
0.5
 77
0
 78
1
 53
45.0
 43
0.0
 44
0.0
 45
-1.1225320152
 46
1.1225320152
 79
0
 98
0
  0
LWPOLYLINE
  5
776
330
1B
100
AcDbEntity
 67
1
  8
M-GOST-LEJANT
100
AcDbPolyline
 90
4
 70
1
 10
322.0
 20
223.40000000000003
 10
331.0
 20
223.40000000000003
 10
331.0
 20
220.8
 10
322.0
 20
220.8
  0
TEXT
  5
777
330
1B
100
AcDbEntity
 67
1
  8
M-GOST-ANTETYAZI
100
AcDbText
 10
333.0
 20
221.20000000000002
 30
0.0
 40
1.44
  1
Tesisat şaftı
  7
YAZI
 11
333.0
 21
221.20000000000002
 31
0.0
100
AcDbText
  0
LWPOLYLINE
  5
778
330
1B
100
AcDbEntity
 67
1
  8
M-GOST-ANTET
100
AcDbPolyline
 90
3
 70
1
 10
323.9
 20
219.40000000000003
 10
326.1
 20
219.40000000000003
 10
325.0
 20
217.50000000000003
  0
HATCH
  5
779
330
1B
100
AcDbEntity
 67
1
  8
M-GOST-ANTET
100
AcDbHatch
 10
0.0
 20
0.0
 30
0.0
210
0.0
220
0.0
230
1.0
  2
SOLID
 70
1
 71
0
 91
1
 92
3
 72
0
 73
1
 93
3
 10
323.9
 20
219.40000000000003
 10
325.0
 20
219.40000000000003
 10
325.0
 20
217.50000000000003
 97
0
 75
1
 76
1
 98
0
  0
TEXT
  5
77A
330
1B
100
AcDbEntity
 67
1
  8
M-GOST-ANTETYAZI
100
AcDbText
 10
333.0
 20
217.60000000000002
 30
0.0
 40
1.44
  1
Döşeme kotu (m)
  7
YAZI
 11
333.0
 21
217.60000000000002
 31
0.0
100
AcDbText
  0
CIRCLE
  5
77B
330
1B
100
AcDbEntity
 67
1
  8
M-GOST-LEJANT
100
AcDbCircle
 10
326.5
 20
214.90000000000003
 30
0.0
 40
1.6
  0
TEXT
  5
77C
330
1B
100
AcDbEntity
 67
1
  8
M-GOST-ANTETYAZI
100
AcDbText
 10
326.5
 20
214.20000000000005
 30
0.0
 40
1.296
  1
1
  7
YAZI
 72
1
 11
326.5
 21
214.20000000000005
 31
0.0
100
AcDbText
  0
TEXT
  5
77D
330
1B
100
AcDbEntity
 67
1
  8
M-GOST-ANTETYAZI
100
AcDbText
 10
333.0
 20
214.00000000000003
 30
0.0
 40
1.44
  1
Aks balonu
  7
YAZI
 11
333.0
 21
214.00000000000003
 31
0.0
100
AcDbText
  0
TEXT
  5
77E
330
1B
100
AcDbEntity
 67
1
  8
M-GOST-ANTETYAZI
100
AcDbText
 10
322.0
 20
208.90000000000003
 30
0.0
 40
1.584
  1
NOTLAR
  7
YAZI-KALIN
 11
322.0
 21
208.90000000000003
 31
0.0
100
AcDbText
  0
TEXT
  5
77F
330
1B
100
AcDbEntity
 67
1
  8
M-GOST-ANTETYAZI
100
AcDbText
 10
322.0
 20
205.50000000000003
 30
0.0
 40
1.404
  1
1. Ebeveyn süiti: hol → giyinme odası → yatak odası ve banyo.
  7
YAZI
 11
322.0
 21
205.50000000000003
 31
0.0
100
AcDbText
  0
TEXT
  5
780
330
1B
100
AcDbEntity
 67
1
  8
M-GOST-ANTETYAZI
100
AcDbText
 10
322.0
 20
202.8
 30
0.0
 40
1.404
  1
    Yatak odalarının tamamı hol/giyinme üzerinden girilir, her
  7
YAZI
 11
322.0
 21
202.8
 31
0.0
100
AcDbText
  0
TEXT
  5
781
330
1B
100
AcDbEntity
 67
1
  8
M-GOST-ANTETYAZI
100
AcDbText
 10
322.0
 20
200.10000000000002
 30
0.0
 40
1.404
  1
    birinin kendi banyosu vardır.
  7
YAZI
 11
322.0
 21
200.10000000000002
 31
0.0
100
AcDbText
  0
TEXT
  5
782
330
1B
100
AcDbEntity
 67
1
  8
M-GOST-ANTETYAZI
100
AcDbText
 10
322.0
 20
196.8
 30
0.0
 40
1.404
  1
2. Balkonlar 1,50 m konsoldur (açık çıkma); ısı köprüsü
  7
YAZI
 11
322.0
 21
196.8
 31
0.0
100
AcDbText
  0
TEXT
  5
783
330
1B
100
AcDbEntity
 67
1
  8
M-GOST-ANTETYAZI
100
AcDbText
 10
322.0
 20
194.10000000000002
 30
0.0
 40
1.404
  1
    kesici (Schöck Isokorb) ile döşemeye bağlanır.
  7
YAZI
 11
322.0
 21
194.10000000000002
 31
0.0
100
AcDbText
  0
TEXT
  5
784
330
1B
100
AcDbEntity
 67
1
  8
M-GOST-ANTETYAZI
100
AcDbText
 10
322.0
 20
190.8
 30
0.0
 40
1.404
  1
3. Giriş galerisi zemin kattan 1. kat tavanına kadar çift
  7
YAZI
 11
322.0
 21
190.8
 31
0.0
100
AcDbText
  0
TEXT
  5
785
330
1B
100
AcDbEntity
 67
1
  8
M-GOST-ANTETYAZI
100
AcDbText
 10
322.0
 20
188.10000000000002
 30
0.0
 40
1.404
  1
    yüksekliktir; kuzey cephede tam boy sabit cam.
  7
YAZI
 11
322.0
 21
188.10000000000002
 31
0.0
100
AcDbText
  0
TEXT
  5
786
330
1B
100
AcDbEntity
 67
1
  8
M-GOST-ANTETYAZI
100
AcDbText
 10
322.0
 20
184.8
 30
0.0
 40
1.404
  1
4. Çatı arasına koridordaki katlanır merdivenli kapaktan
  7
YAZI
 11
322.0
 21
184.8
 31
0.0
100
AcDbText
  0
TEXT
  5
787
330
1B
100
AcDbEntity
 67
1
  8
M-GOST-ANTETYAZI
100
AcDbText
 10
322.0
 20
182.10000000000002
 30
0.0
 40
1.404
  1
    çıkılır (yalıtımlı, 70×120).
  7
YAZI
 11
322.0
 21
182.10000000000002
 31
0.0
100
AcDbText
  0
TEXT
  5
788
330
1B
100
AcDbEntity
 67
1
  8
M-GOST-ANTETYAZI
100
AcDbText
 10
322.0
 20
178.8
 30
0.0
 40
1.404
  1
5. Pencere denizlikleri ≥ 90 cm; kapı boyu camlar yalnızca
  7
YAZI
 11
322.0
 21
178.8
 31
0.0
100
AcDbText
  0
TEXT
  5
789
330
1B
100
AcDbEntity
 67
1
  8
M-GOST-ANTETYAZI
100
AcDbText
 10
322.0
 20
176.10000000000002
 30
0.0
 40
1.404
  1
    balkonlara açılır.
  7
YAZI
 11
322.0
 21
176.10000000000002
 31
0.0
100
AcDbText
  0
CIRCLE
  5
78B
330
1B
100
AcDbEntity
 67
1
  8
M-GOST-KUZEYOKU
100
AcDbCircle
 10
398.0
 20
115.0
 30
0.0
 40
6.5
  0
HATCH
  5
78C
330
1B
100
AcDbEntity
 67
1
  8
M-GOST-KUZEYOKU
100
AcDbHatch
 10
0.0
 20
0.0
 30
0.0
210
0.0
220
0.0
230
1.0
  2
SOLID
 70
1
 71
0
 91
1
 92
3
 72
0
 73
1
 93
4
 10
398.0
 20
123.0
 10
400.2
 20
112.5
 10
398.0
 20
113.80000000000001
 10
395.8
 20
112.5
 97
0
 75
1
 76
1
 98
0
  0
LWPOLYLINE
  5
78D
330
1B
100
AcDbEntity
 67
1
  8
M-GOST-KUZEYOKU
100
AcDbPolyline
 90
4
 70
1
 10
398.0
 20
123.0
 10
400.2
 20
112.5
 10
398.0
 20
113.80000000000001
 10
395.8
 20
112.5
  0
TEXT
  5
78E
330
1B
100
AcDbEntity
 67
1
  8
M-GOST-ANTETYAZI
100
AcDbText
 10
398.0
 20
124.30000000000001
 30
0.0
 40
2.16
  1
K
  7
YAZI-KALIN
 72
1
 11
398.0
 21
124.30000000000001
 31
0.0
100
AcDbText
  0
LINE
  5
78F
330
1B
100
AcDbEntity
 67
1
  8
M-GOST-ANTET
100
AcDbLine
 10
318.0
 20
102.0
 30
0.0
 11
410.0
 21
102.0
 31
0.0
  0
TEXT
  5
790
330
1B
100
AcDbEntity
 67
1
  8
M-GOST-ANTETYAZI
100
AcDbText
 10
322.0
 20
97.0
 30
0.0
 40
1.44
  1
REVİZYONLAR
  7
YAZI-KALIN
 11
322.0
 21
97.0
 31
0.0
100
AcDbText
  0
TEXT
  5
791
330
1B
100
AcDbEntity
 67
1
  8
M-GOST-ANTETYAZI
100
AcDbText
 10
322.0
 20
93.0
 30
0.0
 40
1.3679999999999999
  1
R0
  7
YAZI-KALIN
 11
322.0
 21
93.0
 31
0.0
100
AcDbText
  0
TEXT
  5
792
330
1B
100
AcDbEntity
 67
1
  8
M-GOST-ANTETYAZI
100
AcDbText
 10
328.0
 20
93.0
 30
0.0
 40
1.3679999999999999
  1
19.09.2026
  7
YAZI
 11
328.0
 21
93.0
 31
0.0
100
AcDbText
  0
TEXT
  5
793
330
1B
100
AcDbEntity
 67
1
  8
M-GOST-ANTETYAZI
100
AcDbText
 10
345.0
 20
93.0
 30
0.0
 40
1.3679999999999999
  1
İlk yayın
  7
YAZI
 11
345.0
 21
93.0
 31
0.0
100
AcDbText
  0
TEXT
  5
794
330
1B
100
AcDbEntity
 67
1
  8
M-GOST-ANTETYAZI
100
AcDbText
 10
322.0
 20
89.30000000000001
 30
0.0
 40
1.3679999999999999
  1
R1
  7
YAZI-KALIN
 11
322.0
 21
89.30000000000001
 31
0.0
100
AcDbText
  0
TEXT
  5
795
330
1B
100
AcDbEntity
 67
1
  8
M-GOST-ANTETYAZI
100
AcDbText
 10
328.0
 20
89.30000000000001
 30
0.0
 40
1.3679999999999999
  1
21.09.2026
  7
YAZI
 11
328.0
 21
89.30000000000001
 31
0.0
100
AcDbText
  0
TEXT
  5
796
330
1B
100
AcDbEntity
 67
1
  8
M-GOST-ANTETYAZI
100
AcDbText
 10
345.0
 20
89.30000000000001
 30
0.0
 40
1.3679999999999999
  1
Plan kurgusu yeniden düzenlendi; kesit,
  7
YAZI
 11
345.0
 21
89.30000000000001
 31
0.0
100
AcDbText
  0
TEXT
  5
797
330
1B
100
AcDbEntity
 67
1
  8
M-GOST-ANTETYAZI
100
AcDbText
 10
345.0
 20
86.80000000000001
 30
0.0
 40
1.3679999999999999
  1
görünüş, detay ve doğrama listesi eklendi
  7
YAZI
 11
345.0
 21
86.80000000000001
 31
0.0
100
AcDbText
  0
LINE
  5
798
330
1B
100
AcDbEntity
 67
1
  8
M-GOST-ANTET
100
AcDbLine
 10
318.0
 20
76.0
 30
0.0
 11
410.0
 21
76.0
 31
0.0
  0
TEXT
  5
799
330
1B
100
AcDbEntity
 67
1
  8
M-GOST-ANTETYAZI
100
AcDbText
 10
322.0
 20
71.0
 30
0.0
 40
1.3679999999999999
  1
İŞ SAHİBİ
  7
YAZI
 11
322.0
 21
71.0
 31
0.0
100
AcDbText
  0
TEXT
  5
79A
330
1B
100
AcDbEntity
 67
1
  8
M-GOST-ANTETYAZI
100
AcDbText
 10
322.0
 20
66.5
 30
0.0
 40
1.728
  1
—
  7
YAZI
 11
322.0
 21
66.5
 31
0.0
100
AcDbText
  0
TEXT
  5
79B
330
1B
100
AcDbEntity
 67
1
  8
M-GOST-ANTETYAZI
100
AcDbText
 10
366.0
 20
71.0
 30
0.0
 40
1.3679999999999999
  1
HAZIRLAYAN
  7
YAZI
 11
366.0
 21
71.0
 31
0.0
100
AcDbText
  0
TEXT
  5
79C
330
1B
100
AcDbEntity
 67
1
  8
M-GOST-ANTETYAZI
100
AcDbText
 10
366.0
 20
66.5
 30
0.0
 40
1.728
  1
E. Ceran
  7
YAZI
 11
366.0
 21
66.5
 31
0.0
100
AcDbText
  0
LINE
  5
79D
330
1B
100
AcDbEntity
 67
1
  8
M-GOST-ANTET
100
AcDbLine
 10
363.0
 20
76.0
 30
0.0
 11
363.0
 21
62.0
 31
0.0
  0
LINE
  5
79E
330
1B
100
AcDbEntity
 67
1
  8
M-GOST-ANTET
100
AcDbLine
 10
318.0
 20
62.0
 30
0.0
 11
410.0
 21
62.0
 31
0.0
  0
TEXT
  5
79F
330
1B
100
AcDbEntity
 67
1
  8
M-GOST-ANTETYAZI
100
AcDbText
 10
322.0
 20
57.0
 30
0.0
 40
1.3679999999999999
  1
MÜELLİF MİMAR
  7
YAZI
 11
322.0
 21
57.0
 31
0.0
100
AcDbText
  0
TEXT
  5
7A0
330
1B
100
AcDbEntity
 67
1
  8
M-GOST-ANTETYAZI
100
AcDbText
 10
322.0
 20
52.0
 30
0.0
 40
1.44
  1
(ruhsat aşamasında atanacak)
  7
YAZI
 11
322.0
 21
52.0
 31
0.0
100
AcDbText
  0
TEXT
  5
7A1
330
1B
100
AcDbEntity
 67
1
  8
M-GOST-ANTETYAZI
100
AcDbText
 10
366.0
 20
57.0
 30
0.0
 40
1.3679999999999999
  1
İMZA
  7
YAZI
 11
366.0
 21
57.0
 31
0.0
100
AcDbText
  0
LINE
  5
7A2
330
1B
100
AcDbEntity
 67
1
  8
M-GOST-ANTET
100
AcDbLine
 10
363.0
 20
62.0
 30
0.0
 11
363.0
 21
48.0
 31
0.0
  0
LINE
  5
7A3
330
1B
100
AcDbEntity
 67
1
  8
M-GOST-ANTET
100
AcDbLine
 10
318.0
 20
48.0
 30
0.0
 11
410.0
 21
48.0
 31
0.0
  0
TEXT
  5
7A4
330
1B
100
AcDbEntity
 67
1
  8
M-GOST-ANTETYAZI
100
AcDbText
 10
322.0
 20
42.0
 30
0.0
 40
1.3679999999999999
  1
PAFTA ADI
  7
YAZI
 11
322.0
 21
42.0
 31
0.0
100
AcDbText
  0
TEXT
  5
7A5
330
1B
100
AcDbEntity
 67
1
  8
M-GOST-ANTETYAZI
100
AcDbText
 10
322.0
 20
35.0
 30
0.0
 40
3.5999999999999996
  1
1. KAT PLANI
  7
YAZI-KALIN
 11
322.0
 21
35.0
 31
0.0
100
AcDbText
  0
LINE
  5
7A6
330
1B
100
AcDbEntity
 67
1
  8
M-GOST-ANTET
100
AcDbLine
 10
318.0
 20
24.0
 30
0.0
 11
410.0
 21
24.0
 31
0.0
  0
TEXT
  5
7A7
330
1B
100
AcDbEntity
 67
1
  8
M-GOST-ANTETYAZI
100
AcDbText
 10
322.0
 20
19.5
 30
0.0
 40
1.3679999999999999
  1
ÖLÇEK
  7
YAZI
 11
322.0
 21
19.5
 31
0.0
100
AcDbText
  0
TEXT
  5
7A8
330
1B
100
AcDbEntity
 67
1
  8
M-GOST-ANTETYAZI
100
AcDbText
 10
322.0
 20
13.5
 30
0.0
 40
2.592
  1
1/100
  7
YAZI-KALIN
 11
322.0
 21
13.5
 31
0.0
100
AcDbText
  0
TEXT
  5
7A9
330
1B
100
AcDbEntity
 67
1
  8
M-GOST-ANTETYAZI
100
AcDbText
 10
350.0
 20
19.5
 30
0.0
 40
1.3679999999999999
  1
TARİH
  7
YAZI
 11
350.0
 21
19.5
 31
0.0
100
AcDbText
  0
TEXT
  5
7AA
330
1B
100
AcDbEntity
 67
1
  8
M-GOST-ANTETYAZI
100
AcDbText
 10
350.0
 20
13.5
 30
0.0
 40
2.16
  1
21.09.2026
  7
YAZI
 11
350.0
 21
13.5
 31
0.0
100
AcDbText
  0
TEXT
  5
7AB
330
1B
100
AcDbEntity
 67
1
  8
M-GOST-ANTETYAZI
100
AcDbText
 10
380.0
 20
19.5
 30
0.0
 40
1.3679999999999999
  1
PAFTA NO
  7
YAZI
 11
380.0
 21
19.5
 31
0.0
100
AcDbText
  0
TEXT
  5
7AC
330
1B
100
AcDbEntity
 67
1
  8
M-GOST-ANTETYAZI
100
AcDbText
 10
380.0
 20
13.0
 30
0.0
 40
3.7439999999999998
  1
A-04
  7
YAZI-KALIN
 11
380.0
 21
13.0
 31
0.0
100
AcDbText
  0
LINE
  5
7AD
330
1B
100
AcDbEntity
 67
1
  8
M-GOST-ANTET
100
AcDbLine
 10
347.0
 20
24.0
 30
0.0
 11
347.0
 21
10.0
 31
0.0
  0
LINE
  5
7AE
330
1B
100
AcDbEntity
 67
1
  8
M-GOST-ANTET
100
AcDbLine
 10
377.0
 20
24.0
 30
0.0
 11
377.0
 21
10.0
 31
0.0
  0
VIEWPORT
  5
7B0
330
1B
100
AcDbEntity
 67
1
  8
M-GOST-VPORT
100
AcDbViewport
 10
159.65
 20
149.23999999999998
 30
0.0
 40
286.90000000000003
 41
264.32
 68
2
 69
3
 12
976.5
 22
762.3999999999999
 13
0.0
 23
0.0
 14
10.0
 24
10.0
 15
10.0
 25
10.0
 16
0.0
 26
0.0
 36
1.0
 17
0.0
 27
0.0
 37
0.0
 42
50.0
 43
0.0
 44
0.0
 45
2643.2
 50
0.0
 51
0.0
 72
100
 90
0
  1

281
0
 71
0
 74
0
110
0.0
120
0.0
130
0.0
111
1.0
121
0.0
131
0.0
112
0.0
122
1.0
132
0.0
 79
0
146
0.0
282
0
  0
ENDSEC
  0
SECTION
  2
OBJECTS
  0
DICTIONARY
  5
A
330
0
100
AcDbDictionary
280
0
281
1
  3
ACAD_COLOR
350
B
  3
ACAD_GROUP
350
C
  3
ACAD_LAYOUT
350
D
  3
ACAD_MATERIAL
350
E
  3
ACAD_MLEADERSTYLE
350
F
  3
ACAD_MLINESTYLE
350
10
  3
ACAD_PLOTSETTINGS
350
11
  3
ACAD_PLOTSTYLENAME
350
12
  3
ACAD_SCALELIST
350
14
  3
ACAD_TABLESTYLE
350
15
  3
ACAD_VISUALSTYLE
350
16
  3
EZDXF_META
350
2D
  0
DICTIONARY
  5
B
330
A
100
AcDbDictionary
280
0
281
1
  0
DICTIONARY
  5
C
330
A
100
AcDbDictionary
280
0
281
1
  0
DICTIONARY
  5
D
330
A
100
AcDbDictionary
280
0
281
1
  3
Model
350
1A
  3
A-04 1. KAT PLANI
350
1E
  0
DICTIONARY
  5
E
330
A
100
AcDbDictionary
280
0
281
1
  3
ByBlock
350
1F
  3
ByLayer
350
20
  3
Global
350
21
  0
DICTIONARY
  5
F
330
A
100
AcDbDictionary
280
0
281
1
  3
Standard
350
2C
  0
DICTIONARY
  5
10
330
A
100
AcDbDictionary
280
0
281
1
  3
Standard
350
22
  0
DICTIONARY
  5
11
330
A
100
AcDbDictionary
280
0
281
1
  0
ACDBDICTIONARYWDFLT
  5
12
330
A
100
AcDbDictionary
280
0
281
1
  3
Normal
350
13
100
AcDbDictionaryWithDefault
340
13
  0
ACDBPLACEHOLDER
  5
13
330
12
  0
DICTIONARY
  5
14
330
A
100
AcDbDictionary
280
0
281
1
  0
DICTIONARY
  5
15
330
A
100
AcDbDictionary
280
0
281
1
  0
DICTIONARY
  5
16
330
A
100
AcDbDictionary
280
0
281
1
  0
LAYOUT
  5
1A
330
D
100
AcDbPlotSettings
  1

  2
Adobe PDF
  4
A3
  6

 40
7.5
 41
20.0
 42
7.5
 43
20.0
 44
420.0
 45
297.0
 46
0.0
 47
0.0
 48
0.0
 49
0.0
140
0.0
141
0.0
142
1.0
143
1.0
 70
1024
 72
1
 73
0
 74
5
  7

 75
16
 76
0
 77
2
 78
300
147
1.0
148
0.0
149
0.0
100
AcDbLayout
  1
Model
 70
1
 71
0
 10
0.0
 20
0.0
 11
420.0
 21
297.0
 12
0.0
 22
0.0
 32
0.0
 14
1e+20
 24
1e+20
 34
1e+20
 15
-1e+20
 25
-1e+20
 35
-1e+20
146
0.0
 13
0.0
 23
0.0
 33
0.0
 16
1.0
 26
0.0
 36
0.0
 17
0.0
 27
1.0
 37
0.0
 76
1
330
17
  0
LAYOUT
  5
1E
330
D
100
AcDbPlotSettings
  1

  2
DWG to PDF.pc3
  4
ezdxf_(420.00_x_297.00_MM)
  6

 40
0.0
 41
0.0
 42
0.0
 43
0.0
 44
420.0
 45
297.0
 46
0.0
 47
0.0
 48
0.0
 49
0.0
140
0.0
141
0.0
142
1.0
143
1.0
 70
672
 72
1
 73
0
 74
5
  7

 75
16
 76
0
 77
2
 78
300
147
1.0
148
0.0
149
0.0
100
AcDbLayout
  1
A-04 1. KAT PLANI
 70
1
 71
1
 10
-0.0
 20
-0.0
 11
420.0
 21
297.0
 12
0.0
 22
0.0
 32
0.0
 14
1e+20
 24
1e+20
 34
1e+20
 15
-1e+20
 25
-1e+20
 35
-1e+20
146
0.0
 13
0.0
 23
0.0
 33
0.0
 16
1.0
 26
0.0
 36
0.0
 17
0.0
 27
1.0
 37
0.0
 76
1
330
1B
331
4F
  0
MATERIAL
  5
1F
102
{ACAD_REACTORS
330
E
102
}
330
E
100
AcDbMaterial
  1
ByBlock
  2

 70
0
 40
1.0
 71
1
 41
1.0
 91
-1023410177
 42
1.0
 72
1
  3

 73
1
 74
1
 75
1
 44
0.5
 73
0
 45
1.0
 46
1.0
 77
1
  4

 78
1
 79
1
170
1
 48
1.0
171
1
  6

172
1
173
1
174
1
140
1.0
141
1.0
175
1
  7

176
1
177
1
178
1
143
1.0
179
1
  8

270
1
271
1
272
1
145
1.0
146
1.0
273
1
  9

274
1
275
1
276
1
 42
1.0
 72
1
  3

 73
1
 74
1
 75
1
 94
63
  0
MATERIAL
  5
20
102
{ACAD_REACTORS
330
E
102
}
330
E
100
AcDbMaterial
  1
ByLayer
  2

 70
0
 40
1.0
 71
1
 41
1.0
 91
-1023410177
 42
1.0
 72
1
  3

 73
1
 74
1
 75
1
 44
0.5
 73
0
 45
1.0
 46
1.0
 77
1
  4

 78
1
 79
1
170
1
 48
1.0
171
1
  6

172
1
173
1
174
1
140
1.0
141
1.0
175
1
  7

176
1
177
1
178
1
143
1.0
179
1
  8

270
1
271
1
272
1
145
1.0
146
1.0
273
1
  9

274
1
275
1
276
1
 42
1.0
 72
1
  3

 73
1
 74
1
 75
1
 94
63
  0
MATERIAL
  5
21
102
{ACAD_REACTORS
330
E
102
}
330
E
100
AcDbMaterial
  1
Global
  2

 70
0
 40
1.0
 71
1
 41
1.0
 91
-1023410177
 42
1.0
 72
1
  3

 73
1
 74
1
 75
1
 44
0.5
 73
0
 45
1.0
 46
1.0
 77
1
  4

 78
1
 79
1
170
1
 48
1.0
171
1
  6

172
1
173
1
174
1
140
1.0
141
1.0
175
1
  7

176
1
177
1
178
1
143
1.0
179
1
  8

270
1
271
1
272
1
145
1.0
146
1.0
273
1
  9

274
1
275
1
276
1
 42
1.0
 72
1
  3

 73
1
 74
1
 75
1
 94
63
  0
MLINESTYLE
  5
22
102
{ACAD_REACTORS
330
10
102
}
330
10
100
AcDbMlineStyle
  2
Standard
 70
0
  3

 62
256
 51
90.0
 52
90.0
 71
2
 49
0.5
 62
256
  6
BYLAYER
 49
-0.5
 62
256
  6
BYLAYER
  0
MLEADERSTYLE
  5
2C
102
{ACAD_REACTORS
330
F
102
}
330
F
100
AcDbMLeaderStyle
179
2
170
2
171
1
172
0
 90
2
 40
0.0
 41
0.0
173
1
 91
-1056964608
 92
-2
290
1
 42
2.0
291
1
 43
8.0
  3
Standard
 44
4.0
300

342
29
174
1
175
1
176
0
178
1
 93
-1056964608
 45
4.0
292
0
297
0
 46
4.0
 94
-1056964608
 47
1.0
 49
1.0
140
1.0
294
1
141
0.0
177
0
142
1.0
295
0
296
0
143
3.75
271
0
272
9
273
9
  0
DICTIONARY
  5
2D
330
A
100
AcDbDictionary
281
1
  3
CREATED_BY_EZDXF
350
2E
  3
WRITTEN_BY_EZDXF
350
7B3
  0
DICTIONARYVAR
  5
2E
330
2D
100
DictionaryVariables
280
0
  1
1.1.4 @ 2026-09-22T09:32:59.858918+00:00
  0
DICTIONARYVAR
  5
7B3
330
2D
100
DictionaryVariables
280
0
  1
1.1.4 @ 2026-09-22T09:32:59.999453+00:00
  0
ENDSEC
  0
EOF
